,year,state,lean_current,dem_share,lean_prev,rdi_yr_to_election,rdi_election_year_change,inc_midterm_change,inc_has_house,inc_tenure,gdp_yoy,inflation_yoy,unemployment,inc_pres,state_pop,state_evs,inc_party_cand_approval,inc_pres_approval,hlean_prev,hlean_prev2,hlean_prev3,hlean_prev4,dem_hshare_prev,dem_hshare_prev2,dem_hshare_prev3,dem_hshare_prev4,lean_prev2,lean_prev3,lean_prev4,lean_trend,inc_party,inc_candidate,noninc_candidate,rosenstone_dem_new_deal,rosenstone_dem_race,spliced_BPHI_dem,dem_nom_dim1,dem_nom_dim2,dem_lean_current,rosenstone_gop_new_deal,rosenstone_gop_race,spliced_BPHI_gop,gop_nom_dim1,gop_nom_dim2,gop_share,gop_lean_current,dem_evs,spliced_diff_natl_dem_minus_gop,inc_home_state,noninc_home_state,inc_vp_home_state,noninc_vp_home_state,inc_south_bonus,noninc_south_bonus,state_liberalism,rstone_state_ndsw,rstone_state_race,state_nom_dim1,state_nom_dim2,state_citizen_nom,berry_citizen,berry_gov,dem_cfscore,gop_cfscore,mean_cfscore_adj,mean_cfscore_unweighted,mean_cfscore_adj_smooth,mean_cfscore_smooth,mean_cfscore,partisan_lean
0,1948,AL,,,-0.27931,1.07334759127334,1.03297570344329,-0.0669085832482177,0,16,0.0389,0.077,3.8,1,2969.0,11.0,69.0,69.0,-0.4808503603932259,-0.3832573169800469,-0.5188092793110997,-0.4134707191556706,0.9214427482617222,0.9214427482617222,0.9214427482617222,0.9214427482617222,-0.3059799999999999,-0.24616,-0.2655700000000001,-0.03315,0,Truman_1948,Dewey_1948,-0.8261454039306606,-1.0266080528174153,-1.0577821,-0.374,0.014,,0.6052509109010726,0.1080640055597281,0.57784493,,,,,0.0,0.47993717,0,0,0,0,0,0,-0.70041168184003,0.8,1.7,,,,,,,,,,,,,-0.29264499999999993
1,1948,AK,,,,1.07334759127334,1.03297570344329,-0.0669085832482177,0,16,0.0389,0.077,3.8,1,,0.0,69.0,69.0,,,,,,,,,,,,,0,Truman_1948,Dewey_1948,-0.8261454039306606,-1.0266080528174153,-1.0577821,-0.374,0.014,,0.6052509109010726,0.1080640055597281,0.57784493,,,,,0.0,0.47993717,0,0,0,0,0,0,,,,,,,,,,,,,,,,
2,1948,AZ,-0.0273699999999998,0.5510679903730445,-0.0520399999999999,1.07334759127334,1.03297570344329,-0.0669085832482177,0,16,0.0389,0.077,3.8,1,690.0,4.0,69.0,69.0,-0.2264661477768166,-0.1808180841036547,-0.2552913593916633,-0.179898786620044,0.667058535645313,0.667058535645313,0.667058535645313,0.667058535645313,-0.0880999999999999,-0.09719,-0.09556,0.04515,0,Truman_1948,Dewey_1948,-0.8261454039306606,-1.0266080528174153,-1.0577821,-0.374,0.014,0.0273699999999998,0.6052509109010726,0.1080640055597281,0.57784493,,,0.4489320096269554,-0.0273699999999998,4.0,0.47993717,0,0,0,0,0,0,-0.416311365771534,6.9,2.2,,,,,,,,,,,,,-0.0700699999999999
3,1948,AR,-0.22229,0.7459898912360805,-0.16322,1.07334759127334,1.03297570344329,-0.0669085832482177,0,16,0.0389,0.077,3.8,1,1825.0,9.0,69.0,69.0,-0.5396733223221917,-0.4055912740366699,-0.5242731081172565,-0.4273857292856317,0.980265710190688,0.980265710190688,0.980265710190688,0.980265710190688,-0.24017,-0.19625,-0.27797,0.03303,0,Truman_1948,Dewey_1948,-0.8261454039306606,-1.0266080528174153,-1.0577821,-0.374,0.014,0.22229,0.6052509109010726,0.1080640055597281,0.57784493,,,0.2540101087639195,-0.22229,9.0,0.47993717,0,0,0,0,0,0,-1.27685478462211,1.9,2.2,,,,,,,,,,,,,-0.201695
4,1948,CA,0.02135,0.5023454713169798,-0.03017,1.07334759127334,1.03297570344329,-0.0669085832482177,0,16,0.0389,0.077,3.8,1,10064.0,25.0,69.0,69.0,-0.0117728553294532,0.0055380806240923,-0.033076840661853,-0.0399786801933538,0.4523652431979496,0.4523652431979496,0.4523652431979496,0.4523652431979496,-0.0314799999999999,-0.0541399999999999,-0.01814,0.0239699999999999,0,Truman_1948,Dewey_1948,-0.8261454039306606,-1.0266080528174153,-1.0577821,-0.374,0.014,-0.02135,0.6052509109010726,0.1080640055597281,0.57784493,,,0.4976545286830202,0.02135,25.0,0.47993717,0,0,0,1,0,0,1.11704887014624,9.0,9.2,,,,,,,,,,,,,-0.03082499999999995
5,1948,CO,-0.0034899999999999,0.5271931866146484,0.07193,1.07334759127334,1.03297570344329,-0.0669085832482177,0,16,0.0389,0.077,3.8,1,1263.0,6.0,69.0,69.0,-0.0007390084727101,0.0909523137061144,0.0601890932778257,-0.0151736221960305,0.4413313963412065,0.4413313963412065,0.4413313963412065,0.4413313963412065,0.06286,0.00514,0.0219499999999999,0.0667899999999999,0,Truman_1948,Dewey_1948,-0.8261454039306606,-1.0266080528174153,-1.0577821,-0.374,0.014,0.0034899999999999,0.6052509109010726,0.1080640055597281,0.57784493,,,0.4728068133853516,-0.0034899999999999,6.0,0.47993717,0,0,0,0,0,0,0.685554040987444,8.9,10.1,,,,,,,,,,,,,0.067395
6,1948,CT,0.03209,0.4916050268799409,0.0107199999999999,1.07334759127334,1.03297570344329,-0.0669085832482177,0,16,0.0389,0.077,3.8,1,2014.0,8.0,69.0,69.0,0.0170590996408496,0.0021462287526483,-0.0007049481858668,0.0044782576270252,0.4235332882276467,0.4235332882276467,0.4235332882276467,0.4235332882276467,0.0141999999999999,0.04629,0.0974399999999999,-0.0355700000000001,0,Truman_1948,Dewey_1948,-0.8261454039306606,-1.0266080528174153,-1.0577821,-0.374,0.014,-0.03209,0.6052509109010726,0.1080640055597281,0.57784493,,,0.5083949731200591,0.03209,0.0,0.47993717,0,0,0,0,0,0,0.872173969535113,6.0,8.0,,,,,,,,,,,,,0.0124599999999999
7,1948,DC,,,,1.07334759127334,1.03297570344329,-0.0669085832482177,0,16,0.0389,0.077,3.8,1,840.0,0.0,69.0,69.0,,,,,,,,,,,,,0,Truman_1948,Dewey_1948,-0.8261454039306606,-1.0266080528174153,-1.0577821,-0.374,0.014,,0.6052509109010726,0.1080640055597281,0.57784493,,,,,0.0,0.47993717,0,0,0,0,0,0,,,,,,,,,,,,,,,,
8,1948,DE,0.03016,0.49354080392428,-0.00797,1.07334759127334,1.03297570344329,-0.0669085832482177,0,16,0.0389,0.077,3.8,1,312.0,3.0,69.0,69.0,0.004470110495715,0.0131769571032809,0.0147951057712914,0.0169062675639747,0.4361222773727813,0.4361222773727813,0.4361222773727813,0.4361222773727813,0.00164,0.0754599999999999,0.1038499999999999,-0.08343,0,Truman_1948,Dewey_1948,-0.8261454039306606,-1.0266080528174153,-1.0577821,-0.374,0.014,-0.03016,0.6052509109010726,0.1080640055597281,0.57784493,,,0.50645919607572,0.03016,0.0,0.47993717,0,0,0,0,0,0,-1.14535660820767,4.1,5.6,,,,,,,,,,,,,-0.003165
9,1948,FL,-0.06838,0.5920784096349114,-0.1654999999999999,1.07334759127334,1.03297570344329,-0.0669085832482177,0,16,0.0389,0.077,3.8,1,2578.0,8.0,69.0,69.0,-0.3685620110220762,-0.4816515230986592,-0.4062825487746476,-0.3306057609269307,0.8091543988905726,0.8091543988905726,0.8091543988905726,0.8091543988905726,-0.1901399999999999,-0.1364199999999999,-0.15742,-0.0290799999999999,0,Truman_1948,Dewey_1948,-0.8261454039306606,-1.0266080528174153,-1.0577821,-0.374,0.014,0.06838,0.6052509109010726,0.1080640055597281,0.57784493,,,0.4079215903650885,-0.06838,8.0,0.47993717,0,0,0,0,0,0,-1.1950285214014,4.1,5.3,,,,,,,,,,,,,-0.1778199999999999
10,1948,GA,-0.2448399999999999,0.7685407907960777,-0.27974,1.07334759127334,1.03297570344329,-0.0669085832482177,0,16,0.0389,0.077,3.8,1,3259.0,12.0,69.0,69.0,-0.5594076121315037,-0.4816515230986592,-0.5242731081172565,,1.0,1.0,1.0,1.0,-0.3011999999999999,-0.2490599999999999,-0.3303,-0.03068,0,Truman_1948,Dewey_1948,-0.8261454039306606,-1.0266080528174153,-1.0577821,-0.374,0.014,0.2448399999999999,0.6052509109010726,0.1080640055597281,0.57784493,,,0.2314592092039222,-0.2448399999999999,12.0,0.47993717,0,0,0,0,0,0,-1.39871870879905,1.2,2.5,,,,,,,,,,,,,-0.29046999999999995
11,1948,HI,,,,1.07334759127334,1.03297570344329,-0.0669085832482177,0,16,0.0389,0.077,3.8,1,,0.0,69.0,69.0,,,,,,,,,,,,,0,Truman_1948,Dewey_1948,-0.8261454039306606,-1.0266080528174153,-1.0577821,-0.374,0.014,,0.6052509109010726,0.1080640055597281,0.57784493,,,,,0.0,0.47993717,0,0,0,0,0,0,,,,,,,,,,,,,,,,
12,1948,ID,0.00968,0.5140173493422187,0.02024,1.07334759127334,1.03297570344329,-0.0669085832482177,0,16,0.0389,0.077,3.8,1,551.0,4.0,69.0,69.0,0.0056677802984855,0.0034968434623992,-0.0119028079456683,-0.003171288181888,0.4349246075700108,0.4349246075700108,0.4349246075700108,0.4349246075700108,0.00459,-0.03025,-0.01371,0.05049,0,Truman_1948,Dewey_1948,-0.8261454039306606,-1.0266080528174153,-1.0577821,-0.374,0.014,-0.00968,0.6052509109010726,0.1080640055597281,0.57784493,,,0.4859826506577813,0.00968,4.0,0.47993717,0,0,0,0,0,0,-0.0772241839127941,9.6,7.9,,,,,,,,,,,,,0.012415
13,1948,IL,0.01945,0.5042484259892644,0.0202999999999999,1.07334759127334,1.03297570344329,-0.0669085832482177,0,16,0.0389,0.077,3.8,1,8552.0,28.0,69.0,69.0,-0.0059610473943301,-0.0064690472657058,-0.0092359261253852,0.0436405158428799,0.4465534352628265,0.4465534352628265,0.4465534352628265,0.4465534352628265,0.03777,0.0321,0.0236899999999999,-0.0118,0,Truman_1948,Dewey_1948,-0.8261454039306606,-1.0266080528174153,-1.0577821,-0.374,0.014,-0.01945,0.6052509109010726,0.1080640055597281,0.57784493,,,0.4957515740107355,0.01945,28.0,0.47993717,0,0,0,0,0,0,0.914103510427331,6.3,8.3,,,,,,,,,,,,,0.02903499999999995
14,1948,IN,0.02777,0.4959340958873162,0.0662499999999999,1.07334759127334,1.03297570344329,-0.0669085832482177,0,16,0.0389,0.077,3.8,1,3877.0,13.0,69.0,69.0,-0.0072554393819682,0.0505553645710388,0.0304553882153187,0.0407553244603867,0.4478478272504645,0.4478478272504645,0.4478478272504645,0.4478478272504645,0.05716,0.04974,0.0314399999999999,0.0165099999999999,0,Truman_1948,Dewey_1948,-0.8261454039306606,-1.0266080528174153,-1.0577821,-0.374,0.014,-0.02777,0.6052509109010726,0.1080640055597281,0.57784493,,,0.5040659041126838,0.02777,0.0,0.47993717,0,0,0,0,0,0,-0.0311001893937308,3.2,9.2,,,,,,,,,,,,,0.061704999999999954
15,1948,IA,0.00975,0.5139522116336317,0.0603699999999999,1.07334759127334,1.03297570344329,-0.0669085832482177,0,16,0.0389,0.077,3.8,1,2543.0,10.0,69.0,69.0,0.0560991404665898,0.0860464346254711,0.094676454326965,0.0790626616789391,0.3844932474019065,0.3844932474019065,0.3844932474019065,0.3844932474019065,0.07211,0.06428,0.0008299999999999,-0.00391,0,Truman_1948,Dewey_1948,-0.8261454039306606,-1.0266080528174153,-1.0577821,-0.374,0.014,-0.00975,0.6052509109010726,0.1080640055597281,0.57784493,,,0.4860477883663683,0.00975,10.0,0.47993717,0,0,0,0,0,0,-0.139074522744384,6.0,11.0,,,,,,,,,,,,,0.06623999999999995
16,1948,KS,0.0696,0.4541016670946562,0.14372,1.07334759127334,1.03297570344329,-0.0669085832482177,0,16,0.0389,0.077,3.8,1,1892.0,8.0,69.0,69.0,0.036136435125168,0.1482078308230985,0.0813732341366183,0.1082910867403463,0.4044559527433283,0.4044559527433283,0.4044559527433283,0.4044559527433283,0.12287,0.0858299999999999,0.0432099999999999,0.05789,0,Truman_1948,Dewey_1948,-0.8261454039306606,-1.0266080528174153,-1.0577821,-0.374,0.014,-0.0696,0.6052509109010726,0.1080640055597281,0.57784493,,,0.5458983329053437,0.0696,0.0,0.47993717,0,0,0,0,0,0,0.110404951187432,7.2,8.8,,,,,,,,,,,,,0.133295
17,1948,KY,-0.0539899999999999,0.5776926256797934,-0.00858,1.07334759127334,1.03297570344329,-0.0669085832482177,0,16,0.0389,0.077,3.8,1,2817.0,11.0,69.0,69.0,-0.0729888185378704,-0.0281516258354154,-0.0890823255574905,-0.0287636944114296,0.5135812064063668,0.5135812064063668,0.5135812064063668,0.5135812064063668,-0.0258799999999999,0.0300899999999999,-0.00379,-0.0386699999999999,0,Truman_1948,Dewey_1948,-0.8261454039306606,-1.0266080528174153,-1.0577821,-0.374,0.014,0.0539899999999999,0.6052509109010726,0.1080640055597281,0.57784493,,,0.4223073743202066,-0.0539899999999999,11.0,0.47993717,0,0,1,0,0,0,-0.625278070904637,3.3,6.8,,,,,,,,,,,,,-0.01722999999999995
18,1948,LA,-0.12866,0.6523605150214592,-0.26831,1.07334759127334,1.03297570344329,-0.0669085832482177,0,16,0.0389,0.077,3.8,1,2596.0,10.0,69.0,69.0,-0.5059255209882989,-0.4816515230986592,-0.5242731081172565,-0.4250770597039481,0.9465179088567952,0.9465179088567952,0.9465179088567952,0.9465179088567952,-0.30909,-0.26385,-0.33823,-0.00446,0,Truman_1948,Dewey_1948,-0.8261454039306606,-1.0266080528174153,-1.0577821,-0.374,0.014,0.12866,0.6052509109010726,0.1080640055597281,0.57784493,,,0.3476394849785408,-0.12866,10.0,0.47993717,0,0,0,0,0,0,-0.161514221373261,5.0,2.0,,,,,,,,,,,,,-0.28869999999999996
19,1948,ME,0.09678,0.4269158878504673,0.06274,1.07334759127334,1.03297570344329,-0.0669085832482177,0,16,0.0389,0.077,3.8,1,878.0,5.0,69.0,69.0,0.0740663961784912,0.2253026590084196,0.1716633570875109,0.1775930888660619,0.3665259916900051,0.3665259916900051,0.3665259916900051,0.3665259916900051,0.06166,0.19654,0.1553099999999999,-0.1337999999999999,0,Truman_1948,Dewey_1948,-0.8261454039306606,-1.0266080528174153,-1.0577821,-0.374,0.014,-0.09678,0.6052509109010726,0.1080640055597281,0.57784493,,,0.5730841121495327,0.09678,0.0,0.47993717,0,0,0,0,0,0,-0.058676488043223,9.5,7.8,,,,,,,,,,,,,0.062200000000000005
20,1948,MD,0.03083,0.4928672796236249,0.01922,1.07334759127334,1.03297570344329,-0.0669085832482177,0,16,0.0389,0.077,3.8,1,2271.0,8.0,69.0,69.0,-0.0818012541851944,-0.0457191565977698,-0.0869446013782006,-0.0779115979736085,0.5223936420536908,0.5223936420536908,0.5223936420536908,0.5223936420536908,-0.0379199999999999,-0.0027899999999999,-0.03903,0.0220099999999999,0,Truman_1948,Dewey_1948,-0.8261454039306606,-1.0266080528174153,-1.0577821,-0.374,0.014,-0.03083,0.6052509109010726,0.1080640055597281,0.57784493,,,0.5071327203763751,0.03083,0.0,0.47993717,0,0,0,0,0,0,-0.169363412627905,6.1,6.4,,,,,,,,,,,,,-0.009349999999999949
21,1948,MA,-0.0351099999999999,0.5588062632753045,0.0086199999999999,1.07334759127334,1.03297570344329,-0.0669085832482177,0,16,0.0389,0.077,3.8,1,4674.0,16.0,69.0,69.0,-0.0226237613247546,0.048493374903722,0.0141058691845221,0.0570238614925491,0.463216149193251,0.463216149193251,0.463216149193251,0.463216149193251,0.01607,0.07369,0.07094,-0.06507,0,Truman_1948,Dewey_1948,-0.8261454039306606,-1.0266080528174153,-1.0577821,-0.374,0.014,0.0351099999999999,0.6052509109010726,0.1080640055597281,0.57784493,,,0.4411937367246955,-0.0351099999999999,16.0,0.47993717,0,0,0,0,0,0,1.26241393003115,9.9,8.5,,,,,,,,,,,,,0.01234499999999995
22,1948,MI,0.03231,0.491394157713623,0.03261,1.07334759127334,1.03297570344329,-0.0669085832482177,0,16,0.0389,0.077,3.8,1,6213.0,19.0,69.0,69.0,0.0522229585647764,0.0412315596860449,0.0166345904916482,0.0427529721748439,0.3883694293037198,0.3883694293037198,0.3883694293037198,0.3883694293037198,0.05167,0.0322,0.0505999999999999,0.00041,0,Truman_1948,Dewey_1948,-0.8261454039306606,-1.0266080528174153,-1.0577821,-0.374,0.014,-0.03231,0.6052509109010726,0.1080640055597281,0.57784493,,,0.508605842286377,0.03231,0.0,0.47993717,0,0,0,0,0,0,0.615788720846841,6.7,8.5,,,,,,,,,,,,,0.04214
23,1948,MN,-0.0652599999999999,0.5889648244110275,0.0097899999999999,1.07334759127334,1.03297570344329,-0.0669085832482177,0,16,0.0389,0.077,3.8,1,2868.0,11.0,69.0,69.0,0.4405923878684963,0.1087176587179824,0.2187082021007326,0.2404288928753581,0.0,0.0,0.0,0.0,0.03068,-0.04144,-0.03126,0.05123,0,Truman_1948,Dewey_1948,-0.8261454039306606,-1.0266080528174153,-1.0577821,-0.374,0.014,0.0652599999999999,0.6052509109010726,0.1080640055597281,0.57784493,,,0.4110351755889725,-0.0652599999999999,11.0,0.47993717,0,0,0,0,0,0,0.338518001368553,6.5,9.2,,,,,,,,,,,,,0.020234999999999947
24,1948,MS,-0.2698499999999999,0.7935481229786712,-0.3978399999999999,1.07334759127334,1.03297570344329,-0.0669085832482177,0,16,0.0389,0.077,3.8,1,2076.0,9.0,69.0,69.0,-0.5594076121315037,-0.4480616615282222,-0.5242731081172565,-0.4684789173932369,1.0,1.0,1.0,1.0,-0.4080699999999999,-0.34797,-0.37287,-0.0498699999999999,0,Truman_1948,Dewey_1948,-0.8261454039306606,-1.0266080528174153,-1.0577821,-0.374,0.014,0.2698499999999999,0.6052509109010726,0.1080640055597281,0.57784493,,,0.2064518770213288,-0.2698499999999999,9.0,0.47993717,0,0,0,0,0,0,-1.36091527536428,2.3,0.0,,,,,,,,,,,,,-0.4029549999999999
25,1948,MO,-0.0596999999999999,0.5834023381503147,0.0229899999999999,1.07334759127334,1.03297570344329,-0.0669085832482177,0,16,0.0389,0.077,3.8,1,3844.0,15.0,69.0,69.0,-0.0372614345884114,-0.0063636299520335,-0.0086365055376293,0.0076699843826808,0.4778538224569078,0.4778538224569078,0.4778538224569078,0.4778538224569078,0.0261,0.01036,-0.05337,0.0126299999999999,0,Truman_1948,Dewey_1948,-0.8261454039306606,-1.0266080528174153,-1.0577821,-0.374,0.014,0.0596999999999999,0.6052509109010726,0.1080640055597281,0.57784493,,,0.4165976618496853,-0.0596999999999999,15.0,0.47993717,1,0,0,0,0,0,-0.685248602475887,4.3,,,,,,,,,,,,,,0.02454499999999995
26,1948,MT,-0.0279599999999999,0.5516607132101872,-0.00939,1.07334759127334,1.03297570344329,-0.0669085832482177,0,16,0.0389,0.077,3.8,1,542.0,4.0,69.0,69.0,-0.0664885368846674,-0.0854726672877639,-0.0829994633391101,-0.0194492678537827,0.5070809247531638,0.5070809247531638,0.5070809247531638,0.5070809247531638,-0.0440099999999999,-0.09062,-0.02832,0.08123,0,Truman_1948,Dewey_1948,-0.8261454039306606,-1.0266080528174153,-1.0577821,-0.374,0.014,0.0279599999999999,0.6052509109010726,0.1080640055597281,0.57784493,,,0.4483392867898128,-0.0279599999999999,4.0,0.47993717,0,0,0,0,0,0,-0.027823182344504,9.5,5.5,,,,,,,,,,,,,-0.026699999999999953
27,1948,NE,0.06523,0.4584723247685294,0.1235399999999999,1.07334759127334,1.03297570344329,-0.0669085832482177,0,16,0.0389,0.077,3.8,1,1265.0,6.0,69.0,69.0,0.1173766285213689,0.1882875621796886,0.1266332550912183,0.1115250540779242,0.3232157593471274,0.3232157593471274,0.3232157593471274,0.3232157593471274,0.12187,0.0407899999999999,-0.04943,0.0827499999999999,0,Truman_1948,Dewey_1948,-0.8261454039306606,-1.0266080528174153,-1.0577821,-0.374,0.014,-0.06523,0.6052509109010726,0.1080640055597281,0.57784493,,,0.5415276752314706,0.06523,0.0,0.47993717,0,0,0,0,0,0,-0.33064892437605,3.7,10.6,,,,,,,,,,,,,0.12270499999999995
28,1948,NV,0.0077600000000001,0.515944466429231,-0.0084699999999999,1.07334759127334,1.03297570344329,-0.0669085832482177,0,16,0.0389,0.077,3.8,1,156.0,3.0,69.0,69.0,0.029070959005796,-0.1125319150281582,-0.0599911004501413,-0.1131731987159027,0.4115214288627003,0.4115214288627003,0.4115214288627003,0.4115214288627003,-0.0507599999999999,-0.1035199999999999,-0.1026,0.0950499999999999,0,Truman_1948,Dewey_1948,-0.8261454039306606,-1.0266080528174153,-1.0577821,-0.374,0.014,-0.0077600000000001,0.6052509109010726,0.1080640055597281,0.57784493,,,0.484055533570769,0.0077600000000001,3.0,0.47993717,0,0,0,0,0,0,-0.486231396029414,4.3,8.3,,,,,,,,,,,,,-0.029614999999999902
29,1948,NH,0.05271,0.4709892103587534,0.01651,1.07334759127334,1.03297570344329,-0.0669085832482177,0,16,0.0389,0.077,3.8,1,520.0,4.0,69.0,69.0,0.0604736606815472,0.0439331546113237,0.0262590814932162,0.0515526628566187,0.3801187271869491,0.3801187271869491,0.3801187271869491,0.3801187271869491,0.01779,0.1156,0.0987099999999999,-0.09909,0,Truman_1948,Dewey_1948,-0.8261454039306606,-1.0266080528174153,-1.0577821,-0.374,0.014,-0.05271,0.6052509109010726,0.1080640055597281,0.57784493,,,0.5290107896412466,0.05271,0.0,0.47993717,0,0,0,0,0,0,0.183566249043703,9.2,8.5,,,,,,,,,,,,,0.01715
30,1948,NJ,0.04653,0.4771741557376481,0.03093,1.07334759127334,1.03297570344329,-0.0669085832482177,0,16,0.0389,0.077,3.8,1,4774.0,16.0,69.0,69.0,0.0359843501579411,0.0527838265816442,0.018615827679287,0.0610168431994078,0.4046080377105552,0.4046080377105552,0.4046080377105552,0.4046080377105552,0.03176,0.0238099999999999,0.0816899999999999,0.00712,0,Truman_1948,Dewey_1948,-0.8261454039306606,-1.0266080528174153,-1.0577821,-0.374,0.014,-0.04653,0.6052509109010726,0.1080640055597281,0.57784493,,,0.5228258442623519,0.04653,0.0,0.47993717,0,0,0,0,0,0,1.00038693816285,6.5,8.3,,,,,,,,,,,,,0.031345
31,1948,NM,-0.0440199999999999,0.5677219312364413,0.00256,1.07334759127334,1.03297570344329,-0.0669085832482177,0,16,0.0389,0.077,3.8,1,604.0,4.0,69.0,69.0,-0.0838314362060319,-0.0368084974703267,-0.104515541751146,-0.0559665898652685,0.5244238240745283,0.5244238240745283,0.5244238240745283,0.5244238240745283,-0.0166199999999999,-0.0074999999999999,-0.04538,0.0100599999999999,0,Truman_1948,Dewey_1948,-0.8261454039306606,-1.0266080528174153,-1.0577821,-0.374,0.014,0.0440199999999999,0.6052509109010726,0.1080640055597281,0.57784493,,,0.4322780687635587,-0.0440199999999999,4.0,0.47993717,0,0,0,0,0,0,-0.206877805784586,7.7,3.0,,,,,,,,,,,,,-0.0070299999999999495
32,1948,NY,0.02912,0.4945779202816681,0.01258,1.07334759127334,1.03297570344329,-0.0669085832482177,0,16,0.0389,0.077,3.8,1,14497.0,47.0,69.0,69.0,0.0468213333893531,0.0500122404722465,0.0236874981928731,0.0264657934613524,0.3937710544791432,0.3937710544791432,0.3937710544791432,0.3937710544791432,0.0321299999999999,0.0229399999999999,0.02476,-0.0103599999999999,0,Truman_1948,Dewey_1948,-0.8261454039306606,-1.0266080528174153,-1.0577821,-0.374,0.014,-0.02912,0.6052509109010726,0.1080640055597281,0.57784493,,,0.5054220797183319,0.02912,0.0,0.47993717,0,1,0,0,0,0,1.45940504106547,8.9,8.3,,,,,,,,,,,,,0.02235499999999995
33,1948,NC,-0.1159899999999999,0.6396922142238052,-0.12939,1.07334759127334,1.03297570344329,-0.0669085832482177,0,16,0.0389,0.077,3.8,1,3837.0,14.0,69.0,69.0,-0.1725497502848884,-0.1772675550964377,-0.2515299804362326,-0.2231866393541612,0.6131421381533848,0.6131421381533848,0.6131421381533848,0.6131421381533848,-0.1903099999999999,-0.1094399999999999,-0.11337,-0.01995,0,Truman_1948,Dewey_1948,-0.8261454039306606,-1.0266080528174153,-1.0577821,-0.374,0.014,0.1159899999999999,0.6052509109010726,0.1080640055597281,0.57784493,,,0.3603077857761948,-0.1159899999999999,14.0,0.47993717,0,0,0,0,0,0,-0.879698927035421,0.3,2.2,,,,,,,,,,,,,-0.15984999999999994
34,1948,ND,0.06951,0.4541907836416988,0.0797899999999999,1.07334759127334,1.03297570344329,-0.0669085832482177,0,16,0.0389,0.077,3.8,1,580.0,4.0,69.0,69.0,0.1835061213330518,0.2468820762925284,0.2335241710911653,0.203365399152482,0.2570862665354445,0.2570862665354445,0.2570862665354445,0.2570862665354445,0.10483,-0.0670399999999999,-0.12156,0.1468299999999999,0,Truman_1948,Dewey_1948,-0.8261454039306606,-1.0266080528174153,-1.0577821,-0.374,0.014,-0.06951,0.6052509109010726,0.1080640055597281,0.57784493,,,0.5458092163583013,0.06951,0.0,0.47993717,0,0,0,0,0,0,-0.18140665415889,7.9,5.5,,,,,,,,,,,,,0.09230999999999995
35,1948,OH,0.0224700000000001,0.5012259895289765,0.0395699999999999,1.07334759127334,1.03297570344329,-0.0669085832482177,0,16,0.0389,0.077,3.8,1,7876.0,25.0,69.0,69.0,0.0357855814433068,0.0493165627730254,0.0443137240212407,0.0243556412778473,0.4048068064251895,0.4048068064251895,0.4048068064251895,0.4048068064251895,0.02796,0.0168599999999999,0.0767899999999999,0.02271,0,Truman_1948,Dewey_1948,-0.8261454039306606,-1.0266080528174153,-1.0577821,-0.374,0.014,-0.0224700000000001,0.6052509109010726,0.1080640055597281,0.57784493,,,0.4987740104710235,0.0224700000000001,25.0,0.47993717,0,0,0,0,0,0,0.541700498261431,4.4,8.8,,,,,,,,,,,,,0.03376499999999995
36,1948,OK,-0.1037699999999999,0.6274703817494204,-0.0192099999999999,1.07334759127334,1.03297570344329,-0.0669085832482177,0,16,0.0389,0.077,3.8,1,2089.0,10.0,69.0,69.0,-0.1445431302045763,-0.0685733282192979,-0.1021367197299149,-0.129919516046796,0.5851355180730727,0.5851355180730727,0.5851355180730727,0.5851355180730727,-0.0261899999999999,-0.0469399999999999,-0.1414699999999999,0.02773,0,Truman_1948,Dewey_1948,-0.8261454039306606,-1.0266080528174153,-1.0577821,-0.374,0.014,0.1037699999999999,0.6052509109010726,0.1080640055597281,0.57784493,,,0.3725296182505796,-0.1037699999999999,10.0,0.47993717,0,0,0,0,0,0,-0.467051833949981,4.8,4.1,,,,,,,,,,,,,-0.0226999999999999
37,1948,OR,0.04131,0.4823857109697233,0.01319,1.07334759127334,1.03297570344329,-0.0669085832482177,0,16,0.0389,0.077,3.8,1,1405.0,6.0,69.0,69.0,0.088986845095018,0.1334036030550756,0.0577084051973653,0.1129254595227131,0.3516055427734783,0.3516055427734783,0.3516055427734783,0.3516055427734783,0.00935,-0.0603599999999999,-0.01976,0.07355,0,Truman_1948,Dewey_1948,-0.8261454039306606,-1.0266080528174153,-1.0577821,-0.374,0.014,-0.04131,0.6052509109010726,0.1080640055597281,0.57784493,,,0.5176142890302766,0.04131,0.0,0.47993717,0,0,0,0,0,0,0.311201384527844,9.2,9.8,,,,,,,,,,,,,0.01127
38,1948,PA,0.04419,0.4795093775746499,0.02378,1.07334759127334,1.03297570344329,-0.0669085832482177,0,16,0.0389,0.077,3.8,1,10287.0,35.0,69.0,69.0,0.0193904915090082,0.011221359885005,0.0274913648481311,0.0104851865903379,0.421201896359488,0.421201896359488,0.421201896359488,0.421201896359488,0.01538,0.04249,0.1201499999999999,-0.01871,0,Truman_1948,Dewey_1948,-0.8261454039306606,-1.0266080528174153,-1.0577821,-0.374,0.014,-0.04419,0.6052509109010726,0.1080640055597281,0.57784493,,,0.52049062242535,0.04419,0.0,0.47993717,0,0,0,0,0,0,0.807381330290671,4.3,8.9,,,,,,,,,,,,,0.01958
39,1948,RI,-0.0578799999999999,0.581579733947979,-0.0490399999999999,1.07334759127334,1.03297570344329,-0.0669085832482177,0,16,0.0389,0.077,3.8,1,787.0,4.0,69.0,69.0,-0.106778250330748,-0.0792352372062165,-0.1064288789410802,-0.0248515747465708,0.5473706381992444,0.5473706381992444,0.5473706381992444,0.5473706381992444,-0.0178399999999999,0.0553,0.0316499999999999,-0.1043399999999999,0,Truman_1948,Dewey_1948,-0.8261454039306606,-1.0266080528174153,-1.0577821,-0.374,0.014,0.0578799999999999,0.6052509109010726,0.1080640055597281,0.57784493,,,0.418420266052021,-0.0578799999999999,4.0,0.47993717,0,0,0,0,0,0,0.868439165773064,8.2,7.1,,,,,,,,,,,,,-0.0334399999999999
40,1948,SC,-0.3409999999999999,0.8647039614157602,-0.41384,1.07334759127334,1.03297570344329,-0.0669085832482177,0,16,0.0389,0.077,3.8,1,1996.0,8.0,69.0,69.0,-0.5501943286786879,-0.4810576334677261,-0.5242731081172565,-0.4527450768905152,0.9907867165471844,0.9907867165471844,0.9907867165471844,0.9907867165471844,-0.4063299999999999,-0.3611799999999999,-0.38955,-0.05266,0,Truman_1948,Dewey_1948,-0.8261454039306606,-1.0266080528174153,-1.0577821,-0.374,0.014,0.3409999999999999,0.6052509109010726,0.1080640055597281,0.57784493,,,0.1352960385842397,-0.3409999999999999,8.0,0.47993717,0,0,0,0,0,0,-0.924932461009726,2.6,0.3,,,,,,,,,,,,,-0.4100849999999999
41,1948,SD,0.04796,0.4757424061074629,0.12102,1.07334759127334,1.03297570344329,-0.0669085832482177,0,16,0.0389,0.077,3.8,1,612.0,4.0,69.0,69.0,0.0839446949371187,0.1691403019374446,0.1032399202751504,0.1425255768984767,0.3566476929313776,0.3566476929313776,0.3566476929313776,0.3566476929313776,0.12409,0.06486,-0.0575999999999999,0.0561599999999999,0,Truman_1948,Dewey_1948,-0.8261454039306606,-1.0266080528174153,-1.0577821,-0.374,0.014,-0.04796,0.6052509109010726,0.1080640055597281,0.57784493,,,0.5242575938925371,0.04796,0.0,0.47993717,0,0,0,0,0,0,-0.620622097484282,5.5,4.3,,,,,,,,,,,,,0.122555
42,1948,TN,-0.0475899999999999,0.5712927515655503,-0.06874,1.07334759127334,1.03297570344329,-0.0669085832482177,0,16,0.0389,0.077,3.8,1,3216.0,12.0,69.0,69.0,-0.2425449497480071,-0.1459865285062844,-0.1852494295359061,-0.1970390590786777,0.6831373376165035,0.6831373376165035,0.6831373376165035,0.6831373376165035,-0.1251799999999999,-0.06672,-0.08033,-0.00202,0,Truman_1948,Dewey_1948,-0.8261454039306606,-1.0266080528174153,-1.0577821,-0.374,0.014,0.0475899999999999,0.6052509109010726,0.1080640055597281,0.57784493,,,0.4287072484344497,-0.0475899999999999,12.0,0.47993717,0,0,0,0,0,0,-1.03801205057604,3.0,5.0,,,,,,,,,,,,,-0.09695999999999995
43,1948,TX,-0.2071999999999999,0.7308978790496071,-0.2733,1.07334759127334,1.03297570344329,-0.0669085832482177,0,16,0.0389,0.077,3.8,1,7626.0,23.0,69.0,69.0,-0.5105589781850102,-0.4226867955178751,-0.5242731081172565,-0.4443911057697086,0.9511513660535064,0.9511513660535064,0.9511513660535064,0.9511513660535064,-0.2605499999999999,-0.25154,-0.2943800000000001,-0.02176,0,Truman_1948,Dewey_1948,-0.8261454039306606,-1.0266080528174153,-1.0577821,-0.374,0.014,0.2071999999999999,0.6052509109010726,0.1080640055597281,0.57784493,,,0.2691021209503929,-0.2071999999999999,23.0,0.47993717,0,0,0,0,0,0,-0.684333810810242,2.2,4.3,,,,,,,,,,,,,-0.26692499999999997
44,1948,UT,-0.0215399999999998,0.5452362065120836,-0.0675,1.07334759127334,1.03297570344329,-0.0669085832482177,0,16,0.0389,0.077,3.8,1,653.0,4.0,69.0,69.0,-0.0449542634087571,-0.0854729183611137,-0.055101133341021,-0.0707892477169451,0.4855466512772535,0.4855466512772535,0.4855466512772535,0.4855466512772535,-0.0735199999999999,-0.07491,0.0122099999999999,0.00741,0,Truman_1948,Dewey_1948,-0.8261454039306606,-1.0266080528174153,-1.0577821,-0.374,0.014,0.0215399999999998,0.6052509109010726,0.1080640055597281,0.57784493,,,0.4547637934879164,-0.0215399999999998,4.0,0.47993717,0,0,0,0,0,0,0.464791227255357,10.2,9.0,,,,,,,,,,,,,-0.07050999999999996
45,1948,VT,0.14869,0.3750072026538693,0.10837,1.07334759127334,1.03297570344329,-0.0669085832482177,0,16,0.0389,0.077,3.8,1,359.0,3.0,69.0,69.0,0.0839816704445292,0.1425176143895555,0.177628515157174,0.1698719919376624,0.3566107174239671,0.3566107174239671,0.3566107174239671,0.3566107174239671,0.09943,0.19057,0.1754799999999999,-0.0822,0,Truman_1948,Dewey_1948,-0.8261454039306606,-1.0266080528174153,-1.0577821,-0.374,0.014,-0.14869,0.6052509109010726,0.1080640055597281,0.57784493,,,0.6249927973461307,0.14869,0.0,0.47993717,0,0,0,0,0,0,-0.427635853703464,6.7,10.3,,,,,,,,,,,,,0.10389999999999999
46,1948,VA,-0.0148099999999999,0.5385081640096981,-0.0874599999999999,1.07334759127334,1.03297570344329,-0.0669085832482177,0,16,0.0389,0.077,3.8,1,3207.0,11.0,69.0,69.0,-0.2323326708820097,-0.2513840577996339,-0.3965425898697736,-0.2752652875854123,0.6729250587505061,0.6729250587505061,0.6729250587505061,0.6729250587505061,-0.1332999999999999,-0.08042,-0.10322,-0.0070399999999999,0,Truman_1948,Dewey_1948,-0.8261454039306606,-1.0266080528174153,-1.0577821,-0.374,0.014,0.0148099999999999,0.6052509109010726,0.1080640055597281,0.57784493,,,0.4614918359903018,-0.0148099999999999,11.0,0.47993717,0,0,0,0,0,0,-1.22192649756655,0.2,4.6,,,,,,,,,,,,,-0.1103799999999999
47,1948,WA,-0.0283899999999999,0.5520881643632316,-0.03597,1.07334759127334,1.03297570344329,-0.0669085832482177,0,16,0.0389,0.077,3.8,1,2255.0,8.0,69.0,69.0,0.0249432064429531,-0.0131788047654315,-0.0508234166156697,-0.0471055451658584,0.4156491814255432,0.4156491814255432,0.4156491814255432,0.4156491814255432,-0.0392699999999999,-0.06501,-0.03719,0.0290399999999999,0,Truman_1948,Dewey_1948,-0.8261454039306606,-1.0266080528174153,-1.0577821,-0.374,0.014,0.0283899999999999,0.6052509109010726,0.1080640055597281,0.57784493,,,0.4479118356367684,-0.0283899999999999,8.0,0.47993717,0,0,0,0,0,0,0.873717009002998,10.7,9.5,,,,,,,,,,,,,-0.03761999999999995
48,1948,WV,-0.0520499999999999,0.5757520065357461,-0.01114,1.07334759127334,1.03297570344329,-0.0669085832482177,0,16,0.0389,0.077,3.8,1,1899.0,8.0,69.0,69.0,-0.0605005857040075,-0.0240534351901851,-0.0208234777779248,-0.0431879202261957,0.5010929735725039,0.5010929735725039,0.5010929735725039,0.5010929735725039,-0.0209899999999999,0.01753,0.0409399999999999,-0.02867,0,Truman_1948,Dewey_1948,-0.8261454039306606,-1.0266080528174153,-1.0577821,-0.374,0.014,0.0520499999999999,0.6052509109010726,0.1080640055597281,0.57784493,,,0.4242479934642539,-0.0520499999999999,8.0,0.47993717,0,0,0,0,0,0,-1.11425595886456,1.7,6.9,,,,,,,,,,,,,-0.01606499999999995
49,1948,WI,0.00095,0.5227539411872542,0.0468399999999999,1.07334759127334,1.03297570344329,-0.0669085832482177,0,16,0.0389,0.077,3.8,1,3314.0,12.0,69.0,69.0,0.1038470025636486,0.149082427711011,0.108584776975024,0.2559782235300466,0.3367453853048477,0.3367453853048477,0.3367453853048477,0.3367453853048477,0.04075,-0.05374,-0.07894,0.10058,0,Truman_1948,Dewey_1948,-0.8261454039306606,-1.0266080528174153,-1.0577821,-0.374,0.014,-0.00095,0.6052509109010726,0.1080640055597281,0.57784493,,,0.4772460588127458,0.00095,12.0,0.47993717,0,0,0,0,0,0,0.564814418455228,5.8,10.1,,,,,,,,,,,,,0.04379499999999995
50,1948,WY,0.00173,0.5219688736901925,0.05008,1.07334759127334,1.03297570344329,-0.0669085832482177,0,16,0.0389,0.077,3.8,1,269.0,3.0,69.0,69.0,0.0007538694059122,0.0755349893456764,-0.0172748981970086,-0.0028050875814487,0.4398385184625841,0.4398385184625841,0.4398385184625841,0.4398385184625841,0.02027,0.0067399999999999,0.0127999999999999,0.04334,0,Truman_1948,Dewey_1948,-0.8261454039306606,-1.0266080528174153,-1.0577821,-0.374,0.014,-0.00173,0.6052509109010726,0.1080640055597281,0.57784493,,,0.4780311263098075,0.00173,3.0,0.47993717,0,0,0,0,0,0,-0.514675564556336,7.6,6.4,,,,,,,,,,,,,0.035175
51,1948,USA,0.0,0.5236953077474193,0.0,1.07334759127334,1.03297570344329,-0.0669085832482177,0,16,0.0389,0.077,3.8,1,,,69.0,69.0,,,,,0.4405923878684963,0.4405923878684963,0.4405923878684963,0.4405923878684963,0.0,0.0,0.0,0.0,0,Truman_1948,Dewey_1948,-0.8261454039306606,-1.0266080528174153,-1.0577821,-0.374,0.014,-0.0,0.6052509109010726,0.1080640055597281,0.57784493,,,0.4763046922525806,0.0,,0.47993717,0,0,0,0,0,0,,,,,,,,,,,,,,,,0.0
52,1952,AL,-0.20281,0.6482939199539954,,1.0548226974668,1.06779733179429,-0.0331813943851652,1,20,0.0537,0.023,3.0,0,3068.0,11.0,,32.0,-0.4919375823350161,-0.392647918566563,-0.4808503603932259,-0.3832573169800469,0.9935593086364592,0.9935593086364592,0.9935593086364592,0.9935593086364592,-0.27931,-0.3059799999999999,-0.24616,,0,Stevenson_1952,Eisenhower_1952,-0.9056674214213124,-0.5403200277986395,-0.9100586,,,0.20281,0.6847729283917244,0.513304026408708,0.73410354,0.281,-0.864,0.3517060800460045,-0.20281,11.0,0.17595506,0,0,1,0,0,0,-0.727744885959396,0.6666666666666667,1.78,,,,,,,,,,,,,
53,1952,AK,,,,1.0548226974668,1.06779733179429,-0.0331813943851652,1,20,0.0537,0.023,3.0,0,189.0,0.0,,32.0,,,,,,,,,,,,,0,Stevenson_1952,Eisenhower_1952,-0.9056674214213124,-0.5403200277986395,-0.9100586,,,,0.6847729283917244,0.513304026408708,0.73410354,0.281,-0.864,,,0.0,0.17595506,0,0,0,0,0,0,,,,,,,,,,,,,,,,
54,1952,AZ,0.02898,0.4165022834555014,-0.0273699999999998,1.0548226974668,1.06779733179429,-0.0331813943851652,1,20,0.0537,0.023,3.0,0,842.0,4.0,,32.0,-0.1485682116161217,-0.0782201835959423,-0.2264661477768166,-0.1808180841036547,0.6501899379175649,0.6501899379175649,0.6501899379175649,0.6501899379175649,-0.0520399999999999,-0.0880999999999999,-0.09719,0.06073,0,Stevenson_1952,Eisenhower_1952,-0.9056674214213124,-0.5403200277986395,-0.9100586,,,-0.02898,0.6847729283917244,0.513304026408708,0.73410354,0.281,-0.864,0.5834977165444986,0.02898,0.0,0.17595506,0,0,0,0,0,0,-0.25314613403708,6.483333333333333,2.9000000000000004,,,,,,,,,,,,,-0.03970499999999985
55,1952,AR,-0.11543,0.5609051814948384,-0.22229,1.0548226974668,1.06779733179429,-0.0331813943851652,1,20,0.0537,0.023,3.0,0,1838.0,8.0,,32.0,-0.4983782736985569,-0.4614590894945477,-0.5396733223221917,-0.4055912740366699,1.0,1.0,1.0,1.0,-0.16322,-0.24017,-0.19625,0.01788,0,Stevenson_1952,Eisenhower_1952,-0.9056674214213124,-0.5403200277986395,-0.9100586,,,0.11543,0.6847729283917244,0.513304026408708,0.73410354,0.281,-0.864,0.4390948185051616,-0.11543,8.0,0.17595506,0,0,0,0,0,0,-1.26145795472167,2.6166666666666667,2.24,,,,,,,,,,,,,-0.192755
56,1952,CA,0.0189599999999999,0.4265155151870322,0.02135,1.0548226974668,1.06779733179429,-0.0331813943851652,1,20,0.0537,0.023,3.0,0,11635.0,32.0,,32.0,0.0134680606489864,0.1092778731871779,-0.0117728553294532,0.0055380806240923,0.4881536656524566,0.4881536656524566,0.4881536656524566,0.4881536656524566,-0.03017,-0.0314799999999999,-0.0541399999999999,0.05283,0,Stevenson_1952,Eisenhower_1952,-0.9056674214213124,-0.5403200277986395,-0.9100586,,,-0.0189599999999999,0.6847729283917244,0.513304026408708,0.73410354,0.281,-0.864,0.5734844848129679,0.0189599999999999,0.0,0.17595506,0,0,0,1,0,0,0.855692793678207,8.866666666666667,8.979999999999999,,,,,,,,,,,,,-0.004409999999999999
57,1952,CO,0.05285,0.3926267340065186,-0.0034899999999999,1.0548226974668,1.06779733179429,-0.0331813943851652,1,20,0.0537,0.023,3.0,0,1365.0,6.0,,32.0,0.0147817652651102,-0.009153207638296,-0.0007390084727101,0.0909523137061144,0.4868399610363328,0.4868399610363328,0.4868399610363328,0.4868399610363328,0.07193,0.06286,0.00514,-0.06635,0,Stevenson_1952,Eisenhower_1952,-0.9056674214213124,-0.5403200277986395,-0.9100586,,,-0.05285,0.6847729283917244,0.513304026408708,0.73410354,0.281,-0.864,0.6073732659934814,0.05285,0.0,0.17595506,0,0,0,0,0,0,0.572196883101024,8.566666666666666,9.94,,,,,,,,,,,,,0.03422000000000005
58,1952,CT,0.0046799999999999,0.440803689341891,0.03209,1.0548226974668,1.06779733179429,-0.0331813943851652,1,20,0.0537,0.023,3.0,0,2081.0,8.0,,32.0,0.000748880991248,0.0408128376701982,0.0170590996408496,0.0021462287526483,0.500872845310195,0.500872845310195,0.500872845310195,0.500872845310195,0.0107199999999999,0.0141999999999999,0.04629,0.01789,0,Stevenson_1952,Eisenhower_1952,-0.9056674214213124,-0.5403200277986395,-0.9100586,,,-0.0046799999999999,0.6847729283917244,0.513304026408708,0.73410354,0.281,-0.864,0.559196310658109,0.0046799999999999,0.0,0.17595506,0,0,0,0,0,0,1.09396409638773,6.333333333333333,7.8,,,,,,,,,,,,,0.021404999999999952
59,1952,DC,,,,1.0548226974668,1.06779733179429,-0.0331813943851652,1,20,0.0537,0.023,3.0,0,805.0,0.0,,32.0,,,,,,,,,,,,,0,Stevenson_1952,Eisenhower_1952,-0.9056674214213124,-0.5403200277986395,-0.9100586,,,,0.6847729283917244,0.513304026408708,0.73410354,0.281,-0.864,,,0.0,0.17595506,0,0,0,0,0,0,,,,,,,,,,,,,,,,
60,1952,DE,-0.0350699999999999,0.4805507169471777,0.03016,1.0548226974668,1.06779733179429,-0.0331813943851652,1,20,0.0537,0.023,3.0,0,341.0,3.0,,32.0,0.0681583086327466,0.0466928646909042,0.004470110495715,0.0131769571032809,0.4334634176686964,0.4334634176686964,0.4334634176686964,0.4334634176686964,-0.00797,0.00164,0.0754599999999999,0.0285199999999999,0,Stevenson_1952,Eisenhower_1952,-0.9056674214213124,-0.5403200277986395,-0.9100586,,,0.0350699999999999,0.6847729283917244,0.513304026408708,0.73410354,0.281,-0.864,0.5194492830528222,-0.0350699999999999,0.0,0.17595506,0,0,0,0,0,0,-0.80382419883573,4.283333333333333,5.58,,,,,,,,,,,,,0.011095
61,1952,FL,-0.0044299999999999,0.4499052564950363,-0.06838,1.0548226974668,1.06779733179429,-0.0331813943851652,1,20,0.0537,0.023,3.0,0,3157.0,10.0,,32.0,-0.4024128474605646,-0.3024120674259868,-0.3685620110220762,-0.4816515230986592,0.9040345737620076,0.9040345737620076,0.9040345737620076,0.9040345737620076,-0.1654999999999999,-0.1901399999999999,-0.1364199999999999,0.1217599999999999,0,Stevenson_1952,Eisenhower_1952,-0.9056674214213124,-0.5403200277986395,-0.9100586,,,0.0044299999999999,0.6847729283917244,0.513304026408708,0.73410354,0.281,-0.864,0.5500947435049637,-0.0044299999999999,0.0,0.17595506,0,0,0,0,0,0,-0.907369361776999,4.133333333333333,5.18,,,,,,,,,,,,,-0.11693999999999995
62,1952,GA,-0.25111,0.6965867746667439,-0.2448399999999999,1.0548226974668,1.06779733179429,-0.0331813943851652,1,20,0.0537,0.023,3.0,0,3584.0,12.0,,32.0,-0.4983782736985569,-0.4614590894945477,-0.5594076121315037,-0.4816515230986592,1.0,1.0,1.0,1.0,-0.27974,-0.3011999999999999,-0.2490599999999999,0.0563599999999999,0,Stevenson_1952,Eisenhower_1952,-0.9056674214213124,-0.5403200277986395,-0.9100586,,,0.25111,0.6847729283917244,0.513304026408708,0.73410354,0.281,-0.864,0.3034132253332561,-0.25111,12.0,0.17595506,0,0,0,0,0,0,-1.03211116907122,1.85,2.58,,,,,,,,,,,,,-0.2622899999999999
63,1952,HI,,,,1.0548226974668,1.06779733179429,-0.0331813943851652,1,20,0.0537,0.023,3.0,0,517.0,0.0,,32.0,,,,,,,,,,,,,0,Stevenson_1952,Eisenhower_1952,-0.9056674214213124,-0.5403200277986395,-0.9100586,,,,0.6847729283917244,0.513304026408708,0.73410354,0.281,-0.864,,,0.0,0.17595506,0,0,0,0,0,0,,,,,,,,,,,,,,,,
64,1952,ID,0.1007199999999999,0.3447611933804226,0.00968,1.0548226974668,1.06779733179429,-0.0331813943851652,1,20,0.0537,0.023,3.0,0,587.0,4.0,,32.0,0.0453320604610958,0.0319194139470423,0.0056677802984855,0.0034968434623992,0.4562896658403472,0.4562896658403472,0.4562896658403472,0.4562896658403472,0.02024,0.00459,-0.03025,0.0050899999999999,0,Stevenson_1952,Eisenhower_1952,-0.9056674214213124,-0.5403200277986395,-0.9100586,,,-0.1007199999999999,0.6847729283917244,0.513304026408708,0.73410354,0.281,-0.864,0.6552388066195773,0.1007199999999999,0.0,0.17595506,0,0,0,0,0,0,-0.101241388498801,9.333333333333332,8.18,,,,,,,,,,,,,0.014960000000000001
65,1952,IL,-0.00494,0.4504157341341241,0.01945,1.0548226974668,1.06779733179429,-0.0331813943851652,1,20,0.0537,0.023,3.0,0,8956.0,27.0,,32.0,0.0408088131868804,0.0151119731854961,-0.0059610473943301,-0.0064690472657058,0.4608129131145627,0.4608129131145627,0.4608129131145627,0.4608129131145627,0.0202999999999999,0.03777,0.0321,-0.01832,0,Stevenson_1952,Eisenhower_1952,-0.9056674214213124,-0.5403200277986395,-0.9100586,,,0.00494,0.6847729283917244,0.513304026408708,0.73410354,0.281,-0.864,0.5495842658658758,-0.00494,0.0,0.17595506,1,0,0,0,0,0,0.681988728455928,6.266666666666667,8.280000000000001,,,,,,,,,,,,,0.019874999999999948
66,1952,IN,0.0318499999999999,0.4136312054614821,0.02777,1.0548226974668,1.06779733179429,-0.0331813943851652,1,20,0.0537,0.023,3.0,0,4148.0,13.0,,32.0,0.040570261585153,0.0217291117637751,-0.0072554393819682,0.0505553645710388,0.46105146471629,0.46105146471629,0.46105146471629,0.46105146471629,0.0662499999999999,0.05716,0.04974,-0.0293899999999999,0,Stevenson_1952,Eisenhower_1952,-0.9056674214213124,-0.5403200277986395,-0.9100586,,,-0.0318499999999999,0.6847729283917244,0.513304026408708,0.73410354,0.281,-0.864,0.5863687945385179,0.0318499999999999,0.0,0.17595506,0,0,0,0,0,0,-0.0213554439325742,3.2333333333333334,9.52,,,,,,,,,,,,,0.047009999999999955
67,1952,IA,0.08726,0.3582245269231898,0.00975,1.0548226974668,1.06779733179429,-0.0331813943851652,1,20,0.0537,0.023,3.0,0,2626.0,10.0,,32.0,0.1136546329851094,0.0846802169530387,0.0560991404665898,0.0860464346254711,0.3879670933163336,0.3879670933163336,0.3879670933163336,0.3879670933163336,0.0603699999999999,0.07211,0.06428,-0.06236,0,Stevenson_1952,Eisenhower_1952,-0.9056674214213124,-0.5403200277986395,-0.9100586,,,-0.08726,0.6847729283917244,0.513304026408708,0.73410354,0.281,-0.864,0.6417754730768102,0.08726,0.0,0.17595506,0,0,0,0,0,0,-0.0970619056211183,6.2,10.82,,,,,,,,,,,,,0.03505999999999995
68,1952,KS,0.13827,0.3072129208923581,0.0696,1.0548226974668,1.06779733179429,-0.0331813943851652,1,20,0.0537,0.023,3.0,0,1977.0,8.0,,32.0,0.0900485788974089,0.1131254539840219,0.036136435125168,0.1482078308230985,0.4115731474040341,0.4115731474040341,0.4115731474040341,0.4115731474040341,0.14372,0.12287,0.0858299999999999,-0.0532699999999999,0,Stevenson_1952,Eisenhower_1952,-0.9056674214213124,-0.5403200277986395,-0.9100586,,,-0.13827,0.6847729283917244,0.513304026408708,0.73410354,0.281,-0.864,0.6927870791076418,0.13827,0.0,0.17595506,0,0,0,0,0,0,0.033570978897327,7.15,8.74,,,,,,,,,,,,,0.10665999999999999
69,1952,KY,-0.0548699999999999,0.5003532648739651,-0.0539899999999999,1.0548226974668,1.06779733179429,-0.0331813943851652,1,20,0.0537,0.023,3.0,0,2920.0,10.0,,32.0,-0.0371397115499978,-0.0452443938800363,-0.0729888185378704,-0.0281516258354154,0.5387614378514409,0.5387614378514409,0.5387614378514409,0.5387614378514409,-0.00858,-0.0258799999999999,0.0300899999999999,-0.02811,0,Stevenson_1952,Eisenhower_1952,-0.9056674214213124,-0.5403200277986395,-0.9100586,,,0.0548699999999999,0.6847729283917244,0.513304026408708,0.73410354,0.281,-0.864,0.4996467351260348,-0.0548699999999999,10.0,0.17595506,0,0,0,0,0,0,-0.571074856306791,3.4166666666666665,7.02,,,,,,,,,,,,,-0.03128499999999995
70,1952,LA,-0.08374,0.5292214764277124,-0.12866,1.0548226974668,1.06779733179429,-0.0331813943851652,1,20,0.0537,0.023,3.0,0,2842.0,10.0,,32.0,-0.4983782736985569,-0.4614590894945477,-0.5059255209882989,-0.4816515230986592,1.0,1.0,1.0,1.0,-0.26831,-0.30909,-0.26385,0.1804299999999999,0,Stevenson_1952,Eisenhower_1952,-0.9056674214213124,-0.5403200277986395,-0.9100586,,,0.08374,0.6847729283917244,0.513304026408708,0.73410354,0.281,-0.864,0.4707785235722875,-0.08374,10.0,0.17595506,0,0,0,0,0,0,-0.232063091381124,5.116666666666667,1.8,,,,,,,,,,,,,-0.198485
71,1952,ME,0.1071499999999999,0.3383253739758912,0.09678,1.0548226974668,1.06779733179429,-0.0331813943851652,1,20,0.0537,0.023,3.0,0,915.0,5.0,,32.0,0.0777405340308243,0.2015199889274743,0.0740663961784912,0.2253026590084196,0.4238811922706187,0.4238811922706187,0.4238811922706187,0.4238811922706187,0.06274,0.06166,0.19654,0.0351199999999999,0,Stevenson_1952,Eisenhower_1952,-0.9056674214213124,-0.5403200277986395,-0.9100586,,,-0.1071499999999999,0.6847729283917244,0.513304026408708,0.73410354,0.281,-0.864,0.6616746260241088,0.1071499999999999,0.0,0.17595506,0,0,0,0,0,0,-0.078426501693404,8.9,8.22,,,,,,,,,,,,,0.07976
72,1952,MD,0.0036399999999999,0.4418353057408626,0.03083,1.0548226974668,1.06779733179429,-0.0331813943851652,1,20,0.0537,0.023,3.0,0,2500.0,9.0,,32.0,0.0035805567192049,-0.0191037442677585,-0.0818012541851944,-0.0457191565977698,0.4980411695822381,0.4980411695822381,0.4980411695822381,0.4980411695822381,0.01922,-0.0379199999999999,-0.0027899999999999,0.06875,0,Stevenson_1952,Eisenhower_1952,-0.9056674214213124,-0.5403200277986395,-0.9100586,,,-0.0036399999999999,0.6847729283917244,0.513304026408708,0.73410354,0.281,-0.864,0.5581646942591374,0.0036399999999999,0.0,0.17595506,0,0,0,0,0,0,-0.194763960423177,5.916666666666666,6.62,,,,,,,,,,,,,0.025025
73,1952,MA,-0.01058,0.4560578319338342,-0.0351099999999999,1.0548226974668,1.06779733179429,-0.0331813943851652,1,20,0.0537,0.023,3.0,0,4650.0,16.0,,32.0,0.0041312084508779,0.0370264358637928,-0.0226237613247546,0.048493374903722,0.4974905178505651,0.4974905178505651,0.4974905178505651,0.4974905178505651,0.0086199999999999,0.01607,0.07369,-0.05118,0,Stevenson_1952,Eisenhower_1952,-0.9056674214213124,-0.5403200277986395,-0.9100586,,,0.01058,0.6847729283917244,0.513304026408708,0.73410354,0.281,-0.864,0.5439421680661658,-0.01058,0.0,0.17595506,0,0,0,0,0,0,1.32228921946348,10.433333333333334,8.06,,,,,,,,,,,,,-0.013245
74,1952,MI,0.0031499999999999,0.4423345527581549,0.03231,1.0548226974668,1.06779733179429,-0.0331813943851652,1,20,0.0537,0.023,3.0,0,6650.0,20.0,,32.0,0.0344134686501741,0.0388708510349498,0.0522229585647764,0.0412315596860449,0.4672082576512689,0.4672082576512689,0.4672082576512689,0.4672082576512689,0.03261,0.05167,0.0322,-0.0193599999999999,0,Stevenson_1952,Eisenhower_1952,-0.9056674214213124,-0.5403200277986395,-0.9100586,,,-0.0031499999999999,0.6847729283917244,0.513304026408708,0.73410354,0.281,-0.864,0.5576654472418451,0.0031499999999999,0.0,0.17595506,0,0,0,0,0,0,0.770507364592197,6.816666666666666,8.78,,,,,,,,,,,,,0.03246
75,1952,MN,0.00189,0.4435895248780864,-0.0652599999999999,1.0548226974668,1.06779733179429,-0.0331813943851652,1,20,0.0537,0.023,3.0,0,3030.0,11.0,,32.0,0.0337871551757191,0.0403277517336517,0.4405923878684963,0.1087176587179824,0.4678345711257239,0.4678345711257239,0.4678345711257239,0.4678345711257239,0.0097899999999999,0.03068,-0.04144,-0.09594,0,Stevenson_1952,Eisenhower_1952,-0.9056674214213124,-0.5403200277986395,-0.9100586,,,-0.00189,0.6847729283917244,0.513304026408708,0.73410354,0.281,-0.864,0.5564104751219136,0.00189,0.0,0.17595506,0,0,0,0,0,0,0.262997024168159,6.75,9.44,,,,,,,,,,,,,-0.027735000000000003
76,1952,MS,-0.1588899999999999,0.6043665858817926,-0.2698499999999999,1.0548226974668,1.06779733179429,-0.0331813943851652,1,20,0.0537,0.023,3.0,0,2152.0,8.0,,32.0,-0.4649660810716893,-0.4598213163640942,-0.5594076121315037,-0.4480616615282222,0.9665878073731324,0.9665878073731324,0.9665878073731324,0.9665878073731324,-0.3978399999999999,-0.4080699999999999,-0.34797,0.13822,0,Stevenson_1952,Eisenhower_1952,-0.9056674214213124,-0.5403200277986395,-0.9100586,,,0.1588899999999999,0.6847729283917244,0.513304026408708,0.73410354,0.281,-0.864,0.3956334141182074,-0.1588899999999999,8.0,0.17595506,0,0,0,0,0,0,-1.36018249447794,2.4,0.0,,,,,,,,,,,,,-0.33384499999999995
77,1952,MO,-0.04669,0.492166505492365,-0.0596999999999999,1.0548226974668,1.06779733179429,-0.0331813943851652,1,20,0.0537,0.023,3.0,0,3972.0,13.0,,32.0,-0.0565868093899771,-0.0492382998527155,-0.0372614345884114,-0.0063636299520335,0.5582085356914203,0.5582085356914203,0.5582085356914203,0.5582085356914203,0.0229899999999999,0.0261,0.01036,-0.0857999999999999,0,Stevenson_1952,Eisenhower_1952,-0.9056674214213124,-0.5403200277986395,-0.9100586,,,0.04669,0.6847729283917244,0.513304026408708,0.73410354,0.281,-0.864,0.507833494507635,-0.04669,0.0,0.17595506,0,0,0,0,0,0,-0.77251039416188,4.283333333333333,,,,,,,,,,,,,,-0.018355
78,1952,MT,0.0425599999999999,0.4029217737010018,-0.0279599999999999,1.0548226974668,1.06779733179429,-0.0331813943851652,1,20,0.0537,0.023,3.0,0,602.0,4.0,,32.0,-0.0183171449212918,-0.0360287881639724,-0.0664885368846674,-0.0854726672877639,0.519938871222735,0.519938871222735,0.519938871222735,0.519938871222735,-0.00939,-0.0440099999999999,-0.09062,0.01605,0,Stevenson_1952,Eisenhower_1952,-0.9056674214213124,-0.5403200277986395,-0.9100586,,,-0.0425599999999999,0.6847729283917244,0.513304026408708,0.73410354,0.281,-0.864,0.5970782262989982,0.0425599999999999,0.0,0.17595506,0,0,0,0,0,0,-0.0242938949262436,8.866666666666667,6.0600000000000005,,,,,,,,,,,,,-0.018674999999999952
79,1952,NE,0.1370199999999999,0.3084620936259554,0.06523,1.0548226974668,1.06779733179429,-0.0331813943851652,1,20,0.0537,0.023,3.0,0,1311.0,6.0,,32.0,0.1246403115350155,0.1219860805669788,0.1173766285213689,0.1882875621796886,0.3769814147664275,0.3769814147664275,0.3769814147664275,0.3769814147664275,0.1235399999999999,0.12187,0.0407899999999999,-0.0566399999999999,0,Stevenson_1952,Eisenhower_1952,-0.9056674214213124,-0.5403200277986395,-0.9100586,,,-0.1370199999999999,0.6847729283917244,0.513304026408708,0.73410354,0.281,-0.864,0.6915379063740446,0.1370199999999999,0.0,0.17595506,0,0,0,0,0,0,-0.465291512843221,4.366666666666667,10.4,,,,,,,,,,,,,0.09438499999999994
80,1952,NV,0.0599299999999999,0.3855456868232145,0.0077600000000001,1.0548226974668,1.06779733179429,-0.0331813943851652,1,20,0.0537,0.023,3.0,0,181.0,3.0,,32.0,-0.0262056772259405,0.031930860254196,0.029070959005796,-0.1125319150281582,0.5278274035273837,0.5278274035273837,0.5278274035273837,0.5278274035273837,-0.0084699999999999,-0.0507599999999999,-0.1035199999999999,0.05852,0,Stevenson_1952,Eisenhower_1952,-0.9056674214213124,-0.5403200277986395,-0.9100586,,,-0.0599299999999999,0.6847729283917244,0.513304026408708,0.73410354,0.281,-0.864,0.6144543131767854,0.0599299999999999,0.0,0.17595506,0,0,0,0,0,0,-0.808469152575253,4.533333333333333,7.86,,,,,,,,,,,,,-0.00035499999999989967
81,1952,NH,0.0546999999999999,0.3907785308664591,0.05271,1.0548226974668,1.06779733179429,-0.0331813943851652,1,20,0.0537,0.023,3.0,0,535.0,4.0,,32.0,0.1088645118279511,0.1064756385552333,0.0604736606815472,0.0439331546113237,0.392757214473492,0.392757214473492,0.392757214473492,0.392757214473492,0.01651,0.01779,0.1156,0.0349199999999999,0,Stevenson_1952,Eisenhower_1952,-0.9056674214213124,-0.5403200277986395,-0.9100586,,,-0.0546999999999999,0.6847729283917244,0.513304026408708,0.73410354,0.281,-0.864,0.6092214691335409,0.0546999999999999,0.0,0.17595506,0,0,0,0,0,0,0.145082805526614,9.0,9.1,,,,,,,,,,,,,0.03461
82,1952,NJ,0.0205099999999999,0.4249720248565685,0.04653,1.0548226974668,1.06779733179429,-0.0331813943851652,1,20,0.0537,0.023,3.0,0,5125.0,16.0,,32.0,0.0562921403612408,0.0542693682442464,0.0359843501579411,0.0527838265816442,0.4453295859402023,0.4453295859402023,0.4453295859402023,0.4453295859402023,0.03093,0.03176,0.0238099999999999,0.01477,0,Stevenson_1952,Eisenhower_1952,-0.9056674214213124,-0.5403200277986395,-0.9100586,,,-0.0205099999999999,0.6847729283917244,0.513304026408708,0.73410354,0.281,-0.864,0.5750279751434315,0.0205099999999999,0.0,0.17595506,0,0,0,0,0,0,1.36027519584101,7.0,8.040000000000001,,,,,,,,,,,,,0.03873
83,1952,NM,0.0012099999999999,0.4442692500136652,-0.0440199999999999,1.0548226974668,1.06779733179429,-0.0331813943851652,1,20,0.0537,0.023,3.0,0,735.0,4.0,,32.0,-0.0613407776855058,-0.0486437540002954,-0.0838314362060319,-0.0368084974703267,0.5629625039869489,0.5629625039869489,0.5629625039869489,0.5629625039869489,0.00256,-0.0166199999999999,-0.0074999999999999,-0.0273999999999999,0,Stevenson_1952,Eisenhower_1952,-0.9056674214213124,-0.5403200277986395,-0.9100586,,,-0.0012099999999999,0.6847729283917244,0.513304026408708,0.73410354,0.281,-0.864,0.5557307499863349,0.0012099999999999,0.0,0.17595506,0,0,0,0,0,0,0.111494509634162,7.616666666666667,3.72,,,,,,,,,,,,,-0.02072999999999995
84,1952,NY,0.0055699999999999,0.4399061922947436,0.02912,1.0548226974668,1.06779733179429,-0.0331813943851652,1,20,0.0537,0.023,3.0,0,15192.0,45.0,,32.0,0.0259699988903583,0.0433701896027842,0.0468213333893531,0.0500122404722465,0.4756517274110847,0.4756517274110847,0.4756517274110847,0.4756517274110847,0.01258,0.0321299999999999,0.0229399999999999,-0.0030099999999999,0,Stevenson_1952,Eisenhower_1952,-0.9056674214213124,-0.5403200277986395,-0.9100586,,,-0.0055699999999999,0.6847729283917244,0.513304026408708,0.73410354,0.281,-0.864,0.5600938077052564,0.0055699999999999,0.0,0.17595506,0,1,0,0,0,0,1.80347951635185,9.55,8.14,,,,,,,,,,,,,0.02085
85,1952,NC,-0.09362,0.5391011718459671,-0.1159899999999999,1.0548226974668,1.06779733179429,-0.0331813943851652,1,20,0.0537,0.023,3.0,0,4109.0,14.0,,32.0,-0.1984221898764427,-0.1730135903731799,-0.1725497502848884,-0.1772675550964377,0.7000439161778859,0.7000439161778859,0.7000439161778859,0.7000439161778859,-0.12939,-0.1903099999999999,-0.1094399999999999,0.07432,0,Stevenson_1952,Eisenhower_1952,-0.9056674214213124,-0.5403200277986395,-0.9100586,,,0.09362,0.6847729283917244,0.513304026408708,0.73410354,0.281,-0.864,0.4608988281540329,-0.09362,14.0,0.17595506,0,0,0,0,0,0,-0.85486931689049,0.7666666666666667,2.68,,,,,,,,,,,,,-0.12268999999999995
86,1952,ND,0.15974,0.2857387688799803,0.06951,1.0548226974668,1.06779733179429,-0.0331813943851652,1,20,0.0537,0.023,3.0,0,608.0,4.0,,32.0,0.2848590747319629,0.2354727479930168,0.1835061213330518,0.2468820762925284,0.2167626515694801,0.2167626515694801,0.2167626515694801,0.2167626515694801,0.0797899999999999,0.10483,-0.0670399999999999,-0.0353199999999999,0,Stevenson_1952,Eisenhower_1952,-0.9056674214213124,-0.5403200277986395,-0.9100586,,,-0.15974,0.6847729283917244,0.513304026408708,0.73410354,0.281,-0.864,0.7142612311200196,0.15974,0.0,0.17595506,0,0,0,0,0,0,-0.198673281897392,7.833333333333334,6.62,,,,,,,,,,,,,0.07464999999999995
87,1952,OH,0.0130399999999999,0.4324430292388748,0.0224700000000001,1.0548226974668,1.06779733179429,-0.0331813943851652,1,20,0.0537,0.023,3.0,0,8275.0,25.0,,32.0,0.039007706197909,0.0181838976469459,0.0357855814433068,0.0493165627730254,0.4626140201035341,0.4626140201035341,0.4626140201035341,0.4626140201035341,0.0395699999999999,0.02796,0.0168599999999999,-0.0054899999999999,0,Stevenson_1952,Eisenhower_1952,-0.9056674214213124,-0.5403200277986395,-0.9100586,,,-0.0130399999999999,0.6847729283917244,0.513304026408708,0.73410354,0.281,-0.864,0.5675569707611252,0.0130399999999999,0.0,0.17595506,0,0,0,0,0,0,0.20618718867812,4.45,8.88,,,,,,,,,,,,,0.03102
88,1952,OK,-0.00863,0.4541056540468543,-0.1037699999999999,1.0548226974668,1.06779733179429,-0.0331813943851652,1,20,0.0537,0.023,3.0,0,2219.0,8.0,,32.0,-0.0973629660685463,-0.1343148093725636,-0.1445431302045763,-0.0685733282192979,0.5989846923699894,0.5989846923699894,0.5989846923699894,0.5989846923699894,-0.0192099999999999,-0.0261899999999999,-0.0469399999999999,-0.0775799999999999,0,Stevenson_1952,Eisenhower_1952,-0.9056674214213124,-0.5403200277986395,-0.9100586,,,0.00863,0.6847729283917244,0.513304026408708,0.73410354,0.281,-0.864,0.5458943459531457,-0.00863,0.0,0.17595506,0,0,0,0,0,0,-0.33444061759533,4.733333333333333,4.22,,,,,,,,,,,,,-0.061489999999999906
89,1952,OR,0.05413,0.3913528321044151,0.04131,1.0548226974668,1.06779733179429,-0.0331813943851652,1,20,0.0537,0.023,3.0,0,1582.0,6.0,,32.0,0.0907543918818356,0.2128990011359481,0.088986845095018,0.1334036030550756,0.4108673344196075,0.4108673344196075,0.4108673344196075,0.4108673344196075,0.01319,0.00935,-0.0603599999999999,0.0319599999999999,0,Stevenson_1952,Eisenhower_1952,-0.9056674214213124,-0.5403200277986395,-0.9100586,,,-0.05413,0.6847729283917244,0.513304026408708,0.73410354,0.281,-0.864,0.6086471678955849,0.05413,0.0,0.17595506,0,0,0,0,0,0,0.513197275205954,9.083333333333332,9.7,,,,,,,,,,,,,0.02725
90,1952,PA,-0.02498,0.4704606999735645,0.04419,1.0548226974668,1.06779733179429,-0.0331813943851652,1,20,0.0537,0.023,3.0,0,10503.0,32.0,,32.0,0.0246281795259278,0.049647340642225,0.0193904915090082,0.011221359885005,0.4769935467755152,0.4769935467755152,0.4769935467755152,0.4769935467755152,0.02378,0.01538,0.04249,0.02881,0,Stevenson_1952,Eisenhower_1952,-0.9056674214213124,-0.5403200277986395,-0.9100586,,,0.02498,0.6847729283917244,0.513304026408708,0.73410354,0.281,-0.864,0.5295393000264355,-0.02498,0.0,0.17595506,0,0,0,0,0,0,0.853744586834061,5.1,8.98,,,,,,,,,,,,,0.033985
91,1952,RI,-0.0453,0.4907756114989812,-0.0578799999999999,1.0548226974668,1.06779733179429,-0.0331813943851652,1,20,0.0537,0.023,3.0,0,802.0,4.0,,32.0,-0.1176407427381546,-0.0692491256627297,-0.106778250330748,-0.0792352372062165,0.6192624690395977,0.6192624690395977,0.6192624690395977,0.6192624690395977,-0.0490399999999999,-0.0178399999999999,0.0553,-0.0400399999999999,0,Stevenson_1952,Eisenhower_1952,-0.9056674214213124,-0.5403200277986395,-0.9100586,,,0.0453,0.6847729283917244,0.513304026408708,0.73410354,0.281,-0.864,0.5092243885010188,-0.0453,0.0,0.17595506,0,0,0,0,0,0,1.2573445866623,8.6,6.98,,,,,,,,,,,,,-0.053459999999999896
92,1952,SC,-0.06174,0.5072151891311869,-0.3409999999999999,1.0548226974668,1.06779733179429,-0.0331813943851652,1,20,0.0537,0.023,3.0,0,2178.0,8.0,,32.0,-0.4983782736985569,-0.4123581642093744,-0.5501943286786879,-0.4810576334677261,1.0,1.0,1.0,1.0,-0.41384,-0.4063299999999999,-0.3611799999999999,0.06533,0,Stevenson_1952,Eisenhower_1952,-0.9056674214213124,-0.5403200277986395,-0.9100586,,,0.06174,0.6847729283917244,0.513304026408708,0.73410354,0.281,-0.864,0.4927848108688131,-0.06174,8.0,0.17595506,0,0,0,0,0,0,-0.992136211497159,2.65,0.76,,,,,,,,,,,,,-0.37742
93,1952,SD,0.1382,0.3072756496297781,0.04796,1.0548226974668,1.06779733179429,-0.0331813943851652,1,20,0.0537,0.023,3.0,0,651.0,4.0,,32.0,0.1082698698129918,0.1025923686310754,0.0839446949371187,0.1691403019374446,0.3933518564884513,0.3933518564884513,0.3933518564884513,0.3933518564884513,0.12102,0.12409,0.06486,-0.0761299999999999,0,Stevenson_1952,Eisenhower_1952,-0.9056674214213124,-0.5403200277986395,-0.9100586,,,-0.1382,0.6847729283917244,0.513304026408708,0.73410354,0.281,-0.864,0.6927243503702218,0.1382,0.0,0.17595506,0,0,0,0,0,0,-0.69957636162223,5.783333333333333,5.38,,,,,,,,,,,,,0.08449000000000001
94,1952,TN,-0.05315,0.4986306788618845,-0.0475899999999999,1.0548226974668,1.06779733179429,-0.0331813943851652,1,20,0.0537,0.023,3.0,0,3352.0,11.0,,32.0,-0.1954353793605978,-0.0899659712666757,-0.2425449497480071,-0.1459865285062844,0.6970571056620409,0.6970571056620409,0.6970571056620409,0.6970571056620409,-0.06874,-0.1251799999999999,-0.06672,0.07759,0,Stevenson_1952,Eisenhower_1952,-0.9056674214213124,-0.5403200277986395,-0.9100586,,,0.05315,0.6847729283917244,0.513304026408708,0.73410354,0.281,-0.864,0.5013693211381154,-0.05315,0.0,0.17595506,0,0,0,0,0,0,-1.04664917941261,3.283333333333333,5.18,,,,,,,,,,,,,-0.05816499999999995
95,1952,TX,-0.02227,0.4677502019684321,-0.2071999999999999,1.0548226974668,1.06779733179429,-0.0331813943851652,1,20,0.0537,0.023,3.0,0,8314.0,24.0,,32.0,-0.4030879384288507,-0.3992095590253397,-0.5105589781850102,-0.4226867955178751,0.9047096647302938,0.9047096647302938,0.9047096647302938,0.9047096647302938,-0.2733,-0.2605499999999999,-0.25154,0.05335,0,Stevenson_1952,Eisenhower_1952,-0.9056674214213124,-0.5403200277986395,-0.9100586,,,0.02227,0.6847729283917244,0.513304026408708,0.73410354,0.281,-0.864,0.5322497980315679,-0.02227,0.0,0.17595506,0,0,0,0,0,0,-0.880321290852909,1.95,5.279999999999999,,,,,,,,,,,,,-0.24024999999999996
96,1952,UT,0.0347299999999999,0.4107490729895556,-0.0215399999999998,1.0548226974668,1.06779733179429,-0.0331813943851652,1,20,0.0537,0.023,3.0,0,724.0,4.0,,32.0,-0.0230771750432843,-0.0425171576088468,-0.0449542634087571,-0.0854729183611137,0.5246989013447274,0.5246989013447274,0.5246989013447274,0.5246989013447274,-0.0675,-0.0735199999999999,-0.07491,0.05198,0,Stevenson_1952,Eisenhower_1952,-0.9056674214213124,-0.5403200277986395,-0.9100586,,,-0.0347299999999999,0.6847729283917244,0.513304026408708,0.73410354,0.281,-0.864,0.5892509270104445,0.0347299999999999,0.0,0.17595506,0,0,0,0,0,0,0.30584075450123,9.583333333333332,8.96,,,,,,,,,,,,,-0.0445199999999999
97,1952,VT,0.16225,0.28323272708268,0.14869,1.0548226974668,1.06779733179429,-0.0331813943851652,1,20,0.0537,0.023,3.0,0,375.0,3.0,,32.0,0.2434304019738004,0.1465496475411037,0.0839816704445292,0.1425176143895555,0.2581913243276427,0.2581913243276427,0.2581913243276427,0.2581913243276427,0.10837,0.09943,0.19057,0.04926,0,Stevenson_1952,Eisenhower_1952,-0.9056674214213124,-0.5403200277986395,-0.9100586,,,-0.16225,0.6847729283917244,0.513304026408708,0.73410354,0.281,-0.864,0.71676727291732,0.16225,0.0,0.17595506,0,0,0,0,0,0,-0.398956289933157,7.5,10.9,,,,,,,,,,,,,0.12852999999999998
98,1952,VA,0.0105299999999999,0.4349537164448272,-0.0148099999999999,1.0548226974668,1.06779733179429,-0.0331813943851652,1,20,0.0537,0.023,3.0,0,3504.0,12.0,,32.0,-0.2494890931770369,-0.1389268950598903,-0.2323326708820097,-0.2513840577996339,0.75111081947848,0.75111081947848,0.75111081947848,0.75111081947848,-0.0874599999999999,-0.1332999999999999,-0.08042,0.1184899999999999,0,Stevenson_1952,Eisenhower_1952,-0.9056674214213124,-0.5403200277986395,-0.9100586,,,-0.0105299999999999,0.6847729283917244,0.513304026408708,0.73410354,0.281,-0.864,0.5650462835551728,0.0105299999999999,0.0,0.17595506,0,0,0,0,0,0,-1.04096151488134,0.8833333333333333,4.739999999999999,,,,,,,,,,,,,-0.0511349999999999
99,1952,WA,-0.00586,0.4513430993303735,-0.0283899999999999,1.0548226974668,1.06779733179429,-0.0331813943851652,1,20,0.0537,0.023,3.0,0,2448.0,9.0,,32.0,0.0267714343825704,0.0377249803885119,0.0249432064429531,-0.0131788047654315,0.4748502919188726,0.4748502919188726,0.4748502919188726,0.4748502919188726,-0.03597,-0.0392699999999999,-0.06501,0.01088,0,Stevenson_1952,Eisenhower_1952,-0.9056674214213124,-0.5403200277986395,-0.9100586,,,0.00586,0.6847729283917244,0.513304026408708,0.73410354,0.281,-0.864,0.5486569006696265,-0.00586,0.0,0.17595506,0,0,0,0,0,0,0.889706979865064,10.116666666666664,9.74,,,,,,,,,,,,,-0.03217999999999995
100,1952,WV,-0.07376,0.5192364930146941,-0.0520499999999999,1.0548226974668,1.06779733179429,-0.0331813943851652,1,20,0.0537,0.023,3.0,0,1957.0,8.0,,32.0,-0.0640169547599355,-0.0448137929010786,-0.0605005857040075,-0.0240534351901851,0.5656386810613786,0.5656386810613786,0.5656386810613786,0.5656386810613786,-0.01114,-0.0209899999999999,0.01753,-0.0310599999999999,0,Stevenson_1952,Eisenhower_1952,-0.9056674214213124,-0.5403200277986395,-0.9100586,,,0.07376,0.6847729283917244,0.513304026408708,0.73410354,0.281,-0.864,0.4807635069853059,-0.07376,8.0,0.17595506,0,0,0,0,0,0,-0.832970628695195,2.5166666666666666,6.92,,,,,,,,,,,,,-0.03159499999999995
101,1952,WI,0.0570899999999999,0.3883935454913763,0.00095,1.0548226974668,1.06779733179429,-0.0331813943851652,1,20,0.0537,0.023,3.0,0,3469.0,12.0,,32.0,0.0777932961270815,0.1069089697853612,0.1038470025636486,0.149082427711011,0.4238284301743615,0.4238284301743615,0.4238284301743615,0.4238284301743615,0.0468399999999999,0.04075,-0.05374,-0.0398,0,Stevenson_1952,Eisenhower_1952,-0.9056674214213124,-0.5403200277986395,-0.9100586,,,-0.0570899999999999,0.6847729283917244,0.513304026408708,0.73410354,0.281,-0.864,0.6116064545086237,0.0570899999999999,0.0,0.17595506,0,0,0,0,0,0,0.869831359861404,6.466666666666667,10.02,,,,,,,,,,,,,0.02389499999999995
102,1952,WY,0.0738399999999999,0.3716361324536172,0.00173,1.0548226974668,1.06779733179429,-0.0331813943851652,1,20,0.0537,0.023,3.0,0,293.0,3.0,,32.0,0.0465184739553831,0.0537181759573114,0.0007538694059122,0.0755349893456764,0.4551032523460599,0.4551032523460599,0.4551032523460599,0.4551032523460599,0.05008,0.02027,0.0067399999999999,-0.01854,0,Stevenson_1952,Eisenhower_1952,-0.9056674214213124,-0.5403200277986395,-0.9100586,,,-0.0738399999999999,0.6847729283917244,0.513304026408708,0.73410354,0.281,-0.864,0.6283638675463827,0.0738399999999999,0.0,0.17595506,0,0,0,0,0,0,-0.489390108256924,7.8,6.7,,,,,,,,,,,,,0.025905
103,1952,USA,0.0,0.4454811106133853,0.0,1.0548226974668,1.06779733179429,-0.0331813943851652,1,20,0.0537,0.023,3.0,0,,,,32.0,,,,,0.5016217263014431,0.5016217263014431,0.5016217263014431,0.5016217263014431,0.0,0.0,0.0,0.0,0,Stevenson_1952,Eisenhower_1952,-0.9056674214213124,-0.5403200277986395,-0.9100586,,,-0.0,0.6847729283917244,0.513304026408708,0.73410354,0.281,-0.864,0.5545188893866146,0.0,,0.17595506,0,0,0,0,0,0,,,,,,,,,,,,,,,,0.0
104,1956,AL,-0.1668599999999999,0.5893422979909262,-0.20281,1.04080848623283,1.03365306790197,-0.0251154866157224,0,4,0.02,0.015,4.1,1,3071.0,11.0,75.0,75.0,-0.4387100751386221,-0.447516289962007,-0.4919375823350161,-0.392647918566563,0.959843766762475,0.959843766762475,0.959843766762475,0.959843766762475,,-0.27931,-0.3059799999999999,0.0765,1,Eisenhower_1956,Stevenson_1956,-0.7466233864400087,-0.4592720236288436,-0.8115763,,,0.1668599999999999,0.5257288934104208,0.513304026408708,0.70948296,0.281,-0.864,0.4106577020090738,-0.1668599999999999,11.0,0.10209334,0,0,0,0,0,0,-1.1692103513109,0.5333333333333334,1.86,,,,,,,,,,,,,
105,1956,AK,,,,1.04080848623283,1.03365306790197,-0.0251154866157224,0,4,0.02,0.015,4.1,1,224.0,0.0,75.0,75.0,,,,,,,,,,,,,1,Eisenhower_1956,Stevenson_1956,-0.7466233864400087,-0.4592720236288436,-0.8115763,,,,0.5257288934104208,0.513304026408708,0.70948296,0.281,-0.864,,,0.0,0.10209334,0,0,0,0,0,0,,,,,,,,,,,,,,,,
106,1956,AZ,0.03306,0.3894159450788284,0.02898,1.04080848623283,1.03365306790197,-0.0251154866157224,0,4,0.02,0.015,4.1,1,1053.0,4.0,75.0,75.0,-0.0222309205998515,-0.016730880506425,-0.1485682116161217,-0.0782201835959423,0.5433646122237044,0.5433646122237044,0.5433646122237044,0.5433646122237044,-0.0273699999999998,-0.0520399999999999,-0.0880999999999999,0.0810199999999999,1,Eisenhower_1956,Stevenson_1956,-0.7466233864400087,-0.4592720236288436,-0.8115763,,,-0.03306,0.5257288934104208,0.513304026408708,0.70948296,0.281,-0.864,0.6105840549211716,0.03306,0.0,0.10209334,0,0,0,0,0,0,-0.394512140557025,6.066666666666667,3.6,,,,,,,,,,,,,0.000805000000000099
107,1956,AR,-0.1112899999999999,0.5337743140022625,-0.11543,1.04080848623283,1.03365306790197,-0.0251154866157224,0,4,0.02,0.015,4.1,1,1704.0,8.0,75.0,75.0,-0.4788514457341953,-0.3581466337728198,-0.4983782736985569,-0.4614590894945477,0.9999851373580482,0.9999851373580482,0.9999851373580482,0.9999851373580482,-0.22229,-0.16322,-0.24017,0.04779,1,Eisenhower_1956,Stevenson_1956,-0.7466233864400087,-0.4592720236288436,-0.8115763,,,0.1112899999999999,0.5257288934104208,0.513304026408708,0.70948296,0.281,-0.864,0.4662256859977375,-0.1112899999999999,8.0,0.10209334,0,0,0,0,0,0,-0.804676738952045,3.333333333333333,2.28,,,,,,,,,,,,,-0.16886
108,1956,CA,-0.02176,0.4442405498143013,0.0189599999999999,1.04080848623283,1.03365306790197,-0.0251154866157224,0,4,0.02,0.015,4.1,1,13713.0,32.0,75.0,75.0,0.0326999861655582,0.0454150799004007,0.0134680606489864,0.1092778731871779,0.4884337054582945,0.4884337054582945,0.4884337054582945,0.4884337054582945,0.02135,-0.03017,-0.0314799999999999,0.04913,1,Eisenhower_1956,Stevenson_1956,-0.7466233864400087,-0.4592720236288436,-0.8115763,,,0.02176,0.5257288934104208,0.513304026408708,0.70948296,0.281,-0.864,0.5557594501856987,-0.02176,0.0,0.10209334,0,0,1,0,0,0,0.792654243153599,8.733333333333333,8.76,,,,,,,,,,,,,0.02015499999999995
109,1956,CO,0.02156,0.4009212180853972,0.05285,1.04080848623283,1.03365306790197,-0.0251154866157224,0,4,0.02,0.015,4.1,1,1625.0,6.0,75.0,75.0,0.0216579563565428,0.0521327140640414,0.0147817652651102,-0.009153207638296,0.4994757352673099,0.4994757352673099,0.4994757352673099,0.4994757352673099,-0.0034899999999999,0.07193,0.06286,-0.0190799999999999,1,Eisenhower_1956,Stevenson_1956,-0.7466233864400087,-0.4592720236288436,-0.8115763,,,-0.02156,0.5257288934104208,0.513304026408708,0.70948296,0.281,-0.864,0.5990787819146028,0.02156,0.0,0.10209334,0,0,0,0,0,0,0.459631194325252,8.233333333333334,9.78,,,,,,,,,,,,,0.02468000000000005
110,1956,CT,0.0598,0.3626763337618943,0.0046799999999999,1.04080848623283,1.03365306790197,-0.0251154866157224,0,4,0.02,0.015,4.1,1,2316.0,8.0,75.0,75.0,0.0301863517479843,0.0425182717882196,0.000748880991248,0.0408128376701982,0.4909473398758684,0.4909473398758684,0.4909473398758684,0.4909473398758684,0.03209,0.0107199999999999,0.0141999999999999,-0.0060399999999999,1,Eisenhower_1956,Stevenson_1956,-0.7466233864400087,-0.4592720236288436,-0.8115763,,,-0.0598,0.5257288934104208,0.513304026408708,0.70948296,0.281,-0.864,0.6373236662381057,0.0598,0.0,0.10209334,0,0,0,0,0,0,1.2119367675493,6.666666666666667,7.6,,,,,,,,,,,,,0.01838499999999995
111,1956,DC,,,,1.04080848623283,1.03365306790197,-0.0251154866157224,0,4,0.02,0.015,4.1,1,759.0,0.0,75.0,75.0,,,,,,,,,,,,,1,Eisenhower_1956,Stevenson_1956,-0.7466233864400087,-0.4592720236288436,-0.8115763,,,,0.5257288934104208,0.513304026408708,0.70948296,0.281,-0.864,,,0.0,0.10209334,0,0,0,0,0,0,,,,,,,,,,,,,,,,
112,1956,DE,-0.0250199999999999,0.4474977180270231,-0.0350699999999999,1.04080848623283,1.03365306790197,-0.0251154866157224,0,4,0.02,0.015,4.1,1,408.0,3.0,75.0,75.0,-0.0279986581362624,0.0172614293424784,0.0681583086327466,0.0466928646909042,0.5491323497601153,0.5491323497601153,0.5491323497601153,0.5491323497601153,0.03016,-0.00797,0.00164,-0.0270999999999999,1,Eisenhower_1956,Stevenson_1956,-0.7466233864400087,-0.4592720236288436,-0.8115763,,,0.0250199999999999,0.5257288934104208,0.513304026408708,0.70948296,0.281,-0.864,0.5525022819729769,-0.0250199999999999,0.0,0.10209334,0,0,0,0,0,0,-0.788945296262038,4.466666666666667,5.56,,,,,,,,,,,,,-0.0024549999999999503
113,1956,FL,-0.0048099999999999,0.4272927007169415,-0.0044299999999999,1.04080848623283,1.03365306790197,-0.0251154866157224,0,4,0.02,0.015,4.1,1,4047.0,10.0,75.0,75.0,-0.2606095047083936,-0.2434655827206128,-0.4024128474605646,-0.3024120674259868,0.7817431963322464,0.7817431963322464,0.7817431963322464,0.7817431963322464,-0.06838,-0.1654999999999999,-0.1901399999999999,0.16107,1,Eisenhower_1956,Stevenson_1956,-0.7466233864400087,-0.4592720236288436,-0.8115763,,,0.0048099999999999,0.5257288934104208,0.513304026408708,0.70948296,0.281,-0.864,0.5727072992830584,-0.0048099999999999,0.0,0.10209334,0,0,0,0,0,0,-0.864225401441157,4.166666666666666,5.06,,,,,,,,,,,,,-0.03640499999999995
114,1956,GA,-0.24813,0.6706144925244699,-0.25111,1.04080848623283,1.03365306790197,-0.0251154866157224,0,4,0.02,0.015,4.1,1,3701.0,12.0,75.0,75.0,-0.3927155362082327,-0.5019871751924154,-0.4983782736985569,-0.4614590894945477,0.9138492278320856,0.9138492278320856,0.9138492278320856,0.9138492278320856,-0.2448399999999999,-0.27974,-0.3011999999999999,0.0286299999999999,1,Eisenhower_1956,Stevenson_1956,-0.7466233864400087,-0.4592720236288436,-0.8115763,,,0.24813,0.5257288934104208,0.513304026408708,0.70948296,0.281,-0.864,0.3293855074755301,-0.24813,12.0,0.10209334,0,0,0,0,0,0,-0.76645360878027,2.5,2.66,,,,,,,,,,,,,-0.24797499999999995
115,1956,HI,,,,1.04080848623283,1.03365306790197,-0.0251154866157224,0,4,0.02,0.015,4.1,1,559.0,0.0,75.0,75.0,,,,,,,,,,,,,1,Eisenhower_1956,Stevenson_1956,-0.7466233864400087,-0.4592720236288436,-0.8115763,,,,0.5257288934104208,0.513304026408708,0.70948296,0.281,-0.864,,,0.0,0.10209334,0,0,0,0,0,0,,,,,,,,,,,,,,,,
116,1956,ID,0.03447,0.3880123292541241,0.1007199999999999,1.04080848623283,1.03365306790197,-0.0251154866157224,0,4,0.02,0.015,4.1,1,628.0,4.0,75.0,75.0,0.0658661478651143,0.0920426825540529,0.0453320604610958,0.0319194139470423,0.4552675437587384,0.4552675437587384,0.4552675437587384,0.4552675437587384,0.00968,0.02024,0.00459,0.0804799999999999,1,Eisenhower_1956,Stevenson_1956,-0.7466233864400087,-0.4592720236288436,-0.8115763,,,-0.03447,0.5257288934104208,0.513304026408708,0.70948296,0.281,-0.864,0.6119876707458759,0.03447,0.0,0.10209334,0,0,0,0,0,0,0.14849368254806,9.066666666666666,8.46,,,,,,,,,,,,,0.05519999999999995
117,1956,IL,0.01882,0.4036550050249954,-0.00494,1.04080848623283,1.03365306790197,-0.0251154866157224,0,4,0.02,0.015,4.1,1,9530.0,27.0,75.0,75.0,0.0187715447851056,0.0375252202634601,0.0408088131868804,0.0151119731854961,0.5023621468387471,0.5023621468387471,0.5023621468387471,0.5023621468387471,0.01945,0.0202999999999999,0.03777,-0.0252399999999999,1,Eisenhower_1956,Stevenson_1956,-0.7466233864400087,-0.4592720236288436,-0.8115763,,,-0.01882,0.5257288934104208,0.513304026408708,0.70948296,0.281,-0.864,0.5963449949750046,0.01882,0.0,0.10209334,0,1,0,0,0,0,0.680710845692374,6.233333333333333,8.26,,,,,,,,,,,,,0.007254999999999999
118,1956,IN,0.02389,0.3985866816764367,0.0318499999999999,1.04080848623283,1.03365306790197,-0.0251154866157224,0,4,0.02,0.015,4.1,1,4458.0,13.0,75.0,75.0,0.0481716251320242,0.0663001751415055,0.040570261585153,0.0217291117637751,0.4729620664918286,0.4729620664918286,0.4729620664918286,0.4729620664918286,0.02777,0.0662499999999999,0.05716,-0.0343999999999999,1,Eisenhower_1956,Stevenson_1956,-0.7466233864400087,-0.4592720236288436,-0.8115763,,,-0.02389,0.5257288934104208,0.513304026408708,0.70948296,0.281,-0.864,0.6014133183235633,0.02389,0.0,0.10209334,0,0,0,0,0,0,-0.13101220463819,3.2666666666666666,9.84,,,,,,,,,,,,,0.029809999999999948
119,1956,IA,0.01481,0.4076682818256034,0.08726,1.04080848623283,1.03365306790197,-0.0251154866157224,0,4,0.02,0.015,4.1,1,2703.0,10.0,75.0,75.0,0.1064199930507059,0.1660730736595015,0.1136546329851094,0.0846802169530387,0.4147136985731469,0.4147136985731469,0.4147136985731469,0.4147136985731469,0.00975,0.0603699999999999,0.07211,0.02689,1,Eisenhower_1956,Stevenson_1956,-0.7466233864400087,-0.4592720236288436,-0.8115763,,,-0.01481,0.5257288934104208,0.513304026408708,0.70948296,0.281,-0.864,0.5923317181743966,0.01481,0.0,0.10209334,0,0,0,0,0,0,-0.276652041562528,6.4,10.64,,,,,,,,,,,,,0.048505
120,1956,KS,0.0792,0.3432793285410597,0.13827,1.04080848623283,1.03365306790197,-0.0251154866157224,0,4,0.02,0.015,4.1,1,2119.0,8.0,75.0,75.0,0.086112385063898,0.0923119570248968,0.0900485788974089,0.1131254539840219,0.4350213065599548,0.4350213065599548,0.4350213065599548,0.4350213065599548,0.0696,0.14372,0.12287,-0.00545,1,Eisenhower_1956,Stevenson_1956,-0.7466233864400087,-0.4592720236288436,-0.8115763,,,-0.0792,0.5257288934104208,0.513304026408708,0.70948296,0.281,-0.864,0.6567206714589403,0.0792,0.0,0.10209334,0,0,0,0,0,0,0.110461783846392,7.1000000000000005,8.68,,,,,,,,,,,,,0.103935
121,1956,KY,-0.0318699999999999,0.4543510911700337,-0.0548699999999999,1.04080848623283,1.03365306790197,-0.0251154866157224,0,4,0.02,0.015,4.1,1,2898.0,10.0,75.0,75.0,-0.0132413958662462,-0.0233680182435667,-0.0371397115499978,-0.0452443938800363,0.5343750874900991,0.5343750874900991,0.5343750874900991,0.5343750874900991,-0.0539899999999999,-0.00858,-0.0258799999999999,-0.0462899999999999,1,Eisenhower_1956,Stevenson_1956,-0.7466233864400087,-0.4592720236288436,-0.8115763,,,0.0318699999999999,0.5257288934104208,0.513304026408708,0.70948296,0.281,-0.864,0.5456489088299663,-0.0318699999999999,0.0,0.10209334,0,0,0,0,0,0,-0.388819041634759,3.533333333333333,7.24,,,,,,,,,,,,,-0.054429999999999895
122,1956,LA,-0.0032899999999999,0.4257709973753281,-0.08374,1.04080848623283,1.03365306790197,-0.0251154866157224,0,4,0.02,0.015,4.1,1,3032.0,10.0,75.0,75.0,-0.4408923472162149,-0.4151326659789852,-0.4983782736985569,-0.4614590894945477,0.9620260388400678,0.9620260388400678,0.9620260388400678,0.9620260388400678,-0.12866,-0.26831,-0.30909,0.18457,1,Eisenhower_1956,Stevenson_1956,-0.7466233864400087,-0.4592720236288436,-0.8115763,,,0.0032899999999999,0.5257288934104208,0.513304026408708,0.70948296,0.281,-0.864,0.5742290026246719,-0.0032899999999999,0.0,0.10209334,0,0,0,0,0,0,-0.0936068025672483,5.233333333333333,1.6,,,,,,,,,,,,,-0.10619999999999999
123,1956,ME,0.13113,0.2913456125286461,0.1071499999999999,1.04080848623283,1.03365306790197,-0.0251154866157224,0,4,0.02,0.015,4.1,1,938.0,5.0,75.0,75.0,0.0715630626632418,0.1694426906077957,0.0777405340308243,0.2015199889274743,0.449570628960611,0.449570628960611,0.449570628960611,0.449570628960611,0.09678,0.06274,0.06166,0.0444099999999999,1,Eisenhower_1956,Stevenson_1956,-0.7466233864400087,-0.4592720236288436,-0.8115763,,,-0.13113,0.5257288934104208,0.513304026408708,0.70948296,0.281,-0.864,0.7086543874713539,0.13113,0.0,0.10209334,0,0,0,0,0,0,-0.282151950780461,8.3,8.64,,,,,,,,,,,,,0.10196499999999994
124,1956,MD,0.02283,0.3996488446947555,0.0036399999999999,1.04080848623283,1.03365306790197,-0.0251154866157224,0,4,0.02,0.015,4.1,1,2811.0,9.0,75.0,75.0,-0.0154905667961943,0.0163722013007418,0.0035805567192049,-0.0191037442677585,0.5366242584200471,0.5366242584200471,0.5366242584200471,0.5366242584200471,0.03083,0.01922,-0.0379199999999999,-0.01558,1,Eisenhower_1956,Stevenson_1956,-0.7466233864400087,-0.4592720236288436,-0.8115763,,,-0.02283,0.5257288934104208,0.513304026408708,0.70948296,0.281,-0.864,0.6003511553052445,0.02283,0.0,0.10209334,0,0,0,0,0,0,-0.227515236308521,5.733333333333333,6.84,,,,,,,,,,,,,0.01723499999999995
125,1956,MA,0.01751,0.4049693621772052,-0.01058,1.04080848623283,1.03365306790197,-0.0251154866157224,0,4,0.02,0.015,4.1,1,4891.0,16.0,75.0,75.0,0.0181114395988304,0.0299568199452458,0.0041312084508779,0.0370264358637928,0.5030222520250224,0.5030222520250224,0.5030222520250224,0.5030222520250224,-0.0351099999999999,0.0086199999999999,0.01607,-0.0191999999999999,1,Eisenhower_1956,Stevenson_1956,-0.7466233864400087,-0.4592720236288436,-0.8115763,,,-0.01751,0.5257288934104208,0.513304026408708,0.70948296,0.281,-0.864,0.5950306378227948,0.01751,0.0,0.10209334,0,0,0,0,0,0,1.50815215249,10.966666666666669,7.62,,,,,,,,,,,,,-0.02284499999999995
126,1956,MI,-0.0199699999999999,0.442452607656631,0.0031499999999999,1.04080848623283,1.03365306790197,-0.0251154866157224,0,4,0.02,0.015,4.1,1,7467.0,20.0,75.0,75.0,0.0040270784631823,0.0234273022649622,0.0344134686501741,0.0388708510349498,0.5171066131606704,0.5171066131606704,0.5171066131606704,0.5171066131606704,0.03231,0.03261,0.05167,-0.02946,1,Eisenhower_1956,Stevenson_1956,-0.7466233864400087,-0.4592720236288436,-0.8115763,,,0.0199699999999999,0.5257288934104208,0.513304026408708,0.70948296,0.281,-0.864,0.5575473923433689,-0.0199699999999999,0.0,0.10209334,0,0,0,0,0,0,0.90445055366594,6.933333333333334,9.06,,,,,,,,,,,,,0.01772999999999995
127,1956,MN,-0.0394499999999999,0.4619333690896429,0.00189,1.04080848623283,1.03365306790197,-0.0251154866157224,0,4,0.02,0.015,4.1,1,3240.0,11.0,75.0,75.0,-0.0093158926418777,0.03781998493287,0.0337871551757191,0.0403277517336517,0.5304495842657305,0.5304495842657305,0.5304495842657305,0.5304495842657305,-0.0652599999999999,0.0097899999999999,0.03068,-0.0078999999999999,1,Eisenhower_1956,Stevenson_1956,-0.7466233864400087,-0.4592720236288436,-0.8115763,,,0.0394499999999999,0.5257288934104208,0.513304026408708,0.70948296,0.281,-0.864,0.5380666309103571,-0.0394499999999999,0.0,0.10209334,0,0,0,0,0,0,0.700851962393324,7.0,9.68,,,,,,,,,,,,,-0.03168499999999995
128,1956,MS,-0.2817599999999999,0.7042396299888393,-0.1588899999999999,1.04080848623283,1.03365306790197,-0.0251154866157224,0,4,0.02,0.015,4.1,1,2086.0,8.0,75.0,75.0,-0.4788663083761472,-0.4769408456087042,-0.4649660810716893,-0.4598213163640942,1.0,1.0,1.0,1.0,-0.2698499999999999,-0.3978399999999999,-0.4080699999999999,0.23895,1,Eisenhower_1956,Stevenson_1956,-0.7466233864400087,-0.4592720236288436,-0.8115763,,,0.2817599999999999,0.5257288934104208,0.513304026408708,0.70948296,0.281,-0.864,0.2957603700111607,-0.2817599999999999,8.0,0.10209334,0,0,0,0,0,0,-1.72371540809703,2.5,0.0,,,,,,,,,,,,,-0.2143699999999999
129,1956,MO,-0.07861,0.5010870027862632,-0.04669,1.04080848623283,1.03365306790197,-0.0251154866157224,0,4,0.02,0.015,4.1,1,4163.0,13.0,75.0,75.0,-0.0407483504387361,-0.0237345093081532,-0.0565868093899771,-0.0492382998527155,0.561882042062589,0.561882042062589,0.561882042062589,0.561882042062589,-0.0596999999999999,0.0229899999999999,0.0261,-0.0696799999999999,1,Eisenhower_1956,Stevenson_1956,-0.7466233864400087,-0.4592720236288436,-0.8115763,,,0.07861,0.5257288934104208,0.513304026408708,0.70948296,0.281,-0.864,0.4989129972137368,-0.07861,13.0,0.10209334,0,0,0,0,0,0,-0.574075489698972,4.266666666666667,,,,,,,,,,,,,,-0.05319499999999995
130,1956,MT,-0.0061699999999999,0.4286520313750364,0.0425599999999999,1.04080848623283,1.03365306790197,-0.0251154866157224,0,4,0.02,0.015,4.1,1,656.0,4.0,75.0,75.0,-0.0003117354206321,0.0634937752220498,-0.0183171449212918,-0.0360287881639724,0.5214454270444849,0.5214454270444849,0.5214454270444849,0.5214454270444849,-0.0279599999999999,-0.00939,-0.0440099999999999,0.0519499999999999,1,Eisenhower_1956,Stevenson_1956,-0.7466233864400087,-0.4592720236288436,-0.8115763,,,0.0061699999999999,0.5257288934104208,0.513304026408708,0.70948296,0.281,-0.864,0.5713479686249636,-0.0061699999999999,0.0,0.10209334,0,0,0,0,0,0,0.106919748009869,8.233333333333334,6.62,,,,,,,,,,,,,0.007300000000000001
131,1956,NE,0.07762,0.3448557274962444,0.1370199999999999,1.04080848623283,1.03365306790197,-0.0251154866157224,0,4,0.02,0.015,4.1,1,1397.0,6.0,75.0,75.0,0.1367013013511637,0.1804177064829366,0.1246403115350155,0.1219860805669788,0.3844323902726891,0.3844323902726891,0.3844323902726891,0.3844323902726891,0.06523,0.1235399999999999,0.12187,0.0134799999999999,1,Eisenhower_1956,Stevenson_1956,-0.7466233864400087,-0.4592720236288436,-0.8115763,,,-0.07762,0.5257288934104208,0.513304026408708,0.70948296,0.281,-0.864,0.6551442725037556,0.07762,0.0,0.10209334,0,0,0,0,0,0,-0.626454339259822,5.033333333333333,10.2,,,,,,,,,,,,,0.10112499999999994
132,1956,NV,0.0021599999999999,0.4203166854554293,0.0599299999999999,1.04080848623283,1.03365306790197,-0.0251154866157224,0,4,0.02,0.015,4.1,1,250.0,3.0,75.0,75.0,0.0662261979673142,0.0027763411547524,-0.0262056772259405,0.031930860254196,0.4549074936565385,0.4549074936565385,0.4549074936565385,0.4549074936565385,0.0077600000000001,-0.0084699999999999,-0.0507599999999999,0.0683999999999999,1,Eisenhower_1956,Stevenson_1956,-0.7466233864400087,-0.4592720236288436,-0.8115763,,,-0.0021599999999999,0.5257288934104208,0.513304026408708,0.70948296,0.281,-0.864,0.5796833145445708,0.0021599999999999,0.0,0.10209334,0,0,0,0,0,0,-1.00900001170821,4.766666666666667,7.42,,,,,,,,,,,,,0.033845
133,1956,NH,0.08389,0.3385903186040325,0.0546999999999999,1.04080848623283,1.03365306790197,-0.0251154866157224,0,4,0.02,0.015,4.1,1,566.0,4.0,75.0,75.0,0.0681592841607698,0.1291574128052741,0.1088645118279511,0.1064756385552333,0.4529744074630829,0.4529744074630829,0.4529744074630829,0.4529744074630829,0.05271,0.01651,0.01779,0.0381899999999999,1,Eisenhower_1956,Stevenson_1956,-0.7466233864400087,-0.4592720236288436,-0.8115763,,,-0.08389,0.5257288934104208,0.513304026408708,0.70948296,0.281,-0.864,0.6614096813959676,0.08389,0.0,0.10209334,0,0,0,0,0,0,0.0732424437919681,8.799999999999999,9.7,,,,,,,,,,,,,0.05370499999999995
134,1956,NJ,0.07643,0.3460482102357933,0.0205099999999999,1.04080848623283,1.03365306790197,-0.0251154866157224,0,4,0.02,0.015,4.1,1,5615.0,16.0,75.0,75.0,0.0339824013897646,0.0719686353143527,0.0562921403612408,0.0542693682442464,0.4871512902340882,0.4871512902340882,0.4871512902340882,0.4871512902340882,0.04653,0.03093,0.03176,-0.01042,1,Eisenhower_1956,Stevenson_1956,-0.7466233864400087,-0.4592720236288436,-0.8115763,,,-0.07643,0.5257288934104208,0.513304026408708,0.70948296,0.281,-0.864,0.6539517897642066,0.07643,0.0,0.10209334,0,0,0,0,0,0,1.35880160299831,7.5,7.78,,,,,,,,,,,,,0.03351999999999995
135,1956,NM,0.00293,0.4195487294670326,0.0012099999999999,1.04080848623283,1.03365306790197,-0.0251154866157224,0,4,0.02,0.015,4.1,1,806.0,4.0,75.0,75.0,-0.0723113378861901,-0.0216359479387431,-0.0613407776855058,-0.0486437540002954,0.593445029510043,0.593445029510043,0.593445029510043,0.593445029510043,-0.0440199999999999,0.00256,-0.0166199999999999,-0.00135,1,Eisenhower_1956,Stevenson_1956,-0.7466233864400087,-0.4592720236288436,-0.8115763,,,-0.00293,0.5257288934104208,0.513304026408708,0.70948296,0.281,-0.864,0.5804512705329674,0.00293,0.0,0.10209334,0,0,0,0,0,0,0.363532509717113,7.533333333333333,4.44,,,,,,,,,,,,,-0.021405
136,1956,NY,0.03456,0.3879180252341347,0.0055699999999999,1.04080848623283,1.03365306790197,-0.0251154866157224,0,4,0.02,0.015,4.1,1,16112.0,45.0,75.0,75.0,0.0505120845763895,0.0635729155049892,0.0259699988903583,0.0433701896027842,0.4706216070474633,0.4706216070474633,0.4706216070474633,0.4706216070474633,0.02912,0.01258,0.0321299999999999,-0.00701,1,Eisenhower_1956,Stevenson_1956,-0.7466233864400087,-0.4592720236288436,-0.8115763,,,-0.03456,0.5257288934104208,0.513304026408708,0.70948296,0.281,-0.864,0.6120819747658652,0.03456,0.0,0.10209334,1,0,0,0,0,0,1.85000858414417,10.2,7.98,,,,,,,,,,,,,0.01734499999999995
137,1956,NC,-0.0841599999999999,0.5066352548747761,-0.09362,1.04080848623283,1.03365306790197,-0.0251154866157224,0,4,0.02,0.015,4.1,1,4309.0,14.0,75.0,75.0,-0.1245903750602598,-0.1822086678022853,-0.1984221898764427,-0.1730135903731799,0.6457240666841126,0.6457240666841126,0.6457240666841126,0.6457240666841126,-0.1159899999999999,-0.12939,-0.1903099999999999,0.0357699999999999,1,Eisenhower_1956,Stevenson_1956,-0.7466233864400087,-0.4592720236288436,-0.8115763,,,0.0841599999999999,0.5257288934104208,0.513304026408708,0.70948296,0.281,-0.864,0.4933647451252239,-0.0841599999999999,14.0,0.10209334,0,0,0,0,0,0,-0.872282774948207,1.2333333333333334,3.16,,,,,,,,,,,,,-0.10480499999999995
138,1956,ND,0.04087,0.3816132035280938,0.15974,1.04080848623283,1.03365306790197,-0.0251154866157224,0,4,0.02,0.015,4.1,1,613.0,4.0,75.0,75.0,0.1450978511028177,0.2823457185478192,0.2848590747319629,0.2354727479930168,0.376035840521035,0.376035840521035,0.376035840521035,0.376035840521035,0.06951,0.0797899999999999,0.10483,0.07995,1,Eisenhower_1956,Stevenson_1956,-0.7466233864400087,-0.4592720236288436,-0.8115763,,,-0.04087,0.5257288934104208,0.513304026408708,0.70948296,0.281,-0.864,0.6183867964719062,0.04087,0.0,0.10209334,0,0,0,0,0,0,-0.166470512926551,7.766666666666667,7.74,,,,,,,,,,,,,0.114625
139,1956,OH,0.03362,0.3888579018519744,0.0130399999999999,1.04080848623283,1.03365306790197,-0.0251154866157224,0,4,0.02,0.015,4.1,1,9207.0,25.0,75.0,75.0,0.0674810073229937,0.0532274562080942,0.039007706197909,0.0181838976469459,0.4536526843008591,0.4536526843008591,0.4536526843008591,0.4536526843008591,0.0224700000000001,0.0395699999999999,0.02796,-0.0265299999999999,1,Eisenhower_1956,Stevenson_1956,-0.7466233864400087,-0.4592720236288436,-0.8115763,,,-0.03362,0.5257288934104208,0.513304026408708,0.70948296,0.281,-0.864,0.6111420981480256,0.03362,0.0,0.10209334,0,0,0,0,0,0,0.109927005497815,4.5,8.96,,,,,,,,,,,,,0.017755
140,1956,OK,-0.0262099999999999,0.4486891255018327,-0.00863,1.04080848623283,1.03365306790197,-0.0251154866157224,0,4,0.02,0.015,4.1,1,2273.0,8.0,75.0,75.0,-0.1280364800176721,-0.0890575974128537,-0.0973629660685463,-0.1343148093725636,0.6491701716415249,0.6491701716415249,0.6491701716415249,0.6491701716415249,-0.1037699999999999,-0.0192099999999999,-0.0261899999999999,0.0105799999999999,1,Eisenhower_1956,Stevenson_1956,-0.7466233864400087,-0.4592720236288436,-0.8115763,,,0.0262099999999999,0.5257288934104208,0.513304026408708,0.70948296,0.281,-0.864,0.5513108744981672,-0.0262099999999999,0.0,0.10209334,0,0,0,0,0,0,-0.230828346743034,4.666666666666667,4.34,,,,,,,,,,,,,-0.05619999999999995
141,1956,OR,-0.0250499999999999,0.4475330921686739,0.05413,1.04080848623283,1.03365306790197,-0.0251154866157224,0,4,0.02,0.015,4.1,1,1698.0,6.0,75.0,75.0,0.0656686262157826,0.111073698230475,0.0907543918818356,0.2128990011359481,0.4554650654080701,0.4554650654080701,0.4554650654080701,0.4554650654080701,0.04131,0.01319,0.00935,0.0409399999999999,1,Eisenhower_1956,Stevenson_1956,-0.7466233864400087,-0.4592720236288436,-0.8115763,,,0.0250499999999999,0.5257288934104208,0.513304026408708,0.70948296,0.281,-0.864,0.5524669078313261,-0.0250499999999999,0.0,0.10209334,0,0,0,0,0,0,0.905346402220748,8.966666666666667,9.6,,,,,,,,,,,,,0.04772
142,1956,PA,-0.0114499999999999,0.4339303454045864,-0.02498,1.04080848623283,1.03365306790197,-0.0251154866157224,0,4,0.02,0.015,4.1,1,10972.0,32.0,75.0,75.0,0.0147165469721837,0.0214875562044092,0.0246281795259278,0.049647340642225,0.5064171446516691,0.5064171446516691,0.5064171446516691,0.5064171446516691,0.04419,0.02378,0.01538,-0.04876,1,Eisenhower_1956,Stevenson_1956,-0.7466233864400087,-0.4592720236288436,-0.8115763,,,0.0114499999999999,0.5257288934104208,0.513304026408708,0.70948296,0.281,-0.864,0.5660696545954136,-0.0114499999999999,0.0,0.10209334,0,0,0,0,0,0,1.04314632943118,5.9,9.06,,,,,,,,,,,,,0.009605
143,1956,RI,0.00507,0.417405168610636,-0.0453,1.04080848623283,1.03365306790197,-0.0251154866157224,0,4,0.02,0.015,4.1,1,840.0,4.0,75.0,75.0,-0.077531020289421,-0.0432933558290163,-0.1176407427381546,-0.0692491256627297,0.5986647119132739,0.5986647119132739,0.5986647119132739,0.5986647119132739,-0.0578799999999999,-0.0490399999999999,-0.0178399999999999,0.0037399999999999,1,Eisenhower_1956,Stevenson_1956,-0.7466233864400087,-0.4592720236288436,-0.8115763,,,-0.00507,0.5257288934104208,0.513304026408708,0.70948296,0.281,-0.864,0.5825948313893641,0.00507,0.0,0.10209334,0,0,0,0,0,0,1.29835535273385,9.0,6.859999999999999,,,,,,,,,,,,,-0.05158999999999995
144,1956,SC,-0.22057,0.6430457580444378,-0.06174,1.04080848623283,1.03365306790197,-0.0251154866157224,0,4,0.02,0.015,4.1,1,2229.0,8.0,75.0,75.0,-0.4661606936802402,-0.4823296516007317,-0.4983782736985569,-0.4123581642093744,0.9872943853040932,0.9872943853040932,0.9872943853040932,0.9872943853040932,-0.3409999999999999,-0.41384,-0.4063299999999999,0.3520999999999999,1,Eisenhower_1956,Stevenson_1956,-0.7466233864400087,-0.4592720236288436,-0.8115763,,,0.22057,0.5257288934104208,0.513304026408708,0.70948296,0.281,-0.864,0.3569542419555622,-0.22057,8.0,0.10209334,0,0,0,0,0,0,-1.1896187012787,2.7,1.2200000000000002,,,,,,,,,,,,,-0.20136999999999997
145,1956,SD,0.00633,0.4161479903490473,0.1382,1.04080848623283,1.03365306790197,-0.0251154866157224,0,4,0.02,0.015,4.1,1,670.0,4.0,75.0,75.0,0.1149576349202576,0.1837638775947834,0.1082698698129918,0.1025923686310754,0.4061760567035952,0.4061760567035952,0.4061760567035952,0.4061760567035952,0.04796,0.12102,0.12409,0.0171799999999999,1,Eisenhower_1956,Stevenson_1956,-0.7466233864400087,-0.4592720236288436,-0.8115763,,,-0.00633,0.5257288934104208,0.513304026408708,0.70948296,0.281,-0.864,0.5838520096509527,0.00633,0.0,0.10209334,0,0,0,0,0,0,-0.986297368642472,6.066666666666666,6.459999999999999,,,,,,,,,,,,,0.09308
146,1956,TN,-0.0743699999999999,0.4968540316392666,-0.05315,1.04080848623283,1.03365306790197,-0.0251154866157224,0,4,0.02,0.015,4.1,1,3415.0,11.0,75.0,75.0,-0.0731539952110436,-0.2038248214675372,-0.1954353793605978,-0.0899659712666757,0.5942876868348964,0.5942876868348964,0.5942876868348964,0.5942876868348964,-0.0475899999999999,-0.06874,-0.1251799999999999,0.0155899999999999,1,Eisenhower_1956,Stevenson_1956,-0.7466233864400087,-0.4592720236288436,-0.8115763,,,0.0743699999999999,0.5257288934104208,0.513304026408708,0.70948296,0.281,-0.864,0.5031459683607333,-0.0743699999999999,0.0,0.10209334,0,0,0,1,0,0,-0.944228068052774,3.566666666666667,5.36,,,,,,,,,,,,,-0.050369999999999956
147,1956,TX,-0.0206699999999999,0.4431455180598347,-0.02227,1.04080848623283,1.03365306790197,-0.0251154866157224,0,4,0.02,0.015,4.1,1,8830.0,24.0,75.0,75.0,-0.3540537252976176,-0.3703548686847565,-0.4030879384288507,-0.3992095590253397,0.8751874169214704,0.8751874169214704,0.8751874169214704,0.8751874169214704,-0.2071999999999999,-0.2733,-0.2605499999999999,0.25103,1,Eisenhower_1956,Stevenson_1956,-0.7466233864400087,-0.4592720236288436,-0.8115763,,,0.0206699999999999,0.5257288934104208,0.513304026408708,0.70948296,0.281,-0.864,0.5568544819401653,-0.0206699999999999,0.0,0.10209334,0,0,0,0,0,0,-0.63983005427578,1.7000000000000002,6.26,,,,,,,,,,,,,-0.11473499999999996
148,1956,UT,0.06809,0.3543885387505801,0.0347299999999999,1.04080848623283,1.03365306790197,-0.0251154866157224,0,4,0.02,0.015,4.1,1,809.0,4.0,75.0,75.0,0.0777481564052992,0.0544096537580647,-0.0230771750432843,-0.0425171576088468,0.4433855352185536,0.4433855352185536,0.4433855352185536,0.4433855352185536,-0.0215399999999998,-0.0675,-0.0735199999999999,0.1022299999999999,1,Eisenhower_1956,Stevenson_1956,-0.7466233864400087,-0.4592720236288436,-0.8115763,,,-0.06809,0.5257288934104208,0.513304026408708,0.70948296,0.281,-0.864,0.6456114612494199,0.06809,0.0,0.10209334,0,0,0,0,0,0,0.0159890752150656,8.966666666666667,8.92,,,,,,,,,,,,,0.0065950000000000505
149,1956,VT,0.14427,0.2782089591274952,0.16225,1.04080848623283,1.03365306790197,-0.0251154866157224,0,4,0.02,0.015,4.1,1,377.0,3.0,75.0,75.0,0.1349036900488291,0.2158558292737803,0.2434304019738004,0.1465496475411037,0.3862300015750236,0.3862300015750236,0.3862300015750236,0.3862300015750236,0.14869,0.10837,0.09943,0.0538799999999999,1,Eisenhower_1956,Stevenson_1956,-0.7466233864400087,-0.4592720236288436,-0.8115763,,,-0.14427,0.5257288934104208,0.513304026408708,0.70948296,0.281,-0.864,0.7217910408725048,0.14427,0.0,0.10209334,0,0,0,0,0,0,-0.658976143307635,8.3,11.5,,,,,,,,,,,,,0.15547
150,1956,VA,0.0132,0.4092819071289583,0.0105299999999999,1.04080848623283,1.03365306790197,-0.0251154866157224,0,4,0.02,0.015,4.1,1,3722.0,12.0,75.0,75.0,-0.0932438290087734,-0.1847051073539001,-0.2494890931770369,-0.1389268950598903,0.6143775206326263,0.6143775206326263,0.6143775206326263,0.6143775206326263,-0.0148099999999999,-0.0874599999999999,-0.1332999999999999,0.0979899999999999,1,Eisenhower_1956,Stevenson_1956,-0.7466233864400087,-0.4592720236288436,-0.8115763,,,-0.0132,0.5257288934104208,0.513304026408708,0.70948296,0.281,-0.864,0.5907180928710416,0.0132,0.0,0.10209334,0,0,0,0,0,0,-1.11721448979377,1.5666666666666664,4.88,,,,,,,,,,,,,-0.0021399999999999995
151,1956,WA,-0.0349199999999999,0.4573966794702265,-0.00586,1.04080848623283,1.03365306790197,-0.0251154866157224,0,4,0.02,0.015,4.1,1,2668.0,9.0,75.0,75.0,0.0169391300952383,0.0281876569103614,0.0267714343825704,0.0377249803885119,0.5041945615286144,0.5041945615286144,0.5041945615286144,0.5041945615286144,-0.0283899999999999,-0.03597,-0.0392699999999999,0.03011,1,Eisenhower_1956,Stevenson_1956,-0.7466233864400087,-0.4592720236288436,-0.8115763,,,0.0349199999999999,0.5257288934104208,0.513304026408708,0.70948296,0.281,-0.864,0.5426033205297736,-0.0349199999999999,0.0,0.10209334,0,0,0,0,0,0,0.909025052671792,9.533333333333331,9.98,,,,,,,,,,,,,-0.01712499999999995
152,1956,WV,-0.0367399999999999,0.4592197450504374,-0.07376,1.04080848623283,1.03365306790197,-0.0251154866157224,0,4,0.02,0.015,4.1,1,1857.0,8.0,75.0,75.0,-0.0536128119636851,-0.0407188008918764,-0.0640169547599355,-0.0448137929010786,0.574746503587538,0.574746503587538,0.574746503587538,0.574746503587538,-0.0520499999999999,-0.01114,-0.0209899999999999,-0.06262,1,Eisenhower_1956,Stevenson_1956,-0.7466233864400087,-0.4592720236288436,-0.8115763,,,0.0367399999999999,0.5257288934104208,0.513304026408708,0.70948296,0.281,-0.864,0.5407802549495626,-0.0367399999999999,0.0,0.10209334,0,0,0,0,0,0,-0.790553578551892,3.333333333333333,6.94,,,,,,,,,,,,,-0.06290499999999996
153,1956,WI,0.04186,0.380619766841462,0.0570899999999999,1.04080848623283,1.03365306790197,-0.0251154866157224,0,4,0.02,0.015,4.1,1,3742.0,12.0,75.0,75.0,0.0461701716261875,0.1138029001622134,0.0777932961270815,0.1069089697853612,0.4749635199976653,0.4749635199976653,0.4749635199976653,0.4749635199976653,0.00095,0.0468399999999999,0.04075,0.0102499999999999,1,Eisenhower_1956,Stevenson_1956,-0.7466233864400087,-0.4592720236288436,-0.8115763,,,-0.04186,0.5257288934104208,0.513304026408708,0.70948296,0.281,-0.864,0.619380233158538,0.04186,0.0,0.10209334,0,0,0,0,0,0,0.867851841631321,7.133333333333334,9.94,,,,,,,,,,,,,0.02901999999999995
154,1956,WY,0.02326,0.39922015355241,0.0738399999999999,1.04080848623283,1.03365306790197,-0.0251154866157224,0,4,0.02,0.015,4.1,1,312.0,3.0,75.0,75.0,0.0829769338483427,0.0990441489868774,0.0465184739553831,0.0537181759573114,0.43815675777551,0.43815675777551,0.43815675777551,0.43815675777551,0.00173,0.05008,0.02027,0.0237599999999999,1,Eisenhower_1956,Stevenson_1956,-0.7466233864400087,-0.4592720236288436,-0.8115763,,,-0.02326,0.5257288934104208,0.513304026408708,0.70948296,0.281,-0.864,0.60077984644759,0.02326,0.0,0.10209334,0,0,0,0,0,0,-0.272891953637348,8.0,7.0,,,,,,,,,,,,,0.03778499999999995
155,1956,USA,0.0,0.4224834860232588,0.0,1.04080848623283,1.03365306790197,-0.0251154866157224,0,4,0.02,0.015,4.1,1,,,75.0,75.0,,,,,0.5211336916238528,0.5211336916238528,0.5211336916238528,0.5211336916238528,0.0,0.0,0.0,0.0,1,Eisenhower_1956,Stevenson_1956,-0.7466233864400087,-0.4592720236288436,-0.8115763,,,-0.0,0.5257288934104208,0.513304026408708,0.70948296,0.281,-0.864,0.5775165139767411,0.0,,0.10209334,0,0,0,0,0,0,,,,,,,,,,,,,,,,0.0
156,1960,AL,-0.07137,0.5721951377354013,-0.1668599999999999,1.01960254968796,1.01748957080246,-0.0497364834714233,0,8,0.0088,0.015,5.5,0,3274.0,11.0,,59.0,-0.419166524417332,-0.3558052473428122,-0.4387100751386221,-0.447516289962007,0.9744962877695416,0.9744962877695416,0.9744962877695416,0.9744962877695416,-0.20281,,-0.27931,,1,Nixon_1960,Kennedy_1960,-0.6671013689493569,-0.5403200277986395,-0.8361969,-0.472,-0.487,0.07137,0.6847729283917244,0.351208018069116,0.72983597,0.162,-0.388,0.4278048622645987,-0.07137,11.0,0.10636093,0,0,0,0,0,0,-1.16235492755611,0.3999999999999999,1.94,-0.0042468796331787,0.8885454545454545,-0.0602803884444444,41.19253540039063,60.18840408325195,,,,,,,,-0.18483499999999994
157,1960,AK,0.0102399999999999,0.4905862216516902,,1.01960254968796,1.01748957080246,-0.0497364834714233,0,8,0.0088,0.015,5.5,0,229.0,0.0,,59.0,-0.0205108675708639,,,,0.5758406309230735,0.5758406309230735,0.5758406309230735,0.5758406309230735,,,,,1,Nixon_1960,Kennedy_1960,-0.6671013689493569,-0.5403200277986395,-0.8361969,-0.472,-0.487,-0.0102399999999999,0.6847729283917244,0.351208018069116,0.72983597,0.162,-0.388,0.5094137783483098,0.0102399999999999,0.0,0.10636093,0,0,0,0,0,0,0.245612247727959,,,-0.2181776153309631,,,67.85103607177734,77.88397216796875,,,,,,,,
158,1960,AZ,0.05668,0.4441488158945988,0.03306,1.01960254968796,1.01748957080246,-0.0497364834714233,0,8,0.0088,0.015,5.5,0,1321.0,4.0,,59.0,0.0528786518885421,-0.0165156726363284,-0.0222309205998515,-0.016730880506425,0.5024511114636674,0.5024511114636674,0.5024511114636674,0.5024511114636674,0.02898,-0.0273699999999998,-0.0520399999999999,0.0604299999999999,1,Nixon_1960,Kennedy_1960,-0.6671013689493569,-0.5403200277986395,-0.8361969,-0.472,-0.487,-0.05668,0.6847729283917244,0.351208018069116,0.72983597,0.162,-0.388,0.5558511841054012,0.05668,0.0,0.10636093,0,0,0,0,0,0,-0.437309803241261,5.65,4.300000000000001,0.0199608337444305,0.01975,-0.01586966,38.17594528198242,46.5794792175293,,,,,,,,0.03102
159,1960,AR,-0.03739,0.5382185770741096,-0.1112899999999999,1.01960254968796,1.01748957080246,-0.0497364834714233,0,8,0.0088,0.015,5.5,0,1789.0,8.0,,59.0,-0.4446702366477905,-0.3656269248445839,-0.4788514457341953,-0.3581466337728198,1.0,1.0,1.0,1.0,-0.11543,-0.22229,-0.16322,0.111,1,Nixon_1960,Kennedy_1960,-0.6671013689493569,-0.5403200277986395,-0.8361969,-0.472,-0.487,0.03739,0.6847729283917244,0.351208018069116,0.72983597,0.162,-0.388,0.4617814229258904,-0.03739,8.0,0.10636093,0,0,0,0,0,0,-0.88990000928708,4.050000000000001,2.32,0.1226881581205749,0.92225,-0.0175794395260347,25.37480926513672,57.2874755859375,,,,,,,,-0.11335999999999996
160,1960,CA,0.0035799999999999,0.4972529315661244,-0.02176,1.01960254968796,1.01748957080246,-0.0497364834714233,0,8,0.0088,0.015,5.5,0,15870.0,32.0,,59.0,0.0224257305022551,0.0329828003832219,0.0326999861655582,0.0454150799004007,0.5329040328499544,0.5329040328499544,0.5329040328499544,0.5329040328499544,0.0189599999999999,0.02135,-0.03017,-0.04311,1,Nixon_1960,Kennedy_1960,-0.6671013689493569,-0.5403200277986395,-0.8361969,-0.472,-0.487,-0.0035799999999999,0.6847729283917244,0.351208018069116,0.72983597,0.162,-0.388,0.5027470684338756,0.0035799999999999,0.0,0.10636093,1,0,0,0,0,0,1.17437500303485,8.6,8.54,-0.1858255617112731,-0.074374053030303,-0.1062030186708449,63.819557189941406,72.14759063720703,,,,,,,,-0.0014000000000000505
161,1960,CO,0.04969,0.4511421518930343,0.02156,1.01960254968796,1.01748957080246,-0.0497364834714233,0,8,0.0088,0.015,5.5,0,1769.0,6.0,,59.0,-0.026212502626473,-0.0210352399559845,0.0216579563565428,0.0521327140640414,0.5815422659786825,0.5815422659786825,0.5815422659786825,0.5815422659786825,0.05285,-0.0034899999999999,0.07193,0.02505,1,Nixon_1960,Kennedy_1960,-0.6671013689493569,-0.5403200277986395,-0.8361969,-0.472,-0.487,-0.04969,0.6847729283917244,0.351208018069116,0.72983597,0.162,-0.388,0.5488578481069657,0.04969,0.0,0.10636093,0,0,0,0,0,0,1.02583026577426,7.9,9.62,-0.2253874504872131,0.0530416666666666,-0.0865872648280385,68.74947357177734,72.89990234375,,,,,,,,0.037205
162,1960,CT,-0.0364799999999999,0.5373065612968857,0.0598,1.01960254968796,1.01748957080246,-0.0497364834714233,0,8,0.0088,0.015,5.5,0,2544.0,8.0,,59.0,0.0070408868939748,0.1176210551519206,0.0301863517479843,0.0425182717882196,0.5482888764582347,0.5482888764582347,0.5482888764582347,0.5482888764582347,0.0046799999999999,0.03209,0.0107199999999999,0.0277099999999999,1,Nixon_1960,Kennedy_1960,-0.6671013689493569,-0.5403200277986395,-0.8361969,-0.472,-0.487,0.0364799999999999,0.6847729283917244,0.351208018069116,0.72983597,0.162,-0.388,0.4626934387031143,-0.0364799999999999,8.0,0.10636093,0,0,0,0,0,0,1.1488133156906,7.0,7.4,-0.2206512818545531,-0.5443125,-0.144800659090909,68.15928649902344,63.80723571777344,,,,,,,,0.03223999999999995
163,1960,DC,,,,1.01960254968796,1.01748957080246,-0.0497364834714233,0,8,0.0088,0.015,5.5,0,765.0,0.0,,59.0,,,,,,,,,,,,,1,Nixon_1960,Kennedy_1960,-0.6671013689493569,-0.5403200277986395,-0.8361969,-0.472,-0.487,,0.6847729283917244,0.351208018069116,0.72983597,0.162,-0.388,,,0.0,0.10636093,0,0,0,0,0,0,,,,,,,,,,,,,,,,
164,1960,DE,-0.00738,0.5082081821568357,-0.0250199999999999,1.01960254968796,1.01748957080246,-0.0497364834714233,0,8,0.0088,0.015,5.5,0,449.0,3.0,,59.0,0.0530480476761944,0.0267915373201984,-0.0279986581362624,0.0172614293424784,0.5022817156760151,0.5022817156760151,0.5022817156760151,0.5022817156760151,-0.0350699999999999,0.03016,-0.00797,-0.05518,1,Nixon_1960,Kennedy_1960,-0.6671013689493569,-0.5403200277986395,-0.8361969,-0.472,-0.487,0.00738,0.6847729283917244,0.351208018069116,0.72983597,0.162,-0.388,0.4917918178431643,-0.00738,3.0,0.10636093,0,0,0,0,0,0,-0.447178587722817,4.65,5.54,0.0699248964787674,-0.0883333333333333,,31.949785232543945,39.247989654541016,,,,,,,,-0.030044999999999898
165,1960,FL,0.0159799999999999,0.4848540580866429,-0.0048099999999999,1.01960254968796,1.01748957080246,-0.0497364834714233,0,8,0.0088,0.015,5.5,0,5004.0,10.0,,59.0,-0.1624719853722467,-0.1187270912286785,-0.2606095047083936,-0.2434655827206128,0.7178017487244562,0.7178017487244562,0.7178017487244562,0.7178017487244562,-0.0044299999999999,-0.06838,-0.1654999999999999,0.06357,1,Nixon_1960,Kennedy_1960,-0.6671013689493569,-0.5403200277986395,-0.8361969,-0.472,-0.487,-0.0159799999999999,0.6847729283917244,0.351208018069116,0.72983597,0.162,-0.388,0.515145941913357,0.0159799999999999,0.0,0.10636093,0,0,0,0,0,0,-0.822850289394836,4.199999999999999,4.94,0.1822070585692215,0.60785,0.0166026704786789,17.95799446105957,54.94075393676758,,,,,,,,-0.0046199999999999
166,1960,GA,-0.12478,0.6256059800030009,-0.24813,1.01960254968796,1.01748957080246,-0.0497364834714233,0,8,0.0088,0.015,5.5,0,3956.0,12.0,,59.0,-0.4446640056713535,-0.390728900789874,-0.3927155362082327,-0.5019871751924154,0.9999937690235632,0.9999937690235632,0.9999937690235632,0.9999937690235632,-0.25111,-0.2448399999999999,-0.27974,-0.00329,1,Nixon_1960,Kennedy_1960,-0.6671013689493569,-0.5403200277986395,-0.8361969,-0.472,-0.487,0.12478,0.6847729283917244,0.351208018069116,0.72983597,0.162,-0.388,0.374394019996999,-0.12478,12.0,0.10636093,0,0,0,0,0,0,-0.901653162290069,3.15,2.74,0.1569967581026077,0.9371794871794872,0.041838278,21.099519729614254,55.3864860534668,,,,,,,,-0.24962
167,1960,HI,0.0005199999999999,0.5003113072196205,,1.01960254968796,1.01748957080246,-0.0497364834714233,0,8,0.0088,0.015,5.5,0,642.0,0.0,,59.0,,,,,,,,,,,,,1,Nixon_1960,Kennedy_1960,-0.6671013689493569,-0.5403200277986395,-0.8361969,-0.472,-0.487,-0.0005199999999999,0.6847729283917244,0.351208018069116,0.72983597,0.162,-0.388,0.4996886927803795,0.0005199999999999,0.0,0.10636093,0,0,0,0,0,0,0.232019297595641,,,-0.3065859536160278,,,78.86784362792969,49.94517135620117,,,,,,,,
168,1960,ID,0.0386799999999999,0.4621501081710767,0.03447,1.01960254968796,1.01748957080246,-0.0497364834714233,0,8,0.0088,0.015,5.5,0,671.0,4.0,,59.0,0.0353293730213696,0.0437163322393073,0.0658661478651143,0.0920426825540529,0.5200003903308399,0.5200003903308399,0.5200003903308399,0.5200003903308399,0.1007199999999999,0.00968,0.02024,0.0247899999999999,1,Nixon_1960,Kennedy_1960,-0.6671013689493569,-0.5403200277986395,-0.8361969,-0.472,-0.487,-0.0386799999999999,0.6847729283917244,0.351208018069116,0.72983597,0.162,-0.388,0.5378498918289233,0.0386799999999999,0.0,0.10636093,0,0,0,0,0,0,-0.128936558329305,8.8,8.74,-0.0587726661732482,0.276375,0.0374274470355731,47.98714447021485,48.69918441772461,,,,,,,,0.06759499999999996
169,1960,IL,-9.9999999999989e-05,0.5009330429503117,0.01882,1.01960254968796,1.01748957080246,-0.0497364834714233,0,8,0.0088,0.015,5.5,0,10086.0,27.0,,59.0,0.0011273370778822,0.043348477548924,0.0187715447851056,0.0375252202634601,0.5542024262743273,0.5542024262743273,0.5542024262743273,0.5542024262743273,-0.00494,0.01945,0.0202999999999999,-0.00063,1,Nixon_1960,Kennedy_1960,-0.6671013689493569,-0.5403200277986395,-0.8361969,-0.472,-0.487,9.9999999999989e-05,0.6847729283917244,0.351208018069116,0.72983597,0.162,-0.388,0.4990669570496883,-9.9999999999989e-05,27.0,0.10636093,0,0,0,0,0,0,0.658874674826713,6.199999999999999,8.24,-0.1410494302722931,-0.0880079365079365,-0.0507234513000471,58.2398796081543,38.14855194091797,,,,,,,,0.00694
170,1960,IN,0.05318,0.4476464621490798,0.02389,1.01960254968796,1.01748957080246,-0.0497364834714233,0,8,0.0088,0.015,5.5,0,4674.0,13.0,,59.0,0.019599504518057,0.0655431969808401,0.0481716251320242,0.0663001751415055,0.5357302588341525,0.5357302588341525,0.5357302588341525,0.5357302588341525,0.0318499999999999,0.02777,0.0662499999999999,-0.00388,1,Nixon_1960,Kennedy_1960,-0.6671013689493569,-0.5403200277986395,-0.8361969,-0.472,-0.487,-0.05318,0.6847729283917244,0.351208018069116,0.72983597,0.162,-0.388,0.5523535378509201,0.05318,0.0,0.10636093,0,0,0,0,0,0,-0.44117278097309,3.3,10.16,-0.132368301394577,-0.011826923076923,-0.0234207874578248,57.15810012817383,45.31604766845703,,,,,,,,0.02786999999999995
171,1960,IA,0.0683199999999999,0.4325124553594575,0.01481,1.01960254968796,1.01748957080246,-0.0497364834714233,0,8,0.0088,0.015,5.5,0,2756.0,10.0,,59.0,0.0527255130425395,0.0512353317448162,0.1064199930507059,0.1660730736595015,0.5026042503096699,0.5026042503096699,0.5026042503096699,0.5026042503096699,0.08726,0.00975,0.0603699999999999,0.00506,1,Nixon_1960,Kennedy_1960,-0.6671013689493569,-0.5403200277986395,-0.8361969,-0.472,-0.487,-0.0683199999999999,0.6847729283917244,0.351208018069116,0.72983597,0.162,-0.388,0.5674875446405425,0.0683199999999999,0.0,0.10636093,0,0,0,0,0,0,-0.270131821208066,6.6,10.46,-0.1332351836634063,-0.0059045454545454,0.0232143757699275,57.2661247253418,51.47093200683594,,,,,,,,0.051035000000000004
172,1960,KS,0.10803,0.3927956162463623,0.0792,1.01960254968796,1.01748957080246,-0.0497364834714233,0,8,0.0088,0.015,5.5,0,2183.0,8.0,,59.0,0.0518007744368005,0.0385963625691997,0.086112385063898,0.0923119570248968,0.503528988915409,0.503528988915409,0.503528988915409,0.503528988915409,0.13827,0.0696,0.14372,0.0095999999999999,1,Nixon_1960,Kennedy_1960,-0.6671013689493569,-0.5403200277986395,-0.8361969,-0.472,-0.487,-0.10803,0.6847729283917244,0.351208018069116,0.72983597,0.162,-0.388,0.6072043837536377,0.10803,0.0,0.10636093,0,0,0,0,0,0,-0.0673525076705128,7.050000000000001,8.620000000000001,-0.0665098919548034,0.0980625,0.0408425061050061,48.95130157470703,51.65104293823242,,,,,,,,0.108735
173,1960,KY,0.0367399999999999,0.4640930507211449,-0.0318699999999999,1.01960254968796,1.01748957080246,-0.0497364834714233,0,8,0.0088,0.015,5.5,0,3041.0,10.0,,59.0,-0.0584275904139737,0.0251330993706825,-0.0132413958662462,-0.0233680182435667,0.6137573537661832,0.6137573537661832,0.6137573537661832,0.6137573537661832,-0.0548699999999999,-0.0539899999999999,-0.00858,0.02212,1,Nixon_1960,Kennedy_1960,-0.6671013689493569,-0.5403200277986395,-0.8361969,-0.472,-0.487,-0.0367399999999999,0.6847729283917244,0.351208018069116,0.72983597,0.162,-0.388,0.5359069492788551,0.0367399999999999,0.0,0.10636093,0,0,0,0,0,0,-0.468746157498945,3.65,7.46,-0.1665725895844269,0.3179409090909091,-0.0607535337650602,61.42039108276367,64.10606384277344,,,,,,,,-0.043369999999999895
174,1960,LA,-0.13731,0.6381433107897462,-0.0032899999999999,1.01960254968796,1.01748957080246,-0.0497364834714233,0,8,0.0088,0.015,5.5,0,3260.0,10.0,,59.0,-0.4218209652722441,-0.3447011556141005,-0.4408923472162149,-0.4151326659789852,0.9771507286244536,0.9771507286244536,0.9771507286244536,0.9771507286244536,-0.08374,-0.12866,-0.26831,0.12537,1,Nixon_1960,Kennedy_1960,-0.6671013689493569,-0.5403200277986395,-0.8361969,-0.472,-0.487,0.13731,0.6847729283917244,0.351208018069116,0.72983597,0.162,-0.388,0.3618566892102538,-0.13731,10.0,0.10636093,0,0,0,0,0,0,-0.173260472308036,5.35,1.4,0.0925803003878784,0.87835,-0.0423773635044642,29.126632690429688,57.77666091918945,,,,,,,,-0.04351499999999995
175,1960,ME,0.0713099999999999,0.4295238840402402,0.13113,1.01960254968796,1.01748957080246,-0.0497364834714233,0,8,0.0088,0.015,5.5,0,975.0,5.0,,59.0,0.0230578706746196,0.0215675660597857,0.0715630626632418,0.1694426906077957,0.5322718926775899,0.5322718926775899,0.5322718926775899,0.5322718926775899,0.1071499999999999,0.09678,0.06274,0.0343499999999999,1,Nixon_1960,Kennedy_1960,-0.6671013689493569,-0.5403200277986395,-0.8361969,-0.472,-0.487,-0.0713099999999999,0.6847729283917244,0.351208018069116,0.72983597,0.162,-0.388,0.5704761159597598,0.0713099999999999,0.0,0.10636093,0,0,0,0,0,0,-0.119827947992233,7.7,9.06,-0.2136436110638427,-0.2287,-0.0400449450617283,67.28604125976562,41.54929733276367,,,,,,,,0.11913999999999994
176,1960,MD,-0.0353099999999999,0.5361350684988619,0.02283,1.01960254968796,1.01748957080246,-0.0497364834714233,0,8,0.0088,0.015,5.5,0,3113.0,9.0,,59.0,-0.0960935593463017,-0.0060533180029115,-0.0154905667961943,0.0163722013007418,0.6514233226985112,0.6514233226985112,0.6514233226985112,0.6514233226985112,0.0036399999999999,0.03083,0.01922,-0.008,1,Nixon_1960,Kennedy_1960,-0.6671013689493569,-0.5403200277986395,-0.8361969,-0.472,-0.487,0.0353099999999999,0.6847729283917244,0.351208018069116,0.72983597,0.162,-0.388,0.463864931501138,-0.0353099999999999,9.0,0.10636093,0,0,0,0,0,0,-0.295904091186982,5.55,7.0600000000000005,-0.1967827846087646,-0.1146111111111111,-0.1002676519642857,65.18496704101562,63.365909576416016,,,,,,,,0.01323499999999995
177,1960,MA,-0.10275,0.6035794935233392,0.01751,1.01960254968796,1.01748957080246,-0.0497364834714233,0,8,0.0088,0.015,5.5,0,5160.0,16.0,,59.0,-0.0198021338744441,0.0213450101253959,0.0181114395988304,0.0299568199452458,0.5751318972266537,0.5751318972266537,0.5751318972266537,0.5751318972266537,-0.01058,-0.0351099999999999,0.0086199999999999,0.05262,1,Nixon_1960,Kennedy_1960,-0.6671013689493569,-0.5403200277986395,-0.8361969,-0.472,-0.487,0.10275,0.6847729283917244,0.351208018069116,0.72983597,0.162,-0.388,0.3964205064766608,-0.10275,16.0,0.10636093,0,1,1,0,0,0,1.48372090671986,11.5,7.18,-0.2752277013232421,-0.303640625,-0.1490386529010538,74.960205078125,65.93449401855469,,,,,,,,0.003465
178,1960,MI,-0.00927,0.5101038577596436,-0.0199699999999999,1.01960254968796,1.01748957080246,-0.0497364834714233,0,8,0.0088,0.015,5.5,0,7834.0,20.0,,59.0,0.0244682425365128,0.0088243084671688,0.0040270784631823,0.0234273022649622,0.5308615208156967,0.5308615208156967,0.5308615208156967,0.5308615208156967,0.0031499999999999,0.03231,0.03261,-0.05228,1,Nixon_1960,Kennedy_1960,-0.6671013689493569,-0.5403200277986395,-0.8361969,-0.472,-0.487,0.00927,0.6847729283917244,0.351208018069116,0.72983597,0.162,-0.388,0.4898961422403564,-0.00927,20.0,0.10636093,0,0,0,0,0,0,0.753428848867356,7.050000000000001,9.34,-0.1752382898067473,-0.1148595238095238,-0.0762179339960905,62.500247955322266,57.84962463378906,,,,,,,,-0.00841
179,1960,MN,-0.00633,0.5071587048915107,-0.0394499999999999,1.01960254968796,1.01748957080246,-0.0497364834714233,0,8,0.0088,0.015,5.5,0,3425.0,11.0,,59.0,0.028070498035406,-0.0058459169922475,-0.0093158926418777,0.03781998493287,0.5272592653168034,0.5272592653168034,0.5272592653168034,0.5272592653168034,0.00189,-0.0652599999999999,0.0097899999999999,0.02581,1,Nixon_1960,Kennedy_1960,-0.6671013689493569,-0.5403200277986395,-0.8361969,-0.472,-0.487,0.00633,0.6847729283917244,0.351208018069116,0.72983597,0.162,-0.388,0.4928412951084893,-0.00633,11.0,0.10636093,0,0,0,0,0,0,0.662391155044971,7.25,9.92,-0.1337367986382293,0.0086325757575757,-0.1108093740756381,57.32863235473633,63.21876907348633,,,,,,,,-0.01877999999999995
180,1960,MS,-0.09482,0.5956476091533232,-0.2817599999999999,1.01960254968796,1.01748957080246,-0.0497364834714233,0,8,0.0088,0.015,5.5,0,2182.0,8.0,,59.0,-0.4446702366477905,-0.4927454488645423,-0.4788663083761472,-0.4769408456087042,1.0,1.0,1.0,1.0,-0.1588899999999999,-0.2698499999999999,-0.3978399999999999,-0.01191,1,Nixon_1960,Kennedy_1960,-0.6671013689493569,-0.5403200277986395,-0.8361969,-0.472,-0.487,0.09482,0.6847729283917244,0.351208018069116,0.72983597,0.162,-0.388,0.4043523908466768,-0.09482,8.0,0.10636093,0,0,0,0,0,0,-1.82705959234865,2.6,0.0,0.2170500135001755,0.993,0.0614394728494623,13.616117477416992,50.57847213745117,,,,,,,,-0.22032499999999988
181,1960,MO,-0.00175,0.5025795819112893,-0.07861,1.01960254968796,1.01748957080246,-0.0497364834714233,0,8,0.0088,0.015,5.5,0,4326.0,13.0,,59.0,-0.0762083841260773,-0.0899551103791788,-0.0407483504387361,-0.0237345093081532,0.6315381474782868,0.6315381474782868,0.6315381474782868,0.6315381474782868,-0.04669,-0.0596999999999999,0.0229899999999999,-0.01891,1,Nixon_1960,Kennedy_1960,-0.6671013689493569,-0.5403200277986395,-0.8361969,-0.472,-0.487,0.00175,0.6847729283917244,0.351208018069116,0.72983597,0.162,-0.388,0.4974204180887107,-0.00175,13.0,0.10636093,0,0,0,0,0,0,-0.674523672369415,4.25,,-0.1277930928215789,0.2436304945054945,-0.0105505949189188,56.58797073364258,65.90310668945312,,,,,,,,-0.06265
182,1960,MT,0.01339,0.4874427243687033,-0.0061699999999999,1.01960254968796,1.01748957080246,-0.0497364834714233,0,8,0.0088,0.015,5.5,0,679.0,4.0,,59.0,-0.0912752718175655,-0.049153275784223,-0.0003117354206321,0.0634937752220498,0.6466050351697751,0.6466050351697751,0.6466050351697751,0.6466050351697751,0.0425599999999999,-0.0279599999999999,-0.00939,0.02179,1,Nixon_1960,Kennedy_1960,-0.6671013689493569,-0.5403200277986395,-0.8361969,-0.472,-0.487,-0.01339,0.6847729283917244,0.351208018069116,0.72983597,0.162,-0.388,0.5125572756312967,0.01339,0.0,0.10636093,0,0,0,0,0,0,0.0747787067727691,7.6,7.180000000000001,-0.1119078533085632,0.3558125,-0.1491519175925926,54.60846710205078,56.47242736816406,,,,,,,,0.018195000000000003
183,1960,NE,0.1215399999999999,0.3792919531230886,0.07762,1.01960254968796,1.01748957080246,-0.0497364834714233,0,8,0.0088,0.015,5.5,0,1417.0,6.0,,59.0,0.08502844498555,0.1021639914459511,0.1367013013511637,0.1804177064829366,0.4703013183666595,0.4703013183666595,0.4703013183666595,0.4703013183666595,0.1370199999999999,0.06523,0.1235399999999999,0.0123899999999999,1,Nixon_1960,Kennedy_1960,-0.6671013689493569,-0.5403200277986395,-0.8361969,-0.472,-0.487,-0.1215399999999999,0.6847729283917244,0.351208018069116,0.72983597,0.162,-0.388,0.6207080468769114,0.1215399999999999,0.0,0.10636093,0,0,0,0,0,0,-0.660488756135382,5.7,10.0,0.1541478752512741,0.0248611111111111,0.0825978756270902,21.45452690124512,46.692657470703125,,,,,,,,0.10731999999999994
184,1960,NV,-0.0107899999999999,0.5116205356726673,0.0021599999999999,1.01960254968796,1.01748957080246,-0.0497364834714233,0,8,0.0088,0.015,5.5,0,291.0,3.0,,59.0,-0.1133730315656799,-0.0349098291560948,0.0662261979673142,0.0027763411547524,0.6687027949178894,0.6687027949178894,0.6687027949178894,0.6687027949178894,0.0599299999999999,0.0077600000000001,-0.0084699999999999,-0.0056000000000001,1,Nixon_1960,Kennedy_1960,-0.6671013689493569,-0.5403200277986395,-0.8361969,-0.472,-0.487,0.0107899999999999,0.6847729283917244,0.351208018069116,0.72983597,0.162,-0.388,0.4883794643273327,-0.0107899999999999,3.0,0.10636093,0,0,0,0,0,0,-0.880726372431834,5.0,6.98,-0.1248340971260833,0.3965208333333333,,56.21924209594727,50.319183349609375,,,,,,,,0.0310449999999999
185,1960,NH,0.0350099999999999,0.4658220657896071,0.08389,1.01960254968796,1.01748957080246,-0.0497364834714233,0,8,0.0088,0.015,5.5,0,609.0,4.0,,59.0,0.1420507520027912,0.1208130216796224,0.0681592841607698,0.1291574128052741,0.4132790113494183,0.4132790113494183,0.4132790113494183,0.4132790113494183,0.0546999999999999,0.05271,0.01651,0.0311799999999999,1,Nixon_1960,Kennedy_1960,-0.6671013689493569,-0.5403200277986395,-0.8361969,-0.472,-0.487,-0.0350099999999999,0.6847729283917244,0.351208018069116,0.72983597,0.162,-0.388,0.5341779342103928,0.0350099999999999,0.0,0.10636093,0,0,0,0,0,0,-0.0776187924172974,8.6,10.3,-0.114906308402481,-0.4469375,0.0121741566666666,54.98211288452149,36.55684280395508,,,,,,,,0.06929499999999995
186,1960,NJ,-0.00319,0.5040183880681287,0.07643,1.01960254968796,1.01748957080246,-0.0497364834714233,0,8,0.0088,0.015,5.5,0,6103.0,16.0,,59.0,0.056850364419117,0.0958621650885712,0.0339824013897646,0.0719686353143527,0.4984793989330925,0.4984793989330925,0.4984793989330925,0.4984793989330925,0.0205099999999999,0.04653,0.03093,0.0298999999999999,1,Nixon_1960,Kennedy_1960,-0.6671013689493569,-0.5403200277986395,-0.8361969,-0.472,-0.487,0.00319,0.6847729283917244,0.351208018069116,0.72983597,0.162,-0.388,0.4959816119318713,-0.00319,16.0,0.10636093,0,0,0,0,0,0,1.28688812405754,8.0,7.52,-0.2827791709918212,-0.5151691176470589,-0.1415616332693644,75.90121459960938,65.65572357177734,,,,,,,,0.04846999999999995
187,1960,NM,-0.00287,0.5037028667355372,0.00293,1.01960254968796,1.01748957080246,-0.0497364834714233,0,8,0.0088,0.015,5.5,0,954.0,4.0,,59.0,-0.082533519074558,-0.0207431057156299,-0.0723113378861901,-0.0216359479387431,0.6378632824267676,0.6378632824267676,0.6378632824267676,0.6378632824267676,0.0012099999999999,-0.0440199999999999,0.00256,0.0469499999999999,1,Nixon_1960,Kennedy_1960,-0.6671013689493569,-0.5403200277986395,-0.8361969,-0.472,-0.487,0.00287,0.6847729283917244,0.351208018069116,0.72983597,0.162,-0.388,0.4962971332644628,-0.00287,4.0,0.10636093,0,0,0,0,0,0,0.245443470772658,7.45,5.16,-0.0839064356111145,0.348,-0.0337349527027027,51.11913299560547,61.15442657470703,,,,,,,,0.00206999999999995
188,1960,NY,-0.02553,0.5263633470138956,0.03456,1.01960254968796,1.01748957080246,-0.0497364834714233,0,8,0.0088,0.015,5.5,0,16838.0,45.0,,59.0,0.0720023504838805,0.0757683356309006,0.0505120845763895,0.0635729155049892,0.483327412868329,0.483327412868329,0.483327412868329,0.483327412868329,0.0055699999999999,0.02912,0.01258,0.00544,1,Nixon_1960,Kennedy_1960,-0.6671013689493569,-0.5403200277986395,-0.8361969,-0.472,-0.487,0.02553,0.6847729283917244,0.351208018069116,0.72983597,0.162,-0.388,0.4736366529861043,-0.02553,45.0,0.10636093,0,0,0,0,0,0,1.8070897735351,10.85,7.82,-0.2125029313865661,-0.3176330429643335,-0.141199634525913,67.1438980102539,38.41868209838867,,,,,,,,0.02006499999999995
189,1960,NC,-0.02026,0.5210864590122728,-0.0841599999999999,1.01960254968796,1.01748957080246,-0.0497364834714233,0,8,0.0088,0.015,5.5,0,4573.0,14.0,,59.0,-0.1528074525328304,-0.1911493509809159,-0.1245903750602598,-0.1822086678022853,0.70813721588504,0.70813721588504,0.70813721588504,0.70813721588504,-0.09362,-0.1159899999999999,-0.12939,0.0318299999999999,1,Nixon_1960,Kennedy_1960,-0.6671013689493569,-0.5403200277986395,-0.8361969,-0.472,-0.487,0.02026,0.6847729283917244,0.351208018069116,0.72983597,0.162,-0.388,0.4789135409877272,-0.02026,14.0,0.10636093,0,0,0,0,0,0,-0.601439393151718,1.7000000000000002,3.64,0.2102446677901649,0.8500809523809524,0.0772308241448428,14.464150428771973,52.47556686401367,,,,,,,,-0.08888999999999994
190,1960,ND,0.05536,0.4454726114283455,0.04087,1.01960254968796,1.01748957080246,-0.0497364834714233,0,8,0.0088,0.015,5.5,0,634.0,4.0,,59.0,0.035927876933796,0.1332459825857515,0.1450978511028177,0.2823457185478192,0.5194018864184134,0.5194018864184134,0.5194018864184134,0.5194018864184134,0.15974,0.06951,0.0797899999999999,-0.02864,1,Nixon_1960,Kennedy_1960,-0.6671013689493569,-0.5403200277986395,-0.8361969,-0.472,-0.487,-0.05536,0.6847729283917244,0.351208018069116,0.72983597,0.162,-0.388,0.5545273885716544,0.05536,0.0,0.10636093,0,0,0,0,0,0,-0.363889567790192,7.7,8.86,-0.0018347440567016,0.1906458333333333,-0.1604609339285714,40.89195251464844,39.29733276367188,,,,,,,,0.10030499999999999
191,1960,OH,0.0336699999999999,0.467158546216967,0.03362,1.01960254968796,1.01748957080246,-0.0497364834714233,0,8,0.0088,0.015,5.5,0,9734.0,25.0,,59.0,0.0470647896890303,0.0800013293171812,0.0674810073229937,0.0532274562080942,0.5082649736631791,0.5082649736631791,0.5082649736631791,0.5082649736631791,0.0130399999999999,0.0224700000000001,0.0395699999999999,0.0111499999999999,1,Nixon_1960,Kennedy_1960,-0.6671013689493569,-0.5403200277986395,-0.8361969,-0.472,-0.487,-0.0336699999999999,0.6847729283917244,0.351208018069116,0.72983597,0.162,-0.388,0.532841453783033,0.0336699999999999,0.0,0.10636093,0,0,0,0,0,0,0.312581836073507,4.550000000000001,9.04,-0.0786229476732635,-0.1617242307692307,0.0303988121182231,50.46074295043945,60.54393005371094,,,,,,,,0.023329999999999948
192,1960,OK,0.09103,0.4098001439406522,-0.0262099999999999,1.01960254968796,1.01748957080246,-0.0497364834714233,0,8,0.0088,0.015,5.5,0,2336.0,8.0,,59.0,-0.1434873423864854,-0.0902101089613994,-0.1280364800176721,-0.0890575974128537,0.6988171057386949,0.6988171057386949,0.6988171057386949,0.6988171057386949,-0.00863,-0.1037699999999999,-0.0192099999999999,0.0775599999999999,1,Nixon_1960,Kennedy_1960,-0.6671013689493569,-0.5403200277986395,-0.8361969,-0.472,-0.487,-0.09103,0.6847729283917244,0.351208018069116,0.72983597,0.162,-0.388,0.5901998560593478,0.09103,0.0,0.10636093,0,0,0,0,0,0,-0.219120743945423,4.6,4.46,-0.048294068329544,0.549125,-0.019297971875,46.68137741088867,62.60419845581055,,,,,,,,-0.01741999999999995
193,1960,OR,0.02705,0.4737846599833389,-0.0250499999999999,1.01960254968796,1.01748957080246,-0.0497364834714233,0,8,0.0088,0.015,5.5,0,1772.0,6.0,,59.0,-0.0133230318894229,-0.0220202302040275,0.0656686262157826,0.111073698230475,0.5686527952416325,0.5686527952416325,0.5686527952416325,0.5686527952416325,0.05413,0.04131,0.01319,-0.06636,1,Nixon_1960,Kennedy_1960,-0.6671013689493569,-0.5403200277986395,-0.8361969,-0.472,-0.487,-0.02705,0.6847729283917244,0.351208018069116,0.72983597,0.162,-0.388,0.526215340016661,0.02705,0.0,0.10636093,0,0,0,0,0,0,1.22912352539241,8.85,9.5,-0.178151581171875,0.0693214285714285,-0.0706801979727493,62.86328125,54.81011199951172,,,,,,,,0.01454000000000005
194,1960,PA,-0.0108099999999999,0.5116413589584804,-0.0114499999999999,1.01960254968796,1.01748957080246,-0.0497364834714233,0,8,0.0088,0.015,5.5,0,11329.0,32.0,,59.0,0.045325692317468,0.0354467318368589,0.0147165469721837,0.0214875562044092,0.5100040710347414,0.5100040710347414,0.5100040710347414,0.5100040710347414,-0.02498,0.04419,0.02378,-0.05564,1,Nixon_1960,Kennedy_1960,-0.6671013689493569,-0.5403200277986395,-0.8361969,-0.472,-0.487,0.0108099999999999,0.6847729283917244,0.351208018069116,0.72983597,0.162,-0.388,0.4883586410415196,-0.0108099999999999,32.0,0.10636093,0,0,0,0,0,0,0.861949210820322,6.699999999999999,9.14,-0.2394946905279541,-0.2024493168290043,-0.1084744441781777,70.50741577148438,61.961944580078125,,,,,,,,-0.01821499999999995
195,1960,RI,-0.1354499999999999,0.6362771062352355,0.00507,1.01960254968796,1.01748957080246,-0.0497364834714233,0,8,0.0088,0.015,5.5,0,855.0,4.0,,59.0,-0.0759728398747767,-0.0313014045373378,-0.077531020289421,-0.0432933558290163,0.6313026032269863,0.6313026032269863,0.6313026032269863,0.6313026032269863,-0.0453,-0.0578799999999999,-0.0490399999999999,0.0629499999999999,1,Nixon_1960,Kennedy_1960,-0.6671013689493569,-0.5403200277986395,-0.8361969,-0.472,-0.487,0.1354499999999999,0.6847729283917244,0.351208018069116,0.72983597,0.162,-0.388,0.3637228937647645,-0.1354499999999999,4.0,0.10636093,0,0,0,0,0,0,1.21962150493475,9.4,6.74,-0.3626783609269715,-0.14875,-0.2393443076923077,85.85767364501953,51.667724609375,,,,,,,,-0.020115
196,1960,SC,-0.0115499999999999,0.512375642315361,-0.22057,1.01960254968796,1.01748957080246,-0.0497364834714233,0,8,0.0088,0.015,5.5,0,2392.0,8.0,,59.0,-0.4446702366477905,-0.4458539223462856,-0.4661606936802402,-0.4823296516007317,1.0,1.0,1.0,1.0,-0.06174,-0.3409999999999999,-0.41384,0.1204299999999999,1,Nixon_1960,Kennedy_1960,-0.6671013689493569,-0.5403200277986395,-0.8361969,-0.472,-0.487,0.0115499999999999,0.6847729283917244,0.351208018069116,0.72983597,0.162,-0.388,0.4876243576846389,-0.0115499999999999,8.0,0.10636093,0,0,0,0,0,0,-1.33228401738223,2.75,1.6800000000000002,0.2648711882968235,0.9715069444444444,-0.0395471173469387,7.656988620758057,51.163230895996094,,,,,,,,-0.141155
197,1960,SD,0.0829699999999999,0.4178643792395762,0.00633,1.01960254968796,1.01748957080246,-0.0497364834714233,0,8,0.0088,0.015,5.5,0,683.0,4.0,,59.0,0.0409916948224216,0.0020783328217346,0.1149576349202576,0.1837638775947834,0.5143380685297879,0.5143380685297879,0.5143380685297879,0.5143380685297879,0.1382,0.04796,0.12102,-0.04163,1,Nixon_1960,Kennedy_1960,-0.6671013689493569,-0.5403200277986395,-0.8361969,-0.472,-0.487,-0.0829699999999999,0.6847729283917244,0.351208018069116,0.72983597,0.162,-0.388,0.5821356207604238,0.0829699999999999,0.0,0.10636093,0,0,0,0,0,0,-0.800687499391216,6.35,7.539999999999999,-0.1207109420336913,0.077875,-0.09570193006993,55.7054443359375,67.81736755371094,,,,,,,,0.072265
198,1960,TN,0.03702,0.4638141479533347,-0.0743699999999999,1.01960254968796,1.01748957080246,-0.0497364834714233,0,8,0.0088,0.015,5.5,0,3575.0,11.0,,59.0,-0.1932351567026041,-0.0827105523871792,-0.0731539952110436,-0.2038248214675372,0.7485649200548137,0.7485649200548137,0.7485649200548137,0.7485649200548137,-0.05315,-0.0475899999999999,-0.06874,-0.02678,1,Nixon_1960,Kennedy_1960,-0.6671013689493569,-0.5403200277986395,-0.8361969,-0.472,-0.487,-0.03702,0.6847729283917244,0.351208018069116,0.72983597,0.162,-0.388,0.5361858520466654,0.03702,0.0,0.10636093,0,0,0,0,0,0,-0.61763710965458,3.85,5.54,-0.0037855505918883,0.636907196969697,-0.0452093093675308,41.135047912597656,63.48088455200195,,,,,,,,-0.06375999999999996
199,1960,TX,-0.00927,0.510104736951789,-0.0206699999999999,1.01960254968796,1.01748957080246,-0.0497364834714233,0,8,0.0088,0.015,5.5,0,9624.0,24.0,,59.0,-0.3251841160263345,-0.4105235193266929,-0.3540537252976176,-0.3703548686847565,0.8805138793785441,0.8805138793785441,0.8805138793785441,0.8805138793785441,-0.02227,-0.2071999999999999,-0.2733,0.1865299999999999,1,Nixon_1960,Kennedy_1960,-0.6671013689493569,-0.5403200277986395,-0.8361969,-0.472,-0.487,0.00927,0.6847729283917244,0.351208018069116,0.72983597,0.162,-0.388,0.4898952630482109,-0.00927,24.0,0.10636093,0,0,0,1,0,0,-0.648579585780477,1.4500000000000002,7.24,0.1031059495080566,0.8103213141025641,0.050526876070761,27.81500244140625,59.72574615478516,,,,,,,,-0.02146999999999995
200,1960,UT,0.04903,0.4517990758364054,0.06809,1.01960254968796,1.01748957080246,-0.0497364834714233,0,8,0.0088,0.015,5.5,0,900.0,4.0,,59.0,0.0630750444341048,0.0957502535996314,0.0777481564052992,0.0544096537580647,0.4922547189181046,0.4922547189181046,0.4922547189181046,0.4922547189181046,0.0347299999999999,-0.0215399999999998,-0.0675,0.0896299999999999,1,Nixon_1960,Kennedy_1960,-0.6671013689493569,-0.5403200277986395,-0.8361969,-0.472,-0.487,-0.04903,0.6847729283917244,0.351208018069116,0.72983597,0.162,-0.388,0.5482009241635946,0.04903,0.0,0.10636093,0,0,0,0,0,0,-0.105846565037045,8.35,8.88,-0.0823122024450683,-0.228875,0.0154746927040816,50.92047119140625,44.05608749389648,,,,,,,,0.05140999999999995
201,1960,VT,0.08733,0.4135025131935189,0.14427,1.01960254968796,1.01748957080246,-0.0497364834714233,0,8,0.0088,0.015,5.5,0,389.0,3.0,,59.0,0.0406764327906077,0.1785330825818154,0.1349036900488291,0.2158558292737803,0.5146533305616018,0.5146533305616018,0.5146533305616018,0.5146533305616018,0.16225,0.14869,0.10837,-0.00442,1,Nixon_1960,Kennedy_1960,-0.6671013689493569,-0.5403200277986395,-0.8361969,-0.472,-0.487,-0.08733,0.6847729283917244,0.351208018069116,0.72983597,0.162,-0.388,0.5864974868064812,0.08733,0.0,0.10636093,0,0,0,0,0,0,-0.34170685651619,9.1,12.1,-0.1384449875267791,-0.5250833333333333,,57.91533279418945,43.96378326416016,,,,,,,,0.15326
202,1960,VA,0.0283399999999999,0.4724886809380738,0.0132,1.01960254968796,1.01748957080246,-0.0497364834714233,0,8,0.0088,0.015,5.5,0,3986.0,12.0,,59.0,-0.23171921207989,-0.0906673186637794,-0.0932438290087734,-0.1847051073539001,0.7870489754320995,0.7870489754320995,0.7870489754320995,0.7870489754320995,0.0105299999999999,-0.0148099999999999,-0.0874599999999999,0.02801,1,Nixon_1960,Kennedy_1960,-0.6671013689493569,-0.5403200277986395,-0.8361969,-0.472,-0.487,-0.0283399999999999,0.6847729283917244,0.351208018069116,0.72983597,0.162,-0.388,0.5275113190619263,0.0283399999999999,0.0,0.10636093,0,0,0,0,0,0,-1.03285103684883,2.25,5.02,0.2764331402507209,0.7319182692307692,0.0688708921552851,6.216221809387207,49.46680068969727,,,,,,,,0.01186499999999995
203,1960,WA,0.0130299999999999,0.487800867837512,-0.0349199999999999,1.01960254968796,1.01748957080246,-0.0497364834714233,0,8,0.0088,0.015,5.5,0,2855.0,9.0,,59.0,0.0905085878619528,-0.0102975685178837,0.0169391300952383,0.0281876569103614,0.4648211754902566,0.4648211754902566,0.4648211754902566,0.4648211754902566,-0.00586,-0.0283899999999999,-0.03597,-0.00653,1,Nixon_1960,Kennedy_1960,-0.6671013689493569,-0.5403200277986395,-0.8361969,-0.472,-0.487,-0.0130299999999999,0.6847729283917244,0.351208018069116,0.72983597,0.162,-0.388,0.5121991321624879,0.0130299999999999,0.0,0.10636093,0,0,0,0,0,0,0.953752966751584,8.95,10.22,-0.1793403529476165,-0.1155833333333333,-0.0690332373309615,63.011417388916016,66.93494415283203,,,,,,,,-0.02038999999999995
204,1960,WV,-0.0264999999999999,0.5273287410433036,-0.0367399999999999,1.01960254968796,1.01748957080246,-0.0497364834714233,0,8,0.0088,0.015,5.5,0,1853.0,8.0,,59.0,-0.0633658089804314,-0.0238213465026696,-0.0536128119636851,-0.0407188008918764,0.6186955723326409,0.6186955723326409,0.6186955723326409,0.6186955723326409,-0.07376,-0.0520499999999999,-0.01114,0.0153099999999999,1,Nixon_1960,Kennedy_1960,-0.6671013689493569,-0.5403200277986395,-0.8361969,-0.472,-0.487,0.0264999999999999,0.6847729283917244,0.351208018069116,0.72983597,0.162,-0.388,0.4726712589566963,-0.0264999999999999,8.0,0.10636093,0,0,0,0,0,0,-0.896882614727462,4.15,6.96,-0.2900423329689026,0.2987673611111111,-0.1223036662265258,76.8062973022461,54.21816635131836,,,,,,,,-0.05524999999999995
205,1960,WI,0.0194799999999999,0.4813526228577388,0.04186,1.01960254968796,1.01748957080246,-0.0497364834714233,0,8,0.0088,0.015,5.5,0,3962.0,12.0,,59.0,0.0192151527590404,0.0494972344809757,0.0461701716261875,0.1138029001622134,0.5361146105931691,0.5361146105931691,0.5361146105931691,0.5361146105931691,0.0570899999999999,0.00095,0.0468399999999999,0.04091,1,Nixon_1960,Kennedy_1960,-0.6671013689493569,-0.5403200277986395,-0.8361969,-0.472,-0.487,-0.0194799999999999,0.6847729283917244,0.351208018069116,0.72983597,0.162,-0.388,0.5186473771422613,0.0194799999999999,0.0,0.10636093,0,0,0,0,0,0,0.999524979821811,7.800000000000001,9.86,-0.1943991185749817,-0.0517548076923077,-0.0732182238273001,64.88793182373047,63.84640884399414,,,,,,,,0.04947499999999995
206,1960,WY,0.0509799999999999,0.4498515435211888,0.02326,1.01960254968796,1.01748957080246,-0.0497364834714233,0,8,0.0088,0.015,5.5,0,331.0,3.0,,59.0,0.0911502634416709,0.0891599229055695,0.0829769338483427,0.0990441489868774,0.4641794999105385,0.4641794999105385,0.4641794999105385,0.4641794999105385,0.0738399999999999,0.00173,0.05008,0.0215299999999999,1,Nixon_1960,Kennedy_1960,-0.6671013689493569,-0.5403200277986395,-0.8361969,-0.472,-0.487,-0.0509799999999999,0.6847729283917244,0.351208018069116,0.72983597,0.162,-0.388,0.5501484564788113,0.0509799999999999,0.0,0.10636093,0,0,0,0,0,0,-0.295953476463604,8.2,7.300000000000001,-0.0115348376635742,0.0917166666666666,,42.1007080078125,53.62013244628906,,,,,,,,0.048549999999999954
207,1960,USA,0.0,0.500825614067064,0.0,1.01960254968796,1.01748957080246,-0.0497364834714233,0,8,0.0088,0.015,5.5,0,,,,59.0,,,,,0.5553297633522095,0.5553297633522095,0.5553297633522095,0.5553297633522095,0.0,0.0,0.0,0.0,1,Nixon_1960,Kennedy_1960,-0.6671013689493569,-0.5403200277986395,-0.8361969,-0.472,-0.487,-0.0,0.6847729283917244,0.351208018069116,0.72983597,0.162,-0.388,0.4991743859329359,0.0,,0.10636093,0,0,0,0,0,0,,,,,,,,,,,,,,,,0.0
208,1964,AL,0.30861,0.306,-0.07137,1.07278372639894,1.06458630422669,-0.0235676373837057,1,4,0.0516,0.013,5.2,1,3395.0,10.0,70.0,70.0,-0.1585043938185256,-0.3448007628532197,-0.419166524417332,-0.3558052473428122,0.6784419219790551,0.6784419219790551,0.6784419219790551,0.6784419219790551,-0.1668599999999999,-0.20281,,0.13144,0,Johnson_1964,Goldwater_1964,-0.9056674214213124,-0.7834640403080274,-1.0288939,-0.337,-0.035,-0.30861,1.7185591557701985,2.2963601181442197,1.66541798,0.641,-0.289,0.694,0.30861,0.0,-0.63652408,0,0,0,0,1,0,-1.10218130730441,0.2666666666666667,2.02,0.045620157062912,0.8894409090909092,0.0012067684166666,34.97846603393555,60.699195861816406,,,,,,,,-0.11911499999999994
209,1964,AK,-0.04447,0.659079082353291,0.0102399999999999,1.07278372639894,1.06458630422669,-0.0235676373837057,1,4,0.0516,0.013,5.2,1,263.0,3.0,70.0,70.0,-0.0254240785708799,-0.0226923835645568,-0.0205108675708639,,0.5453616067314093,0.5453616067314093,0.5453616067314093,0.5453616067314093,,,,,0,Johnson_1964,Goldwater_1964,-0.9056674214213124,-0.7834640403080274,-1.0288939,-0.337,-0.035,0.04447,1.7185591557701985,2.2963601181442197,1.66541798,0.641,-0.289,0.3409209176467089,-0.04447,3.0,-0.63652408,0,0,0,0,0,0,0.661157865039887,,,-0.1861055122144317,,,63.85444259643555,73.9183120727539,,,,,,,,
210,1964,AZ,0.1195899999999999,0.4950217369578253,0.05668,1.07278372639894,1.06458630422669,-0.0235676373837057,1,4,0.0516,0.013,5.2,1,1556.0,5.0,70.0,70.0,0.0339096363823136,0.0694144217802555,0.0528786518885421,-0.0165156726363284,0.4860278917782157,0.4860278917782157,0.4860278917782157,0.4860278917782157,0.03306,0.02898,-0.0273699999999998,0.0277,0,Johnson_1964,Goldwater_1964,-0.9056674214213124,-0.7834640403080274,-1.0288939,-0.337,-0.035,-0.1195899999999999,1.7185591557701985,2.2963601181442197,1.66541798,0.641,-0.289,0.5049782630421746,0.1195899999999999,0.0,-0.63652408,0,1,0,0,0,0,-0.278850578875657,5.233333333333333,5.0,-0.0095491329792785,0.00685,-0.0051984588253968,41.85326385498047,46.56271362304688,,,,,,,,0.04487
211,1964,AR,0.0509899999999999,0.5636214910101335,-0.03739,1.07278372639894,1.06458630422669,-0.0235676373837057,1,4,0.0516,0.013,5.2,1,1897.0,6.0,70.0,70.0,,-0.2817424803597684,-0.4446702366477905,-0.3656269248445839,,,,,-0.1112899999999999,-0.11543,-0.22229,0.07804,0,Johnson_1964,Goldwater_1964,-0.9056674214213124,-0.7834640403080274,-1.0288939,-0.337,-0.035,-0.0509899999999999,1.7185591557701985,2.2963601181442197,1.66541798,0.641,-0.289,0.4363785089898665,0.0509899999999999,6.0,-0.63652408,0,0,0,0,1,0,-0.853464657847657,4.766666666666668,2.36,0.05881490234169,0.9391388888888887,-0.0409676269047619,33.334232330322266,59.55734252929688,,,,,,,,-0.07433999999999995
212,1964,CA,0.0229399999999999,0.5916729364762512,0.0035799999999999,1.07278372639894,1.06458630422669,-0.0235676373837057,1,4,0.0516,0.013,5.2,1,18151.0,40.0,70.0,70.0,0.0009346839793555,0.0171927750562778,0.0224257305022551,0.0329828003832219,0.5190028441811738,0.5190028441811738,0.5190028441811738,0.5190028441811738,-0.02176,0.0189599999999999,0.02135,-0.01538,0,Johnson_1964,Goldwater_1964,-0.9056674214213124,-0.7834640403080274,-1.0288939,-0.337,-0.035,-0.0229399999999999,1.7185591557701985,2.2963601181442197,1.66541798,0.641,-0.289,0.4083270635237488,0.0229399999999999,40.0,-0.63652408,0,0,0,0,0,0,1.25936571346117,8.466666666666667,8.32,-0.1254120900675964,-0.0138332122093023,-0.1128451420968416,56.29126739501953,72.4737319946289,,,,,,,,-0.009090000000000051
213,1964,CO,-0.0013699999999999,0.6159802585692639,0.04969,1.07278372639894,1.06458630422669,-0.0235676373837057,1,4,0.0516,0.013,5.2,1,1970.0,6.0,70.0,70.0,0.0464565110233042,0.0272927539829667,-0.026212502626473,-0.0210352399559845,0.4734810171372252,0.4734810171372252,0.4734810171372252,0.4734810171372252,0.02156,0.05285,-0.0034899999999999,-0.0031599999999999,0,Johnson_1964,Goldwater_1964,-0.9056674214213124,-0.7834640403080274,-1.0288939,-0.337,-0.035,0.0013699999999999,1.7185591557701985,2.2963601181442197,1.66541798,0.641,-0.289,0.3840197414307361,-0.0013699999999999,6.0,-0.63652408,0,0,0,0,0,0,0.646398056207524,7.566666666666667,9.46,-0.1140839671923827,-0.0255416666666666,-0.0444645023608277,54.879638671875,37.790313720703125,,,,,,,,0.035625
214,1964,CT,-0.06418,0.6787913888923118,-0.0364799999999999,1.07278372639894,1.06458630422669,-0.0235676373837057,1,4,0.0516,0.013,5.2,1,2798.0,8.0,70.0,70.0,-0.0138114521605549,0.0082017065221889,0.0070408868939748,0.1176210551519206,0.5337489803210843,0.5337489803210843,0.5337489803210843,0.5337489803210843,0.0598,0.0046799999999999,0.03209,-0.0411599999999999,0,Johnson_1964,Goldwater_1964,-0.9056674214213124,-0.7834640403080274,-1.0288939,-0.337,-0.035,0.06418,1.7185591557701985,2.2963601181442197,1.66541798,0.641,-0.289,0.3212086111076881,-0.06418,8.0,-0.63652408,0,0,0,0,0,0,0.899740752430061,7.333333333333333,7.2,-0.2817867778358459,-0.3523125,-0.1609058242822384,75.77754974365234,60.412479400634766,,,,,,,,0.011660000000000049
215,1964,DC,-0.2403699999999999,0.8549776683434291,,1.07278372639894,1.06458630422669,-0.0235676373837057,1,4,0.0516,0.013,5.2,1,798.0,3.0,70.0,70.0,,,,,,,,,,,,,0,Johnson_1964,Goldwater_1964,-0.9056674214213124,-0.7834640403080274,-1.0288939,-0.337,-0.035,0.2403699999999999,1.7185591557701985,2.2963601181442197,1.66541798,0.641,-0.289,0.1450223316565708,-0.2403699999999999,3.0,-0.63652408,0,0,0,0,0,0,,,,,,,,,,,,,,,,
216,1964,DE,0.00348,0.6111304798238886,-0.00738,1.07278372639894,1.06458630422669,-0.0235676373837057,1,4,0.0516,0.013,5.2,1,497.0,3.0,70.0,70.0,-0.0102028433251376,0.0404172126963765,0.0530480476761944,0.0267915373201984,0.5301403714856671,0.5301403714856671,0.5301403714856671,0.5301403714856671,-0.0250199999999999,-0.0350699999999999,0.03016,0.0276899999999999,0,Johnson_1964,Goldwater_1964,-0.9056674214213124,-0.7834640403080274,-1.0288939,-0.337,-0.035,-0.00348,1.7185591557701985,2.2963601181442197,1.66541798,0.641,-0.289,0.3888695201761114,0.00348,3.0,-0.63652408,0,0,0,0,0,0,-0.250360970718261,4.833333333333333,5.52,-0.1911134272239685,-0.2131666666666666,,64.4784927368164,69.49195098876953,,,,,,,,-0.01619999999999995
217,1964,FL,0.1031199999999999,0.5114854236845781,0.0159799999999999,1.07278372639894,1.06458630422669,-0.0235676373837057,1,4,0.0516,0.013,5.2,1,5781.0,14.0,70.0,70.0,-0.1058940374314905,-0.1448584640770824,-0.1624719853722467,-0.1187270912286785,0.6258315655920199,0.6258315655920199,0.6258315655920199,0.6258315655920199,-0.0048099999999999,-0.0044299999999999,-0.06838,0.0204099999999999,0,Johnson_1964,Goldwater_1964,-0.9056674214213124,-0.7834640403080274,-1.0288939,-0.337,-0.035,-0.1031199999999999,1.7185591557701985,2.2963601181442197,1.66541798,0.641,-0.289,0.4885145763154219,0.1031199999999999,14.0,-0.63652408,0,0,0,0,1,0,-1.04612438927031,4.233333333333333,4.82,0.0721178165764999,0.5707964285714285,0.0128437903951443,31.6765193939209,57.12609100341797,,,,,,,,0.005585
218,1964,GA,0.1558799999999999,0.4587289896509738,-0.12478,1.07278372639894,1.06458630422669,-0.0235676373837057,1,4,0.0516,0.013,5.2,1,4258.0,12.0,70.0,70.0,-0.3005416978901465,-0.4119014967246955,-0.4446640056713535,-0.390728900789874,0.8204792260506759,0.8204792260506759,0.8204792260506759,0.8204792260506759,-0.24813,-0.25111,-0.2448399999999999,0.12633,0,Johnson_1964,Goldwater_1964,-0.9056674214213124,-0.7834640403080274,-1.0288939,-0.337,-0.035,-0.1558799999999999,1.7185591557701985,2.2963601181442197,1.66541798,0.641,-0.289,0.5412710103490261,0.1558799999999999,0.0,-0.63652408,0,0,0,0,1,0,-1.13426926742229,3.8,2.82,-0.012151585918045,0.947971153846154,0.0225701211428571,42.17756271362305,56.11167144775391,,,,,,,,-0.18645499999999998
219,1964,HI,-0.173,0.7876113879896367,0.0005199999999999,1.07278372639894,1.06458630422669,-0.0235676373837057,1,4,0.0516,0.013,5.2,1,700.0,4.0,70.0,70.0,-0.1156925079780412,-0.1984122210295421,,,0.6356300361385706,0.6356300361385706,0.6356300361385706,0.6356300361385706,,,,,0,Johnson_1964,Goldwater_1964,-0.9056674214213124,-0.7834640403080274,-1.0288939,-0.337,-0.035,0.173,1.7185591557701985,2.2963601181442197,1.66541798,0.641,-0.289,0.2123886120103633,-0.173,4.0,-0.63652408,0,0,0,0,0,0,0.621762282271388,,,-0.2983601537469482,,-0.336791,77.84280395507812,72.71965026855469,,,,,,,,
220,1964,ID,0.1054399999999999,0.5091682422891373,0.0386799999999999,1.07278372639894,1.06458630422669,-0.0235676373837057,1,4,0.0516,0.013,5.2,1,680.0,4.0,70.0,70.0,-0.0091989611898789,-0.0025430053375501,0.0353293730213696,0.0437163322393073,0.5291364893504084,0.5291364893504084,0.5291364893504084,0.5291364893504084,0.03447,0.1007199999999999,0.00968,-0.0620399999999999,0,Johnson_1964,Goldwater_1964,-0.9056674214213124,-0.7834640403080274,-1.0288939,-0.337,-0.035,-0.1054399999999999,1.7185591557701985,2.2963601181442197,1.66541798,0.641,-0.289,0.4908317577108627,0.1054399999999999,4.0,-0.63652408,0,0,0,0,0,0,0.0246748278412546,8.533333333333333,9.02,-0.0651375681597137,0.2072375,0.0796709384057971,48.78029251098633,36.028587341308594,,,,,,,,0.036574999999999955
221,1964,IL,0.0198899999999999,0.5947192075153861,-9.9999999999989e-05,1.07278372639894,1.06458630422669,-0.0235676373837057,1,4,0.0516,0.013,5.2,1,10580.0,26.0,70.0,70.0,0.0225169254650031,0.0381241954332782,0.0011273370778822,0.043348477548924,0.4974206026955262,0.4974206026955262,0.4974206026955262,0.4974206026955262,0.01882,-0.00494,0.01945,0.00484,0,Johnson_1964,Goldwater_1964,-0.9056674214213124,-0.7834640403080274,-1.0288939,-0.337,-0.035,-0.0198899999999999,1.7185591557701985,2.2963601181442197,1.66541798,0.641,-0.289,0.4052807924846139,0.0198899999999999,26.0,-0.63652408,0,0,0,0,0,0,0.699469768223593,6.166666666666666,8.219999999999999,-0.1226112993147277,-0.0746578652828652,-0.0641999126358449,55.94225311279297,55.48881912231445,,,,,,,,0.009360000000000005
222,1964,IN,0.05223,0.5623761387073564,0.05318,1.07278372639894,1.06458630422669,-0.0235676373837057,1,4,0.0516,0.013,5.2,1,4856.0,13.0,70.0,70.0,0.0292315983011632,0.0582929293555283,0.019599504518057,0.0655431969808401,0.4907059298593662,0.4907059298593662,0.4907059298593662,0.4907059298593662,0.02389,0.0318499999999999,0.02777,0.02133,0,Johnson_1964,Goldwater_1964,-0.9056674214213124,-0.7834640403080274,-1.0288939,-0.337,-0.035,-0.05223,1.7185591557701985,2.2963601181442197,1.66541798,0.641,-0.289,0.4376238612926436,0.05223,13.0,-0.63652408,0,0,0,0,0,0,-0.0422424537933333,3.333333333333333,10.48,-0.0966454539199065,0.0516730769230769,0.0042666930919929,52.70657730102539,56.09718704223633,,,,,,,,0.038535
223,1964,IA,-0.00546,0.6200673671815919,0.0683199999999999,1.07278372639894,1.06458630422669,-0.0235676373837057,1,4,0.0516,0.013,5.2,1,2746.0,9.0,70.0,70.0,0.0586218726674597,0.085826915494529,0.0527255130425395,0.0512353317448162,0.4613156554930697,0.4613156554930697,0.4613156554930697,0.4613156554930697,0.01481,0.08726,0.00975,-0.01894,0,Johnson_1964,Goldwater_1964,-0.9056674214213124,-0.7834640403080274,-1.0288939,-0.337,-0.035,0.00546,1.7185591557701985,2.2963601181442197,1.66541798,0.641,-0.289,0.379932632818408,-0.00546,9.0,-0.63652408,0,0,0,0,0,0,-0.230459784170735,6.8,10.28,-0.1012933975826263,-0.023435101010101,0.0319880478292968,53.285770416259766,47.83702087402344,,,,,,,,0.04156499999999995
224,1964,KS,0.06908,0.5455257245708065,0.10803,1.07278372639894,1.06458630422669,-0.0235676373837057,1,4,0.0516,0.013,5.2,1,2209.0,7.0,70.0,70.0,0.1208220605795019,0.0872257466879786,0.0518007744368005,0.0385963625691997,0.3991154675810274,0.3991154675810274,0.3991154675810274,0.3991154675810274,0.0792,0.13827,0.0696,-0.0302399999999999,0,Johnson_1964,Goldwater_1964,-0.9056674214213124,-0.7834640403080274,-1.0288939,-0.337,-0.035,-0.06908,1.7185591557701985,2.2963601181442197,1.66541798,0.641,-0.289,0.4544742754291935,0.06908,7.0,-0.63652408,0,0,0,0,0,0,0.0832350606046112,7.0,8.56,-0.013216775388565,-0.0003680555555555,0.0422695746031746,42.31029891967773,39.96119689941406,,,,,,,,0.093615
225,1964,KY,-0.02766,0.6422749646089335,0.0367399999999999,1.07278372639894,1.06458630422669,-0.0235676373837057,1,4,0.0516,0.013,5.2,1,3129.0,9.0,70.0,70.0,-0.0049637209802853,0.0488832328407851,-0.0584275904139737,0.0251330993706825,0.5249012491408147,0.5249012491408147,0.5249012491408147,0.5249012491408147,-0.0318699999999999,-0.0548699999999999,-0.0539899999999999,0.0916099999999999,0,Johnson_1964,Goldwater_1964,-0.9056674214213124,-0.7834640403080274,-1.0288939,-0.337,-0.035,0.02766,1.7185591557701985,2.2963601181442197,1.66541798,0.641,-0.289,0.3577250353910665,-0.02766,9.0,-0.63652408,0,0,0,0,0,0,-0.487696223676665,3.7666666666666666,7.680000000000001,-0.1801514594026947,0.2921916666666667,-0.0542157582788296,63.112491607666016,62.86720275878906,,,,,,,,0.0024349999999999997
226,1964,LA,0.1827599999999999,0.431854315497276,-0.13731,1.07278372639894,1.06458630422669,-0.0235676373837057,1,4,0.0516,0.013,5.2,1,3446.0,10.0,70.0,70.0,-0.3575525102992761,-0.3038088799915428,-0.4218209652722441,-0.3447011556141005,0.8774900384598056,0.8774900384598056,0.8774900384598056,0.8774900384598056,-0.0032899999999999,-0.08374,-0.12866,-0.05357,0,Johnson_1964,Goldwater_1964,-0.9056674214213124,-0.7834640403080274,-1.0288939,-0.337,-0.035,-0.1827599999999999,1.7185591557701985,2.2963601181442197,1.66541798,0.641,-0.289,0.568145684502724,0.1827599999999999,0.0,-0.63652408,0,0,0,0,1,0,-0.357105710607733,5.466666666666667,1.2,0.0465966317649078,0.8737659090909091,-0.0088857513392857,34.85678482055664,58.888328552246094,,,,,,,,-0.07029999999999995
227,1964,ME,-0.07381,0.6884201960810048,0.0713099999999999,1.07278372639894,1.06458630422669,-0.0235676373837057,1,4,0.0516,0.013,5.2,1,993.0,4.0,70.0,70.0,0.0741108764307997,0.1106464306892989,0.0230578706746196,0.0215675660597857,0.4458266517297297,0.4458266517297297,0.4458266517297297,0.4458266517297297,0.13113,0.1071499999999999,0.09678,-0.0358399999999999,0,Johnson_1964,Goldwater_1964,-0.9056674214213124,-0.7834640403080274,-1.0288939,-0.337,-0.035,0.07381,1.7185591557701985,2.2963601181442197,1.66541798,0.641,-0.289,0.3115798039189952,-0.07381,4.0,-0.63652408,0,0,0,0,0,0,-0.215012107480398,7.1,9.48,-0.2682963166619873,-0.179725,-0.1326327876543209,74.09646606445312,44.969818115234375,,,,,,,,0.10121999999999995
228,1964,MD,-0.0400899999999999,0.6547003019508119,-0.0353099999999999,1.07278372639894,1.06458630422669,-0.0235676373837057,1,4,0.0516,0.013,5.2,1,3492.0,10.0,70.0,70.0,-0.0390403629522049,-0.0484504348825101,-0.0960935593463017,-0.0060533180029115,0.5589778911127343,0.5589778911127343,0.5589778911127343,0.5589778911127343,0.02283,0.0036399999999999,0.03083,-0.0389499999999999,0,Johnson_1964,Goldwater_1964,-0.9056674214213124,-0.7834640403080274,-1.0288939,-0.337,-0.035,0.0400899999999999,1.7185591557701985,2.2963601181442197,1.66541798,0.641,-0.289,0.3452996980491881,-0.0400899999999999,10.0,-0.63652408,0,0,0,0,0,0,-0.133398666381086,5.366666666666666,7.28,-0.2838997077023315,-0.0965277777777777,-0.1249351747368421,76.04084777832031,65.16958618164062,,,,,,,,-0.006239999999999949
229,1964,MA,-0.15008,0.7646866702423518,-0.10275,1.07278372639894,1.06458630422669,-0.0235676373837057,1,4,0.0516,0.013,5.2,1,5448.0,14.0,70.0,70.0,-0.0666476039527937,-0.0650396867765393,-0.0198021338744441,0.0213450101253959,0.5865851321133232,0.5865851321133232,0.5865851321133232,0.5865851321133232,0.01751,-0.01058,-0.0351099999999999,-0.0921699999999999,0,Johnson_1964,Goldwater_1964,-0.9056674214213124,-0.7834640403080274,-1.0288939,-0.337,-0.035,0.15008,1.7185591557701985,2.2963601181442197,1.66541798,0.641,-0.289,0.2353133297576481,-0.15008,14.0,-0.63652408,0,0,0,0,0,0,1.39186078172809,12.033333333333331,6.74,-0.2598576380833435,-0.2969620535714286,-0.1581045686953551,73.0448989868164,66.90769958496094,,,,,,,,-0.04262
230,1964,MI,-0.05376,0.668367447486789,-0.00927,1.07278372639894,1.06458630422669,-0.0235676373837057,1,4,0.0516,0.013,5.2,1,8187.0,21.0,70.0,70.0,0.0021055466133591,0.0342365777738431,0.0244682425365128,0.0088243084671688,0.5178319815471703,0.5178319815471703,0.5178319815471703,0.5178319815471703,-0.0199699999999999,0.0031499999999999,0.03231,-0.0124199999999999,0,Johnson_1964,Goldwater_1964,-0.9056674214213124,-0.7834640403080274,-1.0288939,-0.337,-0.035,0.05376,1.7185591557701985,2.2963601181442197,1.66541798,0.641,-0.289,0.331632552513211,-0.05376,21.0,-0.63652408,0,0,0,0,0,0,0.882944497781478,7.166666666666667,9.62,-0.1226105952292633,-0.0858436688311688,-0.1027723072335917,55.94216537475586,37.86394119262695,,,,,,,,-0.01461999999999995
231,1964,MN,-0.02451,0.6391247797020908,-0.00633,1.07278372639894,1.06458630422669,-0.0235676373837057,1,4,0.0516,0.013,5.2,1,3558.0,10.0,70.0,70.0,0.0225033930077531,0.0417723681963522,0.028070498035406,-0.0058459169922475,0.4974341351527763,0.4974341351527763,0.4974341351527763,0.4974341351527763,-0.0394499999999999,0.00189,-0.0652599999999999,-0.00822,0,Johnson_1964,Goldwater_1964,-0.9056674214213124,-0.7834640403080274,-1.0288939,-0.337,-0.035,0.02451,1.7185591557701985,2.2963601181442197,1.66541798,0.641,-0.289,0.3608752202979092,-0.02451,10.0,-0.63652408,0,0,1,0,0,0,0.473260547425848,7.5,10.16,-0.1649677339115905,-0.070485606060606,-0.0892936447415188,61.22040557861328,54.06111145019531,,,,,,,,-0.022889999999999952
232,1964,MS,0.48601,0.1286044590439598,-0.09482,1.07278372639894,1.06458630422669,-0.0235676373837057,1,4,0.0516,0.013,5.2,1,2241.0,7.0,70.0,70.0,-0.4800624718394706,-0.4351885154370997,-0.4446702366477905,-0.4927454488645423,1.0,1.0,1.0,1.0,-0.2817599999999999,-0.1588899999999999,-0.2698499999999999,0.0640699999999999,0,Johnson_1964,Goldwater_1964,-0.9056674214213124,-0.7834640403080274,-1.0288939,-0.337,-0.035,-0.48601,1.7185591557701985,2.2963601181442197,1.66541798,0.641,-0.289,0.8713955409560401,0.48601,0.0,-0.63652408,0,0,0,0,1,0,-2.15497316045733,2.7,0.0,0.2725819573017407,0.9938214285714284,0.1235098941935484,6.6961283683776855,49.173614501953125,,,,,,,,-0.18828999999999996
233,1964,MO,-0.0258899999999999,0.6404958745879126,-0.00175,1.07278372639894,1.06458630422669,-0.0235676373837057,1,4,0.0516,0.013,5.2,1,4442.0,12.0,70.0,70.0,-0.0441772943844352,-0.0313287860938558,-0.0762083841260773,-0.0899551103791788,0.5641148225449647,0.5641148225449647,0.5641148225449647,0.5641148225449647,-0.07861,-0.04669,-0.0596999999999999,0.0449399999999999,0,Johnson_1964,Goldwater_1964,-0.9056674214213124,-0.7834640403080274,-1.0288939,-0.337,-0.035,0.0258899999999999,1.7185591557701985,2.2963601181442197,1.66541798,0.641,-0.289,0.3595041254120874,-0.0258899999999999,12.0,-0.63652408,0,0,0,0,0,0,-0.340740138069287,4.233333333333333,,-0.0663652483104705,0.3071401098901098,0.0372535583426855,48.93327713012695,62.9124755859375,,,,,,,,-0.04018
234,1964,MT,0.0222599999999999,0.592351358564329,0.01339,1.07278372639894,1.06458630422669,-0.0235676373837057,1,4,0.0516,0.013,5.2,1,706.0,4.0,70.0,70.0,0.0394702570360768,0.0361485294131291,-0.0912752718175655,-0.049153275784223,0.4804672711244525,0.4804672711244525,0.4804672711244525,0.4804672711244525,-0.0061699999999999,0.0425599999999999,-0.0279599999999999,-0.0291699999999999,0,Johnson_1964,Goldwater_1964,-0.9056674214213124,-0.7834640403080274,-1.0288939,-0.337,-0.035,-0.0222599999999999,1.7185591557701985,2.2963601181442197,1.66541798,0.641,-0.289,0.407648641435671,0.0222599999999999,4.0,-0.63652408,0,0,0,0,0,0,-0.121455446573684,6.966666666666667,7.74,-0.1042418013837432,0.383875,-0.0770260945868946,53.65317916870117,46.88128662109375,,,,,,,,0.0036100000000000502
235,1964,NE,0.0885399999999999,0.526071892001082,0.1215399999999999,1.07278372639894,1.06458630422669,-0.0235676373837057,1,4,0.0516,0.013,5.2,1,1482.0,5.0,70.0,70.0,0.1430355772900943,0.1102743727091988,0.08502844498555,0.1021639914459511,0.3769019508704351,0.3769019508704351,0.3769019508704351,0.3769019508704351,0.07762,0.1370199999999999,0.06523,-0.0154799999999999,0,Johnson_1964,Goldwater_1964,-0.9056674214213124,-0.7834640403080274,-1.0288939,-0.337,-0.035,-0.0885399999999999,1.7185591557701985,2.2963601181442197,1.66541798,0.641,-0.289,0.473928107998918,0.0885399999999999,5.0,-0.63652408,0,0,0,0,0,0,-0.574989276094835,6.366666666666667,9.8,0.0887882338320541,0.1050666666666666,0.1292153008547008,29.59917259216309,43.05613708496094,,,,,,,,0.09957999999999995
236,1964,NV,0.0287899999999999,0.5858173414160508,-0.0107899999999999,1.07278372639894,1.06458630422669,-0.0235676373837057,1,4,0.0516,0.013,5.2,1,426.0,3.0,70.0,70.0,-0.1965672498172683,-0.0301773163965846,-0.1133730315656799,-0.0349098291560948,0.7165047779777978,0.7165047779777978,0.7165047779777978,0.7165047779777978,0.0021599999999999,0.0599299999999999,0.0077600000000001,-0.0707199999999999,0,Johnson_1964,Goldwater_1964,-0.9056674214213124,-0.7834640403080274,-1.0288939,-0.337,-0.035,-0.0287899999999999,1.7185591557701985,2.2963601181442197,1.66541798,0.641,-0.289,0.4141826585839492,0.0287899999999999,3.0,-0.63652408,0,0,0,0,0,0,-0.761713675802351,5.233333333333333,6.54,0.1206960401360702,0.5121666666666667,,25.6230525970459,52.18326187133789,,,,,,,,-0.004315
237,1964,NH,-0.02429,0.6389047981033902,0.0350099999999999,1.07278372639894,1.06458630422669,-0.0235676373837057,1,4,0.0516,0.013,5.2,1,663.0,4.0,70.0,70.0,0.0704636250997661,0.1277382625626963,0.1420507520027912,0.1208130216796224,0.4494739030607633,0.4494739030607633,0.4494739030607633,0.4494739030607633,0.08389,0.0546999999999999,0.05271,-0.0196899999999999,0,Johnson_1964,Goldwater_1964,-0.9056674214213124,-0.7834640403080274,-1.0288939,-0.337,-0.035,0.02429,1.7185591557701985,2.2963601181442197,1.66541798,0.641,-0.289,0.3610952018966098,-0.02429,4.0,-0.63652408,0,0,0,0,0,0,0.356825026279611,8.4,10.9,-0.0556589247376251,-0.3455625,0.0351346422222222,47.5991325378418,49.69818878173828,,,,,,,,0.059449999999999954
238,1964,NJ,-0.0449899999999999,0.6596015417900106,-0.00319,1.07278372639894,1.06458630422669,-0.0235676373837057,1,4,0.0516,0.013,5.2,1,6660.0,17.0,70.0,70.0,0.0157679044273353,0.0615646902265105,0.056850364419117,0.0958621650885712,0.5041696237331941,0.5041696237331941,0.5041696237331941,0.5041696237331941,0.07643,0.0205099999999999,0.04653,-0.0237,0,Johnson_1964,Goldwater_1964,-0.9056674214213124,-0.7834640403080274,-1.0288939,-0.337,-0.035,0.0449899999999999,1.7185591557701985,2.2963601181442197,1.66541798,0.641,-0.289,0.3403984582099894,-0.0449899999999999,17.0,-0.63652408,0,0,0,0,0,0,1.02017479850044,8.5,7.26,-0.2634670862983703,-0.4554283088235294,-0.155240947264045,73.49468231201172,58.34098434448242,,,,,,,,0.03662
239,1964,NM,0.0191999999999999,0.5954090009359991,-0.00287,1.07278372639894,1.06458630422669,-0.0235676373837057,1,4,0.0516,0.013,5.2,1,1006.0,4.0,70.0,70.0,-0.0636963972619616,-0.0396042448877198,-0.082533519074558,-0.0207431057156299,0.583633925422491,0.583633925422491,0.583633925422491,0.583633925422491,0.00293,0.0012099999999999,-0.0440199999999999,-0.00408,0,Johnson_1964,Goldwater_1964,-0.9056674214213124,-0.7834640403080274,-1.0288939,-0.337,-0.035,-0.0191999999999999,1.7185591557701985,2.2963601181442197,1.66541798,0.641,-0.289,0.4045909990640008,0.0191999999999999,4.0,-0.63652408,0,0,0,0,0,0,0.104804151128313,7.366666666666667,5.88,-0.0649686488730621,0.3238124999999999,-0.0217599027027027,48.75924301147461,61.48558044433594,,,,,,,,2.9999999999999862e-05
240,1964,NY,-0.0718999999999999,0.6865099420614067,-0.02553,1.07278372639894,1.06458630422669,-0.0235676373837057,1,4,0.0516,0.013,5.2,1,17589.0,43.0,70.0,70.0,0.0268073435933614,0.0378540760528683,0.0720023504838805,0.0757683356309006,0.4931301845671679,0.4931301845671679,0.4931301845671679,0.4931301845671679,0.03456,0.0055699999999999,0.02912,-0.0311,0,Johnson_1964,Goldwater_1964,-0.9056674214213124,-0.7834640403080274,-1.0288939,-0.337,-0.035,0.0718999999999999,1.7185591557701985,2.2963601181442197,1.66541798,0.641,-0.289,0.3134900579385933,-0.0718999999999999,43.0,-0.63652408,0,0,0,1,0,0,1.86729815287031,11.5,7.66,-0.2089490753108215,-0.3210936794096767,-0.1596549986094546,66.70104217529297,42.18844223022461,,,,,,,,0.004515
241,1964,NC,0.0531,0.5615077513205421,-0.02026,1.07278372639894,1.06458630422669,-0.0235676373837057,1,4,0.0516,0.013,5.2,1,4802.0,13.0,70.0,70.0,-0.0690256307201571,-0.0589807785191889,-0.1528074525328304,-0.1911493509809159,0.5889631588806865,0.5889631588806865,0.5889631588806865,0.5889631588806865,-0.0841599999999999,-0.09362,-0.1159899999999999,0.0733599999999999,0,Johnson_1964,Goldwater_1964,-0.9056674214213124,-0.7834640403080274,-1.0288939,-0.337,-0.035,-0.0531,1.7185591557701985,2.2963601181442197,1.66541798,0.641,-0.289,0.4384922486794579,0.0531,13.0,-0.63652408,0,0,0,0,1,0,-0.689818575856823,2.166666666666667,4.119999999999999,0.1379322512871551,0.8553501831501832,0.082246867634647,23.47520065307617,53.173587799072266,,,,,,,,-0.05220999999999995
242,1964,ND,0.03403,0.5805783922694978,0.05536,1.07278372639894,1.06458630422669,-0.0235676373837057,1,4,0.0516,0.013,5.2,1,649.0,4.0,70.0,70.0,0.0633630480835926,0.0831496100702275,0.035927876933796,0.1332459825857515,0.4565744800769367,0.4565744800769367,0.4565744800769367,0.4565744800769367,0.04087,0.15974,0.06951,-0.1043799999999999,0,Johnson_1964,Goldwater_1964,-0.9056674214213124,-0.7834640403080274,-1.0288939,-0.337,-0.035,-0.03403,1.7185591557701985,2.2963601181442197,1.66541798,0.641,-0.289,0.4194216077305022,0.03403,4.0,-0.63652408,0,0,0,0,0,0,-0.230252486076896,7.633333333333334,9.98,-0.0788612652967834,0.1974458333333333,-0.0392258333333333,50.49044036865234,53.77892303466797,,,,,,,,0.048115
243,1964,OH,-0.01482,0.6294299903557294,0.0336699999999999,1.07278372639894,1.06458630422669,-0.0235676373837057,1,4,0.0516,0.013,5.2,1,10080.0,26.0,70.0,70.0,0.1022436066230995,0.0860697142495319,0.0470647896890303,0.0800013293171812,0.4176939215374299,0.4176939215374299,0.4176939215374299,0.4176939215374299,0.03362,0.0130399999999999,0.0224700000000001,0.0206299999999999,0,Johnson_1964,Goldwater_1964,-0.9056674214213124,-0.7834640403080274,-1.0288939,-0.337,-0.035,0.01482,1.7185591557701985,2.2963601181442197,1.66541798,0.641,-0.289,0.3705700096442705,-0.01482,26.0,-0.63652408,0,0,0,0,0,0,0.20080283133957,4.6000000000000005,9.12,-0.0626124727848053,-0.1338088461538461,0.0225292874048922,48.465633392333984,32.82752227783203,,,,,,,,0.03364499999999995
244,1964,OK,0.05715,0.5574633324003565,0.09103,1.07278372639894,1.06458630422669,-0.0235676373837057,1,4,0.0516,0.013,5.2,1,2446.0,8.0,70.0,70.0,-0.0911248159952998,-0.003302648742543,-0.1434873423864854,-0.0902101089613994,0.6110623441558293,0.6110623441558293,0.6110623441558293,0.6110623441558293,-0.0262099999999999,-0.00863,-0.1037699999999999,0.09966,0,Johnson_1964,Goldwater_1964,-0.9056674214213124,-0.7834640403080274,-1.0288939,-0.337,-0.035,-0.05715,1.7185591557701985,2.2963601181442197,1.66541798,0.641,-0.289,0.4425366675996435,0.05715,8.0,-0.63652408,0,0,0,0,0,0,-0.0554618024456287,4.533333333333333,4.58,-0.0267692879205322,0.53403125,-0.0130624112179487,43.999114990234375,49.040672302246094,,,,,,,,0.03241000000000005
245,1964,OR,-0.02461,0.639218623213183,0.02705,1.07278372639894,1.06458630422669,-0.0235676373837057,1,4,0.0516,0.013,5.2,1,1888.0,6.0,70.0,70.0,-0.0225918941253705,0.0338455503058923,-0.0133230318894229,-0.0220202302040275,0.5425294222859,0.5425294222859,0.5425294222859,0.5425294222859,-0.0250499999999999,0.05413,0.04131,-0.0270799999999999,0,Johnson_1964,Goldwater_1964,-0.9056674214213124,-0.7834640403080274,-1.0288939,-0.337,-0.035,0.02461,1.7185591557701985,2.2963601181442197,1.66541798,0.641,-0.289,0.360781376786817,-0.02461,6.0,-0.63652408,0,0,0,0,0,0,0.839405815960114,8.733333333333333,9.4,-0.1683301705782318,0.1738214285714286,-0.0673997799205648,61.639408111572266,54.97568893432617,,,,,,,,0.0010000000000000512
246,1964,PA,-0.03705,0.6516560862055222,-0.0108099999999999,1.07278372639894,1.06458630422669,-0.0235676373837057,1,4,0.0516,0.013,5.2,1,11519.0,29.0,70.0,70.0,0.0293237570723168,0.0292459336499232,0.045325692317468,0.0354467318368589,0.4906137710882125,0.4906137710882125,0.4906137710882125,0.4906137710882125,-0.0114499999999999,-0.02498,0.04419,0.01417,0,Johnson_1964,Goldwater_1964,-0.9056674214213124,-0.7834640403080274,-1.0288939,-0.337,-0.035,0.03705,1.7185591557701985,2.2963601181442197,1.66541798,0.641,-0.289,0.3483439137944778,-0.03705,29.0,-0.63652408,0,0,0,0,0,0,0.91202445489803,7.5,9.22,-0.2170932624908447,-0.16401158008658,-0.1176779614795108,67.71591186523438,44.73033142089844,,,,,,,,-0.0111299999999999
247,1964,RI,-0.19411,0.808717743630761,-0.1354499999999999,1.07278372639894,1.06458630422669,-0.0235676373837057,1,4,0.0516,0.013,5.2,1,885.0,4.0,70.0,70.0,-0.1312781008429498,-0.1398512287884012,-0.0759728398747767,-0.0313014045373378,0.6512156290034793,0.6512156290034793,0.6512156290034793,0.6512156290034793,0.00507,-0.0453,-0.0578799999999999,-0.0901499999999999,0,Johnson_1964,Goldwater_1964,-0.9056674214213124,-0.7834640403080274,-1.0288939,-0.337,-0.035,0.19411,1.7185591557701985,2.2963601181442197,1.66541798,0.641,-0.289,0.191282256369239,-0.19411,4.0,-0.63652408,0,0,0,0,0,0,0.932544465169794,9.8,6.62,-0.3430714787107849,-0.1822499999999999,-0.2361380269230769,83.4144058227539,54.79068756103516,,,,,,,,-0.06518999999999996
248,1964,SC,0.2035599999999999,0.4110544489926593,-0.0115499999999999,1.07278372639894,1.06458630422669,-0.0235676373837057,1,4,0.0516,0.013,5.2,1,2475.0,8.0,70.0,70.0,-0.3398455239285221,-0.4547403431721294,-0.4446702366477905,-0.4458539223462856,0.8597830520890515,0.8597830520890515,0.8597830520890515,0.8597830520890515,-0.22057,-0.06174,-0.3409999999999999,0.05019,0,Johnson_1964,Goldwater_1964,-0.9056674214213124,-0.7834640403080274,-1.0288939,-0.337,-0.035,-0.2035599999999999,1.7185591557701985,2.2963601181442197,1.66541798,0.641,-0.289,0.5889455510073407,0.2035599999999999,0.0,-0.63652408,0,0,0,0,1,0,-1.51471624298989,2.8,2.14,0.2093914998816871,0.9830972222222224,0.0974988242630385,14.57046604156494,49.54099655151367,,,,,,,,-0.11605999999999994
249,1964,SD,0.05849,0.556124154777257,0.0829699999999999,1.07278372639894,1.06458630422669,-0.0235676373837057,1,4,0.0516,0.013,5.2,1,701.0,4.0,70.0,70.0,0.1176747119646531,0.1053331840899667,0.0409916948224216,0.0020783328217346,0.4022628161958763,0.4022628161958763,0.4022628161958763,0.4022628161958763,0.00633,0.1382,0.04796,-0.05523,0,Johnson_1964,Goldwater_1964,-0.9056674214213124,-0.7834640403080274,-1.0288939,-0.337,-0.035,-0.05849,1.7185591557701985,2.2963601181442197,1.66541798,0.641,-0.289,0.443875845222743,0.05849,4.0,-0.63652408,0,0,0,0,0,0,-0.590119187318756,6.633333333333334,8.62,-0.0745427724066162,0.065175,-0.0699360448717949,49.95230102539063,37.05566787719727,,,,,,,,0.044649999999999954
250,1964,TN,0.05954,0.5550662988062018,0.03702,1.07278372639894,1.06458630422669,-0.0235676373837057,1,4,0.0516,0.013,5.2,1,3771.0,11.0,70.0,70.0,-0.0990885918714647,-0.1393864850918128,-0.1932351567026041,-0.0827105523871792,0.6190261200319942,0.6190261200319942,0.6190261200319942,0.6190261200319942,-0.0743699999999999,-0.05315,-0.0475899999999999,0.09017,0,Johnson_1964,Goldwater_1964,-0.9056674214213124,-0.7834640403080274,-1.0288939,-0.337,-0.035,-0.05954,1.7185591557701985,2.2963601181442197,1.66541798,0.641,-0.289,0.4449337011937981,0.05954,11.0,-0.63652408,0,0,0,0,1,0,-0.650845564769531,4.133333333333334,5.720000000000001,-0.0088060166901397,0.6128854895104895,-0.0459527129936058,41.76066207885742,63.55354309082031,,,,,,,,-0.01867499999999995
251,1964,TX,-0.01977,0.6343794662422175,-0.00927,1.07278372639894,1.06458630422669,-0.0235676373837057,1,4,0.0516,0.013,5.2,1,10270.0,25.0,70.0,70.0,-0.0970330178425425,-0.3118636023760752,-0.3251841160263345,-0.4105235193266929,0.616970546003072,0.616970546003072,0.616970546003072,0.616970546003072,-0.0206699999999999,-0.02227,-0.2071999999999999,0.013,0,Johnson_1964,Goldwater_1964,-0.9056674214213124,-0.7834640403080274,-1.0288939,-0.337,-0.035,0.01977,1.7185591557701985,2.2963601181442197,1.66541798,0.641,-0.289,0.3656205337577825,-0.01977,25.0,-0.63652408,1,0,0,0,1,0,-0.716952972150249,1.2,8.219999999999999,-0.0030179137611389,0.7760160256410258,0.0275543173111631,41.03939056396485,59.78916931152344,,,,,,,,-0.01496999999999995
252,1964,UT,0.0659699999999999,0.5486448002797831,0.04903,1.07278372639894,1.06458630422669,-0.0235676373837057,1,4,0.0516,0.013,5.2,1,978.0,4.0,70.0,70.0,0.0479823631039189,0.0399047633801972,0.0630750444341048,0.0957502535996314,0.4719551650566105,0.4719551650566105,0.4719551650566105,0.4719551650566105,0.06809,0.0347299999999999,-0.0215399999999998,0.0143,0,Johnson_1964,Goldwater_1964,-0.9056674214213124,-0.7834640403080274,-1.0288939,-0.337,-0.035,-0.0659699999999999,1.7185591557701985,2.2963601181442197,1.66541798,0.641,-0.289,0.4513551997202168,0.0659699999999999,4.0,-0.63652408,0,0,0,0,0,0,-0.20102555802789,7.733333333333332,8.84,-0.0604121138710784,-0.0850625,-0.0093290838888888,48.19144058227539,40.57255935668945,,,,,,,,0.05856
253,1964,VT,-0.04847,0.6630751399714231,0.08733,1.07278372639894,1.06458630422669,-0.0235676373837057,1,4,0.0516,0.013,5.2,1,399.0,3.0,70.0,70.0,0.0870496345903192,0.1169218321603686,0.0406764327906077,0.1785330825818154,0.4328878935702101,0.4328878935702101,0.4328878935702101,0.4328878935702101,0.14427,0.16225,0.14869,-0.0749199999999999,0,Johnson_1964,Goldwater_1964,-0.9056674214213124,-0.7834640403080274,-1.0288939,-0.337,-0.035,0.04847,1.7185591557701985,2.2963601181442197,1.66541798,0.641,-0.289,0.3369248600285769,-0.04847,3.0,-0.63652408,0,0,0,0,0,0,-0.0709145309017538,9.9,12.7,-0.2186121891246032,-0.5094166666666666,,67.90518951416016,66.42525482177734,,,,,,,,0.11580000000000001
254,1964,VA,0.0777099999999999,0.5368992045196522,0.0283399999999999,1.07278372639894,1.06458630422669,-0.0235676373837057,1,4,0.0516,0.013,5.2,1,4357.0,12.0,70.0,70.0,-0.0803547110041164,-0.1278000392845754,-0.23171921207989,-0.0906673186637794,0.6002922391646458,0.6002922391646458,0.6002922391646458,0.6002922391646458,0.0132,0.0105299999999999,-0.0148099999999999,0.0178099999999999,0,Johnson_1964,Goldwater_1964,-0.9056674214213124,-0.7834640403080274,-1.0288939,-0.337,-0.035,-0.0777099999999999,1.7185591557701985,2.2963601181442197,1.66541798,0.641,-0.289,0.4631007954803477,0.0777099999999999,12.0,-0.63652408,0,0,0,0,1,0,-1.14672659570424,2.933333333333333,5.16,0.1656985962767029,0.723625,0.0900091489731469,20.015159606933597,49.18511199951172,,,,,,,,0.020769999999999948
255,1964,WA,-0.00917,0.6237815407675443,0.0130299999999999,1.07278372639894,1.06458630422669,-0.0235676373837057,1,4,0.0516,0.013,5.2,1,2961.0,9.0,70.0,70.0,0.1365521293067588,0.1200912942503515,0.0905085878619528,-0.0102975685178837,0.3833853988537706,0.3833853988537706,0.3833853988537706,0.3833853988537706,-0.0349199999999999,-0.00586,-0.0283899999999999,0.01889,0,Johnson_1964,Goldwater_1964,-0.9056674214213124,-0.7834640403080274,-1.0288939,-0.337,-0.035,0.00917,1.7185591557701985,2.2963601181442197,1.66541798,0.641,-0.289,0.3762184592324556,-0.00917,9.0,-0.63652408,0,0,0,0,0,0,0.446292427204391,8.366666666666667,10.46,-0.0827618681575775,-0.0908055555555555,-0.0695356617894488,50.976505279541016,64.52777099609375,,,,,,,,-0.010945000000000002
256,1964,WV,-0.06476,0.6793684662390789,-0.0264999999999999,1.07278372639894,1.06458630422669,-0.0235676373837057,1,4,0.0516,0.013,5.2,1,1797.0,7.0,70.0,70.0,-0.0400441054945998,-0.0253042688010294,-0.0633658089804314,-0.0238213465026696,0.5599816336551292,0.5599816336551292,0.5599816336551292,0.5599816336551292,-0.0367399999999999,-0.07376,-0.0520499999999999,0.04726,0,Johnson_1964,Goldwater_1964,-0.9056674214213124,-0.7834640403080274,-1.0288939,-0.337,-0.035,0.06476,1.7185591557701985,2.2963601181442197,1.66541798,0.641,-0.289,0.3206315337609211,-0.06476,7.0,-0.63652408,0,0,0,0,0,0,-0.568459689576641,4.966666666666666,6.98,-0.2169673842547607,0.2636438492063492,-0.1295437710093896,67.70022583007812,65.55164337158203,,,,,,,,-0.0316199999999999
257,1964,WI,-0.00734,0.6219504902248124,0.0194799999999999,1.07278372639894,1.06458630422669,-0.0235676373837057,1,4,0.0516,0.013,5.2,1,4165.0,12.0,70.0,70.0,0.0213769239592789,0.0551293026582503,0.0192151527590404,0.0494972344809757,0.4985606042012505,0.4985606042012505,0.4985606042012505,0.4985606042012505,0.04186,0.0570899999999999,0.00095,-0.0376099999999999,0,Johnson_1964,Goldwater_1964,-0.9056674214213124,-0.7834640403080274,-1.0288939,-0.337,-0.035,0.00734,1.7185591557701985,2.2963601181442197,1.66541798,0.641,-0.289,0.3780495097751876,-0.00734,12.0,-0.63652408,0,0,0,0,0,0,0.859590308709671,8.466666666666667,9.78,-0.1502615314274596,-0.0084951923076923,-0.059766597284565,59.38782501220703,57.1861457824707,,,,,,,,0.03066999999999995
258,1964,WY,0.04903,0.5655847977802069,0.0509799999999999,1.07278372639894,1.06458630422669,-0.0235676373837057,1,4,0.0516,0.013,5.2,1,339.0,3.0,70.0,70.0,0.1337039249529465,0.0681608121829263,0.0911502634416709,0.0891599229055695,0.3862336032075828,0.3862336032075828,0.3862336032075828,0.3862336032075828,0.02326,0.0738399999999999,0.00173,-0.0228599999999999,0,Johnson_1964,Goldwater_1964,-0.9056674214213124,-0.7834640403080274,-1.0288939,-0.337,-0.035,-0.04903,1.7185591557701985,2.2963601181442197,1.66541798,0.641,-0.289,0.4344152022197931,0.04903,3.0,-0.63652408,0,0,0,0,0,0,-0.433958939006542,8.4,7.6,0.0061499830718231,0.0880833333333333,,39.89695358276367,23.66699981689453,,,,,,,,0.03711999999999995
259,1964,USA,0.0,0.6146131846197956,0.0,1.07278372639894,1.06458630422669,-0.0235676373837057,1,4,0.0516,0.013,5.2,1,,,70.0,70.0,,,,,0.5199375281605294,0.5199375281605294,0.5199375281605294,0.5199375281605294,0.0,0.0,0.0,0.0,0,Johnson_1964,Goldwater_1964,-0.9056674214213124,-0.7834640403080274,-1.0288939,-0.337,-0.035,-0.0,1.7185591557701985,2.2963601181442197,1.66541798,0.641,-0.289,0.3853868153802043,0.0,,-0.63652408,0,0,0,0,0,0,,,,,,,,,,,,,,,,0.0
260,1968,AL,-0.07634,0.5722790551437837,0.30861,1.04473142503944,1.03014404958246,-0.0602467433027904,1,8,0.0496,0.043,3.6,0,3446.0,10.0,,43.0,-0.0962131254936354,0.0859867997629729,-0.1585043938185256,-0.3448007628532197,0.6086014749968334,0.6086014749968334,0.6086014749968334,0.6086014749968334,-0.07137,-0.1668599999999999,-0.20281,0.4754699999999999,0,Humphrey_1968,Nixon_1968,-1.144233473893268,-1.1887040611570072,-1.2918417,-0.397,-0.093,0.07634,0.6052509109010726,0.8374960430878918,0.85293887,0.552,-0.834,0.4277209448562162,-0.07634,10.0,0.4389028299999999,0,0,0,0,0,0,-1.01145134938796,0.1333333333333334,2.1,0.275679646354084,0.7375636363636364,0.0123472007168021,6.310116767883301,58.31417083740234,,,,,,,,0.11862
261,1968,AK,0.0109299999999999,0.4850091082165701,-0.04447,1.04473142503944,1.03014404958246,-0.0602467433027904,1,8,0.0496,0.043,3.6,0,285.0,3.0,,43.0,0.0288584482787452,0.0551964815933685,-0.0254240785708799,-0.0226923835645568,0.4835299012244526,0.4835299012244526,0.4835299012244526,0.4835299012244526,0.0102399999999999,,,,0,Humphrey_1968,Nixon_1968,-1.144233473893268,-1.1887040611570072,-1.2918417,-0.397,-0.093,-0.0109299999999999,0.6052509109010726,0.8374960430878918,0.85293887,0.552,-0.834,0.5149908917834298,0.0109299999999999,0.0,0.4389028299999999,0,0,0,0,0,0,0.474569295947988,,,-0.1180981420998382,0.5103333333333333,,55.37985610961914,45.02012252807617,,,,,,,,-0.01711500000000005
262,1968,AZ,0.10596,0.3899825036879481,0.1195899999999999,1.04473142503944,1.03014404958246,-0.0602467433027904,1,8,0.0496,0.043,3.6,0,1682.0,5.0,,43.0,0.0734888137988103,0.0696760910844929,0.0339096363823136,0.0694144217802555,0.4388995357043875,0.4388995357043875,0.4388995357043875,0.4388995357043875,0.05668,0.03306,0.02898,0.0865299999999999,0,Humphrey_1968,Nixon_1968,-1.144233473893268,-1.1887040611570072,-1.2918417,-0.397,-0.093,-0.10596,0.6052509109010726,0.8374960430878918,0.85293887,0.552,-0.834,0.6100174963120519,0.10596,0.0,0.4389028299999999,0,0,0,0,0,0,0.0718671749235939,4.816666666666666,5.7,0.1184488595389557,0.0685,0.032895362095238,25.903079986572266,34.632232666015625,,,,,,,,0.08813499999999995
263,1968,AR,0.0015,0.4944366153870837,0.0509899999999999,1.04473142503944,1.03014404958246,-0.0602467433027904,1,8,0.0496,0.043,3.6,0,1902.0,6.0,,43.0,-0.0393131094973439,0.0229486729740481,,-0.2817424803597684,0.5517014590005418,0.5517014590005418,0.5517014590005418,0.5517014590005418,-0.03739,-0.1112899999999999,-0.11543,0.1622799999999999,0,Humphrey_1968,Nixon_1968,-1.144233473893268,-1.1887040611570072,-1.2918417,-0.397,-0.093,-0.0015,0.6052509109010726,0.8374960430878918,0.85293887,0.552,-0.834,0.5055633846129163,0.0015,0.0,0.4389028299999999,0,0,0,0,0,0,-1.02099697094672,5.483333333333334,2.4,0.2550641157914162,0.8866388888888889,-0.0099066673453493,8.879075050354004,48.01307678222656,,,,,,,,0.006799999999999952
264,1968,CA,0.0125799999999999,0.4833621425087254,0.0229399999999999,1.04473142503944,1.03014404958246,-0.0602467433027904,1,8,0.0496,0.043,3.6,0,19394.0,40.0,,43.0,0.0441928208791202,0.0413982071911193,0.0009346839793555,0.0171927750562778,0.4681955286240776,0.4681955286240776,0.4681955286240776,0.4681955286240776,0.0035799999999999,-0.02176,0.0189599999999999,0.0446999999999999,0,Humphrey_1968,Nixon_1968,-1.144233473893268,-1.1887040611570072,-1.2918417,-0.397,-0.093,-0.0125799999999999,0.6052509109010726,0.8374960430878918,0.85293887,0.552,-0.834,0.5166378574912746,0.0125799999999999,0.0,0.4389028299999999,0,1,0,0,0,0,0.884062414046806,8.333333333333332,8.1,-0.106931071121521,-0.0298763488237041,-0.077575618600521,53.98829650878906,48.06237030029297,,,,,,,,0.0132599999999999
265,1968,CO,0.04575,0.4501886452864198,-0.0013699999999999,1.04473142503944,1.03014404958246,-0.0602467433027904,1,8,0.0496,0.043,3.6,0,2120.0,6.0,,43.0,-0.0199412268007445,-0.0114358016495245,0.0464565110233042,0.0272927539829667,0.5323295763039424,0.5323295763039424,0.5323295763039424,0.5323295763039424,0.04969,0.02156,0.05285,-0.02293,0,Humphrey_1968,Nixon_1968,-1.144233473893268,-1.1887040611570072,-1.2918417,-0.397,-0.093,-0.04575,0.6052509109010726,0.8374960430878918,0.85293887,0.552,-0.834,0.5498113547135801,0.04575,0.0,0.4389028299999999,0,0,0,0,0,0,0.239382760198683,7.233333333333333,9.3,-0.0813480645449066,-0.0599166666666666,-0.0028840060502283,50.80032730102539,37.1120491027832,,,,,,,,0.02416000000000005
266,1968,CT,-0.03157,0.527514635715389,-0.06418,1.04473142503944,1.03014404958246,-0.0602467433027904,1,8,0.0496,0.043,3.6,0,2964.0,8.0,,43.0,-0.0381951554261604,-0.0523409438372116,-0.0138114521605549,0.0082017065221889,0.5505835049293584,0.5505835049293584,0.5505835049293584,0.5505835049293584,-0.0364799999999999,0.0598,0.0046799999999999,-0.12398,0,Humphrey_1968,Nixon_1968,-1.144233473893268,-1.1887040611570072,-1.2918417,-0.397,-0.093,0.03157,0.6052509109010726,0.8374960430878918,0.85293887,0.552,-0.834,0.4724853642846109,-0.03157,8.0,0.4389028299999999,0,0,0,0,0,0,0.913580572597603,7.666666666666667,7.0,-0.2151346191783142,-0.1938125,-0.1300344334402418,67.47183990478516,65.36360931396484,,,,,,,,-0.05032999999999995
267,1968,DC,-0.32225,0.8181946089179144,-0.2403699999999999,1.04473142503944,1.03014404958246,-0.0602467433027904,1,8,0.0496,0.043,3.6,0,778.0,3.0,,43.0,,,,,,,,,,,,,0,Humphrey_1968,Nixon_1968,-1.144233473893268,-1.1887040611570072,-1.2918417,-0.397,-0.093,0.32225,0.6052509109010726,0.8374960430878918,0.85293887,0.552,-0.834,0.1818053910820856,-0.32225,3.0,0.4389028299999999,0,0,0,0,0,0,,,,,,,,,,,,,,,,
268,1968,DE,0.01617,0.47977494244465,0.00348,1.04473142503944,1.03014404958246,-0.0602467433027904,1,8,0.0496,0.043,3.6,0,534.0,3.0,,43.0,0.0701391818503863,0.0046790027631794,-0.0102028433251376,0.0404172126963765,0.4422491676528116,0.4422491676528116,0.4422491676528116,0.4422491676528116,-0.00738,-0.0250199999999999,-0.0350699999999999,0.0285,0,Humphrey_1968,Nixon_1968,-1.144233473893268,-1.1887040611570072,-1.2918417,-0.397,-0.093,-0.01617,0.6052509109010726,0.8374960430878918,0.85293887,0.552,-0.834,0.52022505755535,0.01617,0.0,0.4389028299999999,0,0,0,0,0,0,0.122906759114924,5.016666666666667,5.5,-0.1223332773934936,-0.3799166666666666,,55.90760803222656,53.85914993286133,,,,,,,,-0.0019500000000000001
269,1968,FL,0.0630999999999999,0.4328439918700331,0.1031199999999999,1.04473142503944,1.03014404958246,-0.0602467433027904,1,8,0.0496,0.043,3.6,0,6433.0,14.0,,43.0,-0.1359675960871799,-0.1316042784612602,-0.1058940374314905,-0.1448584640770824,0.6483559455903778,0.6483559455903778,0.6483559455903778,0.6483559455903778,0.0159799999999999,-0.0048099999999999,-0.0044299999999999,0.1079299999999999,0,Humphrey_1968,Nixon_1968,-1.144233473893268,-1.1887040611570072,-1.2918417,-0.397,-0.093,-0.0630999999999999,0.6052509109010726,0.8374960430878918,0.85293887,0.552,-0.834,0.5671560081299669,0.0630999999999999,0.0,0.4389028299999999,0,0,0,0,0,0,-1.27116814462284,4.266666666666667,4.7,0.1891153308597946,0.5214857142857142,0.019973604618791,17.097135543823242,46.64601135253906,,,,,,,,0.0595499999999999
270,1968,GA,0.0278999999999999,0.468042169138382,0.1558799999999999,1.04473142503944,1.03014404958246,-0.0602467433027904,1,8,0.0496,0.043,3.6,0,4482.0,12.0,,43.0,-0.1438316560560828,-0.1234424346691405,-0.3005416978901465,-0.4119014967246955,0.6562200055592807,0.6562200055592807,0.6562200055592807,0.6562200055592807,-0.12478,-0.24813,-0.25111,0.40401,0,Humphrey_1968,Nixon_1968,-1.144233473893268,-1.1887040611570072,-1.2918417,-0.397,-0.093,-0.0278999999999999,0.6052509109010726,0.8374960430878918,0.85293887,0.552,-0.834,0.531957830861618,0.0278999999999999,0.0,0.4389028299999999,0,0,0,0,0,0,-1.22504153294068,4.449999999999999,2.9,0.2503750902724647,0.8836458333333335,0.0503919361257512,9.463387489318848,54.07444763183594,,,,,,,,0.015549999999999953
271,1968,HI,-0.11125,0.6071948751659513,-0.173,1.04473142503944,1.03014404958246,-0.0602467433027904,1,8,0.0496,0.043,3.6,0,734.0,4.0,,43.0,-0.1631667213533002,-0.0401933290729104,-0.1156925079780412,-0.1984122210295421,0.6755550708564981,0.6755550708564981,0.6755550708564981,0.6755550708564981,0.0005199999999999,,,,0,Humphrey_1968,Nixon_1968,-1.144233473893268,-1.1887040611570072,-1.2918417,-0.397,-0.093,0.11125,0.6052509109010726,0.8374960430878918,0.85293887,0.552,-0.834,0.3928051248340487,-0.11125,4.0,0.4389028299999999,0,0,0,0,0,0,0.867112102989448,,,-0.3232005950578308,-0.108875,-0.2815301,80.93824005126953,70.10395812988281,,,,,,,,-0.08624000000000004
272,1968,ID,0.14536,0.3505823862520715,0.1054399999999999,1.04473142503944,1.03014404958246,-0.0602467433027904,1,8,0.0496,0.043,3.6,0,695.0,4.0,,43.0,0.1143941022788719,0.0775409955094806,-0.0091989611898789,-0.0025430053375501,0.3979942472243259,0.3979942472243259,0.3979942472243259,0.3979942472243259,0.0386799999999999,0.03447,0.1007199999999999,0.0709699999999999,0,Humphrey_1968,Nixon_1968,-1.144233473893268,-1.1887040611570072,-1.2918417,-0.397,-0.093,-0.14536,0.6052509109010726,0.8374960430878918,0.85293887,0.552,-0.834,0.6494176137479284,0.14536,0.0,0.4389028299999999,0,0,0,0,0,0,0.166171627943644,8.266666666666666,9.3,0.0372003663421631,0.1398625,0.2312477424242424,36.027679443359375,27.41017723083496,,,,,,,,0.0720599999999999
273,1968,IL,0.01195,0.4839889450641438,0.0198899999999999,1.04473142503944,1.03014404958246,-0.0602467433027904,1,8,0.0496,0.043,3.6,0,10995.0,26.0,,43.0,0.0552322834057283,0.0255424167173873,0.0225169254650031,0.0381241954332782,0.4571560660974695,0.4571560660974695,0.4571560660974695,0.4571560660974695,-9.9999999999989e-05,0.01882,-0.00494,0.0010699999999999,0,Humphrey_1968,Nixon_1968,-1.144233473893268,-1.1887040611570072,-1.2918417,-0.397,-0.093,-0.01195,0.6052509109010726,0.8374960430878918,0.85293887,0.552,-0.834,0.5160110549358561,0.01195,0.0,0.4389028299999999,0,0,0,0,0,0,0.513880856373185,6.133333333333333,8.2,-0.1531174857458496,-0.1171823361823361,-0.0460865472836056,59.74371337890625,54.78107070922852,,,,,,,,0.009894999999999956
274,1968,IN,0.06562,0.4303227878353349,0.05223,1.04473142503944,1.03014404958246,-0.0602467433027904,1,8,0.0496,0.043,3.6,0,5093.0,13.0,,43.0,0.0474289659289361,0.0420332674626672,0.0292315983011632,0.0582929293555283,0.4649593835742617,0.4649593835742617,0.4649593835742617,0.4649593835742617,0.05318,0.02389,0.0318499999999999,0.0283399999999999,0,Humphrey_1968,Nixon_1968,-1.144233473893268,-1.1887040611570072,-1.2918417,-0.397,-0.093,-0.06562,0.6052509109010726,0.8374960430878918,0.85293887,0.552,-0.834,0.5696772121646652,0.06562,0.0,0.4389028299999999,0,0,0,0,0,0,-0.0474993994630539,3.3666666666666667,10.8,-0.008185105147705,0.0055192307692307,0.0226217213809147,41.68328857421875,57.62165832519531,,,,,,,,0.052705
275,1968,IA,0.0609199999999999,0.4350217420070176,-0.00546,1.04473142503944,1.03014404958246,-0.0602467433027904,1,8,0.0496,0.043,3.6,0,2803.0,9.0,,43.0,0.0358876990749373,0.023913059639953,0.0586218726674597,0.085826915494529,0.4765006504282605,0.4765006504282605,0.4765006504282605,0.4765006504282605,0.0683199999999999,0.01481,0.08726,-0.02027,0,Humphrey_1968,Nixon_1968,-1.144233473893268,-1.1887040611570072,-1.2918417,-0.397,-0.093,-0.0609199999999999,0.6052509109010726,0.8374960430878918,0.85293887,0.552,-0.834,0.5649782579929823,0.0609199999999999,0.0,0.4389028299999999,0,0,0,0,0,0,-0.0452095917679667,7.0,10.1,-0.0400587786128997,-0.0454055555555555,0.0658705990996196,45.655155181884766,55.49240493774414,,,,,,,,0.031429999999999944
276,1968,KS,0.10831,0.3876264919979019,0.06908,1.04473142503944,1.03014404958246,-0.0602467433027904,1,8,0.0496,0.043,3.6,0,2216.0,7.0,,43.0,0.1453580414042789,0.1252921191087918,0.1208220605795019,0.0872257466879786,0.3670303080989189,0.3670303080989189,0.3670303080989189,0.3670303080989189,0.10803,0.0792,0.13827,-0.01012,0,Humphrey_1968,Nixon_1968,-1.144233473893268,-1.1887040611570072,-1.2918417,-0.397,-0.093,-0.10831,0.6052509109010726,0.8374960430878918,0.85293887,0.552,-0.834,0.612373508002098,0.10831,0.0,0.4389028299999999,0,0,0,0,0,0,-0.271029531669346,6.95,8.5,0.078924593416748,-0.1570198412698412,0.0680867765079365,30.82830810546875,49.389434814453125,,,,,,,,0.088555
277,1968,KY,0.0336599999999999,0.4622827785736878,-0.02766,1.04473142503944,1.03014404958246,-0.0602467433027904,1,8,0.0496,0.043,3.6,0,3195.0,9.0,,43.0,-0.0154574483148643,-0.0770706957388369,-0.0049637209802853,0.0488832328407851,0.5278457978180623,0.5278457978180623,0.5278457978180623,0.5278457978180623,0.0367399999999999,-0.0318699999999999,-0.0548699999999999,0.0042099999999999,0,Humphrey_1968,Nixon_1968,-1.144233473893268,-1.1887040611570072,-1.2918417,-0.397,-0.093,-0.0336599999999999,0.6052509109010726,0.8374960430878918,0.85293887,0.552,-0.834,0.5377172214263122,0.0336599999999999,0.0,0.4389028299999999,0,0,0,0,0,0,0.106628480311629,3.883333333333333,7.9,-0.0479841482755279,0.2733416666666667,-0.0350315790590935,46.64275741577149,51.88682174682617,,,,,,,,0.004539999999999949
278,1968,LA,-0.04997,0.545913779423433,0.1827599999999999,1.04473142503944,1.03014404958246,-0.0602467433027904,1,8,0.0496,0.043,3.6,0,3603.0,10.0,,43.0,-0.3059078405754829,-0.1447415711115207,-0.3575525102992761,-0.3038088799915428,0.8182961900786808,0.8182961900786808,0.8182961900786808,0.8182961900786808,-0.13731,-0.0032899999999999,-0.08374,0.1860499999999999,0,Humphrey_1968,Nixon_1968,-1.144233473893268,-1.1887040611570072,-1.2918417,-0.397,-0.093,0.04997,0.6052509109010726,0.8374960430878918,0.85293887,0.552,-0.834,0.454086220576567,-0.04997,10.0,0.4389028299999999,0,0,0,0,0,0,-0.738287488307546,5.583333333333334,1.0,0.21875341817873,0.885990909090909,0.0650672080357143,13.403851509094238,54.12977981567383,,,,,,,,0.022724999999999954
279,1968,ME,-0.06622,0.5621601485904089,-0.07381,1.04473142503944,1.03014404958246,-0.0602467433027904,1,8,0.0496,0.043,3.6,0,994.0,4.0,,43.0,-0.0347110175075789,0.0125418335051423,0.0741108764307997,0.1106464306892989,0.5470993670107769,0.5470993670107769,0.5470993670107769,0.5470993670107769,0.0713099999999999,0.13113,0.1071499999999999,-0.20494,0,Humphrey_1968,Nixon_1968,-1.144233473893268,-1.1887040611570072,-1.2918417,-0.397,-0.093,0.06622,0.6052509109010726,0.8374960430878918,0.85293887,0.552,-0.834,0.4378398514095911,-0.06622,4.0,0.4389028299999999,0,0,1,0,0,0,-0.057851471941357,6.5,9.9,-0.154028602949295,-0.1884374999999999,-0.1826532045454545,59.85725021362305,57.37760162353516,,,,,,,,-0.0012500000000000497
280,1968,MD,-0.0136799999999999,0.5096160673290385,-0.0400899999999999,1.04473142503944,1.03014404958246,-0.0602467433027904,1,8,0.0496,0.043,3.6,0,3815.0,10.0,,43.0,-0.0485770410063635,-0.0905279226592,-0.0390403629522049,-0.0484504348825101,0.5609653905095614,0.5609653905095614,0.5609653905095614,0.5609653905095614,-0.0353099999999999,0.02283,0.0036399999999999,-0.0629199999999999,0,Humphrey_1968,Nixon_1968,-1.144233473893268,-1.1887040611570072,-1.2918417,-0.397,-0.093,0.0136799999999999,0.6052509109010726,0.8374960430878918,0.85293887,0.552,-0.834,0.4903839326709615,-0.0136799999999999,10.0,0.4389028299999999,0,0,0,1,0,0,0.864945337756709,5.183333333333334,7.5,-0.2456749690606688,-0.1285472222222222,-0.1110272225986842,71.27755737304688,55.91884613037109,,,,,,,,-0.0376999999999999
281,1968,MA,-0.1611199999999999,0.6570560208080098,-0.15008,1.04473142503944,1.03014404958246,-0.0602467433027904,1,8,0.0496,0.043,3.6,0,5618.0,14.0,,43.0,-0.0939439016281005,-0.0993345035047131,-0.0666476039527937,-0.0650396867765393,0.6063322511312984,0.6063322511312984,0.6063322511312984,0.6063322511312984,-0.10275,0.01751,-0.01058,-0.16759,0,Humphrey_1968,Nixon_1968,-1.144233473893268,-1.1887040611570072,-1.2918417,-0.397,-0.093,0.1611199999999999,0.6052509109010726,0.8374960430878918,0.85293887,0.552,-0.834,0.3429439791919901,-0.1611199999999999,14.0,0.4389028299999999,0,0,0,0,0,0,1.67360353882932,12.566666666666666,6.3,-0.3245661535099792,-0.3203236607142857,-0.1671147106056466,81.10840606689453,57.27594757080078,,,,,,,,-0.126415
282,1968,MI,-0.04158,0.5375229397111156,-0.05376,1.04473142503944,1.03014404958246,-0.0602467433027904,1,8,0.0496,0.043,3.6,0,8696.0,21.0,,43.0,0.0262944408604948,-0.0078784864391389,0.0021055466133591,0.0342365777738431,0.486093908642703,0.486093908642703,0.486093908642703,0.486093908642703,-0.00927,-0.0199699999999999,0.0031499999999999,-0.03379,0,Humphrey_1968,Nixon_1968,-1.144233473893268,-1.1887040611570072,-1.2918417,-0.397,-0.093,0.04158,0.6052509109010726,0.8374960430878918,0.85293887,0.552,-0.834,0.4624770602888843,-0.04158,21.0,0.4389028299999999,0,0,0,0,0,0,1.21163295085221,7.283333333333333,9.9,-0.2135515901548766,-0.1440089638622247,-0.1295593188654492,67.27457427978516,44.31925201416016,,,,,,,,-0.031515
283,1968,MN,-0.06971,0.5656480792096445,-0.02451,1.04473142503944,1.03014404958246,-0.0602467433027904,1,8,0.0496,0.043,3.6,0,3703.0,10.0,,43.0,0.0287524045157513,0.57037664118605,0.0225033930077531,0.0417723681963522,0.4836359449874465,0.4836359449874465,0.4836359449874465,0.4836359449874465,-0.00633,-0.0394499999999999,0.00189,0.0149399999999999,0,Humphrey_1968,Nixon_1968,-1.144233473893268,-1.1887040611570072,-1.2918417,-0.397,-0.093,0.06971,0.6052509109010726,0.8374960430878918,0.85293887,0.552,-0.834,0.4343519207903554,-0.06971,10.0,0.4389028299999999,1,0,0,0,0,0,0.0362606096614219,7.75,10.4,-0.0962597375350189,-0.1516818181818182,-0.075803350238422,52.65851211547852,37.66599655151367,,,,,,,,-0.01542
284,1968,MS,-0.1339499999999999,0.6298879411272789,0.48601,1.04473142503944,1.03014404958246,-0.0602467433027904,1,8,0.0496,0.043,3.6,0,2219.0,7.0,,43.0,-0.3088577054069655,-0.3318008963039064,-0.4800624718394706,-0.4351885154370997,0.8212460549101634,0.8212460549101634,0.8212460549101634,0.8212460549101634,-0.09482,-0.2817599999999999,-0.1588899999999999,0.76777,0,Humphrey_1968,Nixon_1968,-1.144233473893268,-1.1887040611570072,-1.2918417,-0.397,-0.093,0.1339499999999999,0.6052509109010726,0.8374960430878918,0.85293887,0.552,-0.834,0.3701120588727211,-0.1339499999999999,7.0,0.4389028299999999,0,0,0,0,0,0,-2.1639407405956,2.8,0.0,0.2774085703041744,0.9904776785714284,0.0965275077419355,6.09467077255249,49.867958068847656,,,,,,,,0.195595
285,1968,MO,0.0023299999999999,0.4936109808304477,-0.0258899999999999,1.04473142503944,1.03014404958246,-0.0602467433027904,1,8,0.0496,0.043,3.6,0,4568.0,12.0,,43.0,-0.0244653634459551,-0.0546160972275006,-0.0441772943844352,-0.0313287860938558,0.5368537129491531,0.5368537129491531,0.5368537129491531,0.5368537129491531,-0.00175,-0.07861,-0.04669,0.05272,0,Humphrey_1968,Nixon_1968,-1.144233473893268,-1.1887040611570072,-1.2918417,-0.397,-0.093,-0.0023299999999999,0.6052509109010726,0.8374960430878918,0.85293887,0.552,-0.834,0.5063890191695523,0.0023299999999999,0.0,0.4389028299999999,0,0,0,0,0,0,0.0546029285629095,4.216666666666667,,0.0927642809809875,0.321073717948718,0.0593808190477906,29.10370635986328,63.70221328735352,,,,,,,,-0.01381999999999995
286,1968,MT,0.0448,0.4511409279230842,0.0222599999999999,1.04473142503944,1.03014404958246,-0.0602467433027904,1,8,0.0496,0.043,3.6,0,700.0,4.0,,43.0,0.0578857455222415,0.076451203475246,0.0394702570360768,0.0361485294131291,0.4545026039809563,0.4545026039809563,0.4545026039809563,0.4545026039809563,0.01339,-0.0061699999999999,0.0425599999999999,0.0284299999999999,0,Humphrey_1968,Nixon_1968,-1.144233473893268,-1.1887040611570072,-1.2918417,-0.397,-0.093,-0.0448,0.6052509109010726,0.8374960430878918,0.85293887,0.552,-0.834,0.5488590720769158,0.0448,0.0,0.4389028299999999,0,0,0,0,0,0,-0.373139359542008,6.333333333333334,8.3,0.0128868870828247,0.34475,-0.0765720461538461,39.05744934082031,44.938724517822266,,,,,,,,0.017824999999999952
287,1968,NE,0.1487799999999999,0.3471593484663998,0.0885399999999999,1.04473142503944,1.03014404958246,-0.0602467433027904,1,8,0.0496,0.043,3.6,0,1467.0,5.0,,43.0,0.1326716251412202,0.0839597723182518,0.1430355772900943,0.1102743727091988,0.3797167243619776,0.3797167243619776,0.3797167243619776,0.3797167243619776,0.1215399999999999,0.07762,0.1370199999999999,0.0109199999999999,0,Humphrey_1968,Nixon_1968,-1.144233473893268,-1.1887040611570072,-1.2918417,-0.397,-0.093,-0.1487799999999999,0.6052509109010726,0.8374960430878918,0.85293887,0.552,-0.834,0.6528406515336002,0.1487799999999999,0.0,0.4389028299999999,0,0,0,0,0,0,0.0844934351077323,7.033333333333333,9.6,0.1261978710989379,0.0772833333333333,0.1121651401709401,24.93745422363281,31.217300415039062,,,,,,,,0.1050399999999999
288,1968,NV,0.0429899999999999,0.4529472441062592,0.0287899999999999,1.04473142503944,1.03014404958246,-0.0602467433027904,1,8,0.0496,0.043,3.6,0,464.0,3.0,,43.0,-0.1639123348925784,-0.0625526764516501,-0.1965672498172683,-0.0301773163965846,0.6763006843957763,0.6763006843957763,0.6763006843957763,0.6763006843957763,-0.0107899999999999,0.0021599999999999,0.0599299999999999,0.0266299999999999,0,Humphrey_1968,Nixon_1968,-1.144233473893268,-1.1887040611570072,-1.2918417,-0.397,-0.093,-0.0429899999999999,0.6052509109010726,0.8374960430878918,0.85293887,0.552,-0.834,0.5470527558937408,0.0429899999999999,0.0,0.4389028299999999,0,0,0,0,0,0,-0.354755859586902,5.466666666666667,6.1,0.1283970973534393,0.519,,24.663402557373047,37.217376708984375,,,,,,,,0.009
289,1968,NH,0.03852,0.4574173707144158,-0.02429,1.04473142503944,1.03014404958246,-0.0602467433027904,1,8,0.0496,0.043,3.6,0,709.0,4.0,,43.0,0.120627927227646,0.0634721834132472,0.0704636250997661,0.1277382625626963,0.3917604222755518,0.3917604222755518,0.3917604222755518,0.3917604222755518,0.0350099999999999,0.08389,0.0546999999999999,-0.10818,0,Humphrey_1968,Nixon_1968,-1.144233473893268,-1.1887040611570072,-1.2918417,-0.397,-0.093,-0.03852,0.6052509109010726,0.8374960430878918,0.85293887,0.552,-0.834,0.5425826292855842,0.03852,0.0,0.4389028299999999,0,0,0,0,0,0,0.317843116593775,8.2,11.5,-0.0757825750723266,-0.21975,0.0878565688888889,50.10679626464844,50.68148040771485,,,,,,,,0.005359999999999952
290,1968,NJ,0.0077699999999999,0.4881720587888896,-0.0449899999999999,1.04473142503944,1.03014404958246,-0.0602467433027904,1,8,0.0496,0.043,3.6,0,7005.0,17.0,,43.0,0.018402916074981,0.0233160889369907,0.0157679044273353,0.0615646902265105,0.4939854334282168,0.4939854334282168,0.4939854334282168,0.4939854334282168,-0.00319,0.07643,0.0205099999999999,-0.1214199999999999,0,Humphrey_1968,Nixon_1968,-1.144233473893268,-1.1887040611570072,-1.2918417,-0.397,-0.093,-0.0077699999999999,0.6052509109010726,0.8374960430878918,0.85293887,0.552,-0.834,0.5118279412111104,0.0077699999999999,0.0,0.4389028299999999,0,0,0,0,0,0,0.94639685959359,9.0,7.0,-0.2625924284770202,-0.3420248161764705,-0.1290629632206373,73.38568878173828,57.25568008422852,,,,,,,,-0.024089999999999948
291,1968,NM,0.06201,0.433931674967392,0.0191999999999999,1.04473142503944,1.03014404958246,-0.0602467433027904,1,8,0.0496,0.043,3.6,0,994.0,4.0,,43.0,-0.0195598681761796,0.0040582693995047,-0.0636963972619616,-0.0396042448877198,0.5319482176793775,0.5319482176793775,0.5319482176793775,0.5319482176793775,-0.00287,0.00293,0.0012099999999999,0.0162699999999999,0,Humphrey_1968,Nixon_1968,-1.144233473893268,-1.1887040611570072,-1.2918417,-0.397,-0.093,-0.06201,0.6052509109010726,0.8374960430878918,0.85293887,0.552,-0.834,0.566068325032608,0.06201,0.0,0.4389028299999999,0,0,0,0,0,0,-0.226699684624252,7.283333333333333,6.6,0.0860191116188812,0.3725625,0.0259438918918918,29.94424057006836,46.555755615234375,,,,,,,,0.00816499999999995
292,1968,NY,-0.0330699999999999,0.5290099182607045,-0.0718999999999999,1.04473142503944,1.03014404958246,-0.0602467433027904,1,8,0.0496,0.043,3.6,0,18051.0,43.0,,43.0,-0.0048110258076344,-0.0092219455980633,0.0268073435933614,0.0378540760528683,0.5171993753108324,0.5171993753108324,0.5171993753108324,0.5171993753108324,-0.02553,0.03456,0.0055699999999999,-0.10646,0,Humphrey_1968,Nixon_1968,-1.144233473893268,-1.1887040611570072,-1.2918417,-0.397,-0.093,0.0330699999999999,0.6052509109010726,0.8374960430878918,0.85293887,0.552,-0.834,0.4709900817392954,-0.0330699999999999,43.0,0.4389028299999999,0,0,0,0,0,0,2.26930389277337,12.15,7.5,-0.2585141205674743,-0.3392175808897877,-0.149055977147515,72.87747955322266,49.66669845581055,,,,,,,,-0.048714999999999946
293,1968,NC,0.07066,0.425282574532326,0.0531,1.04473142503944,1.03014404958246,-0.0602467433027904,1,8,0.0496,0.043,3.6,0,5004.0,13.0,,43.0,-0.0161066371485505,-0.0336532881761356,-0.0690256307201571,-0.0589807785191889,0.5284949866517484,0.5284949866517484,0.5284949866517484,0.5284949866517484,-0.02026,-0.0841599999999999,-0.09362,0.13726,0,Humphrey_1968,Nixon_1968,-1.144233473893268,-1.1887040611570072,-1.2918417,-0.397,-0.093,-0.07066,0.6052509109010726,0.8374960430878918,0.85293887,0.552,-0.834,0.574717425467674,0.07066,0.0,0.4389028299999999,0,0,0,0,0,0,-0.766517639772271,2.6333333333333333,4.6,0.2921234628866195,0.798989010989011,0.0942111059662603,4.261007308959961,53.86317825317383,,,,,,,,0.01642
294,1968,ND,0.08997,0.4059707502634532,0.03403,1.04473142503944,1.03014404958246,-0.0602467433027904,1,8,0.0496,0.043,3.6,0,621.0,4.0,,43.0,0.1038422409153063,0.0713742774841527,0.0633630480835926,0.0831496100702275,0.4085461085878916,0.4085461085878916,0.4085461085878916,0.4085461085878916,0.05536,0.04087,0.15974,-0.00684,0,Humphrey_1968,Nixon_1968,-1.144233473893268,-1.1887040611570072,-1.2918417,-0.397,-0.093,-0.08997,0.6052509109010726,0.8374960430878918,0.85293887,0.552,-0.834,0.5940292497365467,0.08997,0.0,0.4389028299999999,0,0,0,0,0,0,-0.583792381676814,7.566666666666666,11.1,0.0048116084410858,0.1883,-0.0563299428571428,40.0637321472168,54.77867126464844,,,,,,,,0.044695
295,1968,OH,0.00889,0.4870506358116623,-0.01482,1.04473142503944,1.03014404958246,-0.0602467433027904,1,8,0.0496,0.043,3.6,0,10516.0,26.0,,43.0,0.0845231506811746,0.0569292143681847,0.1022436066230995,0.0860697142495319,0.4278651988220233,0.4278651988220233,0.4278651988220233,0.4278651988220233,0.0336699999999999,0.03362,0.0130399999999999,-0.04844,0,Humphrey_1968,Nixon_1968,-1.144233473893268,-1.1887040611570072,-1.2918417,-0.397,-0.093,-0.00889,0.6052509109010726,0.8374960430878918,0.85293887,0.552,-0.834,0.5129493641883377,0.00889,0.0,0.4389028299999999,0,0,0,0,0,0,0.191082811820736,4.65,9.2,-0.0809751135356139,-0.1406844586894586,0.0354312175054094,50.75385284423828,34.84062194824219,,,,,,,,0.00942499999999995
296,1968,OK,0.0944499999999999,0.4014853165281392,0.05715,1.04473142503944,1.03014404958246,-0.0602467433027904,1,8,0.0496,0.043,3.6,0,2503.0,8.0,,43.0,-0.01182436460797,-0.0599550910896523,-0.0911248159952998,-0.003302648742543,0.524212714111168,0.524212714111168,0.524212714111168,0.524212714111168,0.09103,-0.0262099999999999,-0.00863,0.0833599999999999,0,Humphrey_1968,Nixon_1968,-1.144233473893268,-1.1887040611570072,-1.2918417,-0.397,-0.093,-0.0944499999999999,0.6052509109010726,0.8374960430878918,0.85293887,0.552,-0.834,0.5985146834718609,0.0944499999999999,0.0,0.4389028299999999,0,0,0,0,0,0,0.510064642547594,4.466666666666667,4.7,0.1356217029982376,0.49075,0.0035842954950142,23.763124465942383,50.691650390625,,,,,,,,0.07409
297,1968,OR,0.0282399999999999,0.4677003358534287,-0.02461,1.04473142503944,1.03014404958246,-0.0602467433027904,1,8,0.0496,0.043,3.6,0,2004.0,6.0,,43.0,0.0387094085749554,-0.0312847412417092,-0.0225918941253705,0.0338455503058923,0.4736789409282424,0.4736789409282424,0.4736789409282424,0.4736789409282424,0.02705,-0.0250499999999999,0.05413,0.0004399999999999,0,Humphrey_1968,Nixon_1968,-1.144233473893268,-1.1887040611570072,-1.2918417,-0.397,-0.093,-0.0282399999999999,0.6052509109010726,0.8374960430878918,0.85293887,0.552,-0.834,0.5322996641465713,0.0282399999999999,0.0,0.4389028299999999,0,0,0,0,0,0,0.389640064653579,8.616666666666667,9.3,-0.1088788776403808,0.146875,-0.0360771014471167,54.23101806640625,50.37726593017578,,,,,,,,0.0012200000000000006
298,1968,PA,-0.0235299999999999,0.5194724724342683,-0.03705,1.04473142503944,1.03014404958246,-0.0602467433027904,1,8,0.0496,0.043,3.6,0,11741.0,29.0,,43.0,0.0343811293103115,0.0115089357790221,0.0293237570723168,0.0292459336499232,0.4780072201928864,0.4780072201928864,0.4780072201928864,0.4780072201928864,-0.0108099999999999,-0.0114499999999999,-0.02498,-0.0256,0,Humphrey_1968,Nixon_1968,-1.144233473893268,-1.1887040611570072,-1.2918417,-0.397,-0.093,0.0235299999999999,0.6052509109010726,0.8374960430878918,0.85293887,0.552,-0.834,0.4805275275657317,-0.0235299999999999,29.0,0.4389028299999999,0,0,0,0,0,0,0.547572240911392,8.3,9.3,-0.1699701080746459,-0.1294807993730407,-0.1002838095683512,61.84376525878906,44.90229034423828,,,,,,,,-0.02392999999999995
299,1968,RI,-0.17235,0.6682932251129781,-0.19411,1.04473142503944,1.03014404958246,-0.0602467433027904,1,8,0.0496,0.043,3.6,0,922.0,4.0,,43.0,-0.1002808561020621,-0.1759152019456802,-0.1312781008429498,-0.1398512287884012,0.6126692056052601,0.6126692056052601,0.6126692056052601,0.6126692056052601,-0.1354499999999999,0.00507,-0.0453,-0.19918,0,Humphrey_1968,Nixon_1968,-1.144233473893268,-1.1887040611570072,-1.2918417,-0.397,-0.093,0.17235,0.6052509109010726,0.8374960430878918,0.85293887,0.552,-0.834,0.3317067748870219,-0.17235,4.0,0.4389028299999999,0,0,0,0,0,0,0.932751647001326,10.2,6.5,-0.2231131932121276,-0.2062125,-0.2156111910256409,68.46607208251953,55.66426086425781,,,,,,,,-0.16477999999999995
300,1968,SC,0.0585899999999999,0.4373532824860258,0.2035599999999999,1.04473142503944,1.03014404958246,-0.0602467433027904,1,8,0.0496,0.043,3.6,0,2559.0,8.0,,43.0,-0.1942207743774933,-0.3194190281323379,-0.3398455239285221,-0.4547403431721294,0.7066091238806912,0.7066091238806912,0.7066091238806912,0.7066091238806912,-0.0115499999999999,-0.22057,-0.06174,0.4241299999999999,0,Humphrey_1968,Nixon_1968,-1.144233473893268,-1.1887040611570072,-1.2918417,-0.397,-0.093,-0.0585899999999999,0.6052509109010726,0.8374960430878918,0.85293887,0.552,-0.834,0.5626467175139742,0.0585899999999999,0.0,0.4389028299999999,0,0,0,0,0,0,-1.3814603935122,2.85,2.6,0.2688572342246628,0.9202534722222224,0.0782283259637188,7.160276412963867,54.032527923583984,,,,,,,,0.09600500000000001
301,1968,SD,0.0553299999999999,0.4406079204372368,0.05849,1.04473142503944,1.03014404958246,-0.0602467433027904,1,8,0.0496,0.043,3.6,0,669.0,4.0,,43.0,0.1507240919736261,0.1419462904545919,0.1176747119646531,0.1053331840899667,0.3616642575295717,0.3616642575295717,0.3616642575295717,0.3616642575295717,0.0829699999999999,0.00633,0.1382,0.05216,0,Humphrey_1968,Nixon_1968,-1.144233473893268,-1.1887040611570072,-1.2918417,-0.397,-0.093,-0.0553299999999999,0.6052509109010726,0.8374960430878918,0.85293887,0.552,-0.834,0.5593920795627632,0.0553299999999999,0.0,0.4389028299999999,0,0,0,0,0,0,-0.263117842129754,6.916666666666667,9.7,0.0672604993253326,0.0561749999999999,-0.0687615833333334,32.28180313110352,37.05566787719727,,,,,,,,0.07072999999999996
302,1968,TN,0.0696,0.4263441871756744,0.05954,1.04473142503944,1.03014404958246,-0.0602467433027904,1,8,0.0496,0.043,3.6,0,3878.0,11.0,,43.0,0.0127268005471902,-0.0119405411036999,-0.0990885918714647,-0.1393864850918128,0.4996615489560077,0.4996615489560077,0.4996615489560077,0.4996615489560077,0.03702,-0.0743699999999999,-0.05315,0.13391,0,Humphrey_1968,Nixon_1968,-1.144233473893268,-1.1887040611570072,-1.2918417,-0.397,-0.093,-0.0696,0.6052509109010726,0.8374960430878918,0.85293887,0.552,-0.834,0.5736558128243255,0.0696,0.0,0.4389028299999999,0,0,0,0,0,0,-0.756340387259134,4.416666666666667,5.9,0.1208802350160598,0.4954782925407925,-0.0228673032394639,25.600099563598636,64.91877746582031,,,,,,,,0.04828
303,1968,TX,-0.0118699999999999,0.5078087169011419,-0.01977,1.04473142503944,1.03014404958246,-0.0602467433027904,1,8,0.0496,0.043,3.6,0,10819.0,25.0,,43.0,-0.3215059516572793,-0.1088494216849781,-0.0970330178425425,-0.3118636023760752,0.8338943011604772,0.8338943011604772,0.8338943011604772,0.8338943011604772,-0.00927,-0.0206699999999999,-0.02227,0.0008999999999999,0,Humphrey_1968,Nixon_1968,-1.144233473893268,-1.1887040611570072,-1.2918417,-0.397,-0.093,0.0118699999999999,0.6052509109010726,0.8374960430878918,0.85293887,0.552,-0.834,0.492191283098858,-0.0118699999999999,25.0,0.4389028299999999,0,0,0,0,0,0,-0.842105907703852,0.95,9.2,0.0708535852064132,0.7485432692307693,-0.0035606887186738,31.83405876159668,60.63197326660156,,,,,,,,-0.01452
304,1968,UT,0.0997099999999999,0.3962260333389817,0.0659699999999999,1.04473142503944,1.03014404958246,-0.0602467433027904,1,8,0.0496,0.043,3.6,0,1029.0,4.0,,43.0,0.1504897546631812,0.0413291722757329,0.0479823631039189,0.0399047633801972,0.3618985948400166,0.3618985948400166,0.3618985948400166,0.3618985948400166,0.04903,0.06809,0.0347299999999999,-0.00212,0,Humphrey_1968,Nixon_1968,-1.144233473893268,-1.1887040611570072,-1.2918417,-0.397,-0.093,-0.0997099999999999,0.6052509109010726,0.8374960430878918,0.85293887,0.552,-0.834,0.6037739666610182,0.0997099999999999,0.0,0.4389028299999999,0,0,0,0,0,0,0.0997088792226511,7.116666666666667,8.8,-0.0263301834899902,-0.0191249999999999,0.0380601166666666,43.94439697265625,52.59892654418945,,,,,,,,0.057499999999999954
305,1968,VT,0.0438399999999999,0.4521001048926298,-0.04847,1.04473142503944,1.03014404958246,-0.0602467433027904,1,8,0.0496,0.043,3.6,0,430.0,3.0,,43.0,0.1687721015291298,0.1193396621261841,0.0870496345903192,0.1169218321603686,0.3436162479740681,0.3436162479740681,0.3436162479740681,0.3436162479740681,0.08733,0.14427,0.16225,-0.19274,0,Humphrey_1968,Nixon_1968,-1.144233473893268,-1.1887040611570072,-1.2918417,-0.397,-0.093,-0.0438399999999999,0.6052509109010726,0.8374960430878918,0.85293887,0.552,-0.834,0.5478998951073701,0.0438399999999999,0.0,0.4389028299999999,0,0,0,0,0,0,0.533209614068062,10.7,13.3,-0.2283474257798766,-0.5646666666666667,,69.11832427978516,66.95049285888672,,,,,,,,0.019430000000000003
306,1968,VA,0.06756,0.4283765176148875,0.0777099999999999,1.04473142503944,1.03014404958246,-0.0602467433027904,1,8,0.0496,0.043,3.6,0,4558.0,12.0,,43.0,-0.0811743089030077,-0.0541463910632231,-0.0803547110041164,-0.1278000392845754,0.5935626584062056,0.5935626584062056,0.5935626584062056,0.5935626584062056,0.0283399999999999,0.0132,0.0105299999999999,0.0645099999999999,0,Humphrey_1968,Nixon_1968,-1.144233473893268,-1.1887040611570072,-1.2918417,-0.397,-0.093,-0.06756,0.6052509109010726,0.8374960430878918,0.85293887,0.552,-0.834,0.5716234823851125,0.06756,0.0,0.4389028299999999,0,0,0,0,0,0,-1.19489545921035,3.6166666666666663,5.3,0.2506167293426323,0.6921794871794872,0.1445447262338663,9.433276176452637,47.84331130981445,,,,,,,,0.053024999999999906
307,1968,WA,-0.01549,0.5114262872266504,-0.00917,1.04473142503944,1.03014404958246,-0.0602467433027904,1,8,0.0496,0.043,3.6,0,3270.0,9.0,,43.0,-0.0007367137900849,0.0579930873852105,0.1365521293067588,0.1200912942503515,0.5131250632932829,0.5131250632932829,0.5131250632932829,0.5131250632932829,0.0130299999999999,-0.0349199999999999,-0.00586,0.0257499999999999,0,Humphrey_1968,Nixon_1968,-1.144233473893268,-1.1887040611570072,-1.2918417,-0.397,-0.093,0.01549,0.6052509109010726,0.8374960430878918,0.85293887,0.552,-0.834,0.4885737127733496,-0.01549,9.0,0.4389028299999999,0,0,0,0,0,0,0.60651093236335,7.783333333333333,10.7,-0.1475895270897674,-0.001,-0.1264806045764866,59.05485916137695,48.751121520996094,,,,,,,,0.00192999999999995
308,1968,WV,-0.05287,0.5488053916549059,-0.06476,1.04473142503944,1.03014404958246,-0.0602467433027904,1,8,0.0496,0.043,3.6,0,1763.0,7.0,,43.0,-0.0176532760821727,-0.0140077144283505,-0.0400441054945998,-0.0253042688010294,0.5300416255853706,0.5300416255853706,0.5300416255853706,0.5300416255853706,-0.0264999999999999,-0.0367399999999999,-0.07376,-0.02802,0,Humphrey_1968,Nixon_1968,-1.144233473893268,-1.1887040611570072,-1.2918417,-0.397,-0.093,0.05287,0.6052509109010726,0.8374960430878918,0.85293887,0.552,-0.834,0.451194608345094,-0.05287,7.0,0.4389028299999999,0,0,0,0,0,0,0.078081978976148,5.783333333333333,7.0,-0.1930172130950928,0.2928794642857143,-0.1251956199530516,64.71572875976562,65.36720275878906,,,,,,,,-0.04562999999999995
309,1968,WI,0.0155699999999999,0.4803717729203407,-0.00734,1.04473142503944,1.03014404958246,-0.0602467433027904,1,8,0.0496,0.043,3.6,0,4345.0,12.0,,43.0,0.0504910497287292,0.0494389593400942,0.0213769239592789,0.0551293026582503,0.4618972997744687,0.4618972997744687,0.4618972997744687,0.4618972997744687,0.0194799999999999,0.04186,0.0570899999999999,-0.0492,0,Humphrey_1968,Nixon_1968,-1.144233473893268,-1.1887040611570072,-1.2918417,-0.397,-0.093,-0.0155699999999999,0.6052509109010726,0.8374960430878918,0.85293887,0.552,-0.834,0.5196282270796593,0.0155699999999999,0.0,0.4389028299999999,0,0,0,0,0,0,0.762680608082844,9.133333333333333,9.7,-0.0842765702785491,-0.0230416666666666,-0.0398546652285067,51.16525650024414,36.654052734375,,,,,,,,0.0060699999999999504
310,1968,WY,0.10685,0.3890869939707149,0.04903,1.04473142503944,1.03014404958246,-0.0602467433027904,1,8,0.0496,0.043,3.6,0,324.0,3.0,,43.0,0.0353980359496463,0.0624310726572194,0.1337039249529465,0.0681608121829263,0.4769903135535515,0.4769903135535515,0.4769903135535515,0.4769903135535515,0.0509799999999999,0.02326,0.0738399999999999,0.02577,0,Humphrey_1968,Nixon_1968,-1.144233473893268,-1.1887040611570072,-1.2918417,-0.397,-0.093,-0.10685,0.6052509109010726,0.8374960430878918,0.85293887,0.552,-0.834,0.6109130060292851,0.10685,0.0,0.4389028299999999,0,0,0,0,0,0,0.0100448920002788,8.600000000000001,7.9,-0.0256762105431365,0.0443333333333333,,43.8629035949707,32.06155014038086,,,,,,,,0.05000499999999995
311,1968,USA,0.0,0.4959405364362277,0.0,1.04473142503944,1.03014404958246,-0.0602467433027904,1,8,0.0496,0.043,3.6,0,,,,43.0,,,,,0.5123883495031979,0.5123883495031979,0.5123883495031979,0.5123883495031979,0.0,0.0,0.0,0.0,0,Humphrey_1968,Nixon_1968,-1.144233473893268,-1.1887040611570072,-1.2918417,-0.397,-0.093,-0.0,0.6052509109010726,0.8374960430878918,0.85293887,0.552,-0.834,0.5040594635637723,0.0,,0.4389028299999999,0,0,0,0,0,0,,,,,,,,,,,,,,,,0.0
312,1972,AL,0.1214799999999999,0.2606703976364212,-0.07634,1.07623087780556,1.07945104204877,-0.0355504811277572,0,4,0.0689,0.033,5.6,1,3539.4,9.0,62.0,62.0,-0.1710025491265137,-0.1916525394907395,-0.0962131254936354,0.0859867997629729,0.7153051485861831,0.7153051485861831,0.7153051485861831,0.7153051485861831,0.30861,-0.07137,-0.1668599999999999,-0.0049699999999999,1,Nixon_1972,McGovern_1972,-1.8599316313091343,-1.512896077836191,-1.8553805,-0.573,0.223,-0.1214799999999999,0.5257288934104208,0.7564480389180959,0.94371082,0.552,-0.834,0.7393296023635788,0.1214799999999999,0.0,0.91166968,0,0,0,0,0,0,-1.19701593672796,-1.1102230246251563e-16,2.18,0.1988402970510101,0.6115840909090908,0.0027204355176151,15.88528060913086,56.2374267578125,,,,,,,,0.11613499999999999
313,1972,AK,0.0088699999999999,0.3732845690475112,0.0109299999999999,1.07623087780556,1.07945104204877,-0.0355504811277572,0,4,0.0689,0.033,5.6,1,324.464,3.0,62.0,62.0,-0.0066183085868817,3.06865383051802e-05,0.0288584482787452,0.0551964815933685,0.5509209080465511,0.5509209080465511,0.5509209080465511,0.5509209080465511,-0.04447,0.0102399999999999,,0.00069,1,Nixon_1972,McGovern_1972,-1.8599316313091343,-1.512896077836191,-1.8553805,-0.573,0.223,-0.0088699999999999,0.5257288934104208,0.7564480389180959,0.94371082,0.552,-0.834,0.6267154309524887,0.0088699999999999,0.0,0.91166968,0,0,0,0,0,0,0.78885314855978,,,-0.2661189782817077,0.1922499999999999,,73.82514190673828,67.43586730957031,,,,,,,,-0.016770000000000052
314,1972,AZ,0.0519899999999999,0.330156048371004,0.10596,1.07623087780556,1.07945104204877,-0.0355504811277572,0,4,0.0689,0.033,5.6,1,2008.291,6.0,62.0,62.0,0.0895513760497011,0.0622338548279415,0.0734888137988103,0.0696760910844929,0.4547512234099682,0.4547512234099682,0.4547512234099682,0.4547512234099682,0.1195899999999999,0.05668,0.03306,0.0492799999999999,1,Nixon_1972,McGovern_1972,-1.8599316313091343,-1.512896077836191,-1.8553805,-0.573,0.223,-0.0519899999999999,0.5257288934104208,0.7564480389180959,0.94371082,0.552,-0.834,0.669843951628996,0.0519899999999999,0.0,0.91166968,0,0,0,0,0,0,-0.275144712166532,4.4,6.4,-0.072809283380661,0.0534,0.0213887928253967,49.73628616333008,28.262496948242188,,,,,,,,0.11277499999999996
315,1972,AR,0.07361,0.3085379663383231,0.0015,1.07623087780556,1.07945104204877,-0.0355504811277572,0,4,0.0689,0.033,5.6,1,2018.638,6.0,62.0,62.0,0.2112646284301158,1.463111971738984e-05,-0.0393131094973439,0.0229486729740481,0.3330379710295535,0.3330379710295535,0.3330379710295535,0.3330379710295535,0.0509899999999999,-0.03739,-0.1112899999999999,0.03889,1,Nixon_1972,McGovern_1972,-1.8599316313091343,-1.512896077836191,-1.8553805,-0.573,0.223,-0.07361,0.5257288934104208,0.7564480389180959,0.94371082,0.552,-0.834,0.6914620336616768,0.07361,0.0,0.91166968,0,0,0,0,0,0,-0.966914375799373,6.200000000000001,2.44,0.1275491641673279,0.7832499999999999,-0.0901682213173119,24.769065856933597,63.199195861816406,,,,,,,,0.026244999999999952
316,1972,CA,-0.04814,0.4302886266961774,0.0125799999999999,1.07623087780556,1.07945104204877,-0.0355504811277572,0,4,0.0689,0.033,5.6,1,20585.469,45.0,62.0,62.0,0.0547546380693759,0.0022762452226233,0.0441928208791202,0.0413982071911193,0.4895479613902935,0.4895479613902935,0.4895479613902935,0.4895479613902935,0.0229399999999999,0.0035799999999999,-0.02176,0.009,1,Nixon_1972,McGovern_1972,-1.8599316313091343,-1.512896077836191,-1.8553805,-0.573,0.223,0.04814,0.5257288934104208,0.7564480389180959,0.94371082,0.552,-0.834,0.5697113733038226,-0.04814,0.0,0.91166968,1,0,0,0,0,0,1.10853739532215,8.2,7.88,-0.1027475483536529,-0.0558193720795181,-0.1053888474960681,53.46697616577149,48.80111312866211,,,,,,,,0.0177599999999999
317,1972,CO,0.0262499999999999,0.3559005963314131,0.04575,1.07623087780556,1.07945104204877,-0.0355504811277572,0,4,0.0689,0.033,5.6,1,2404.619,7.0,62.0,62.0,0.0502772628125243,0.0003778701164492,-0.0199412268007445,-0.0114358016495245,0.4940253366471451,0.4940253366471451,0.4940253366471451,0.4940253366471451,-0.0013699999999999,0.04969,0.02156,-0.0039399999999999,1,Nixon_1972,McGovern_1972,-1.8599316313091343,-1.512896077836191,-1.8553805,-0.573,0.223,-0.0262499999999999,0.5257288934104208,0.7564480389180959,0.94371082,0.552,-0.834,0.6440994036685869,0.0262499999999999,0.0,0.91166968,0,0,0,0,0,0,0.349965431310735,6.9,9.14,0.067513572131195,-0.063,-0.0287170074880987,32.250267028808594,36.97338104248047,,,,,,,,0.02219000000000005
318,1972,CT,-0.02443,0.4065826368461077,-0.03157,1.07623087780556,1.07945104204877,-0.0355504811277572,0,4,0.0689,0.033,5.6,1,3068.699,8.0,62.0,62.0,0.041075350756776,-0.0231418082698425,-0.0381951554261604,-0.0523409438372116,0.5032272487028934,0.5032272487028934,0.5032272487028934,0.5032272487028934,-0.06418,-0.0364799999999999,0.0598,0.0049099999999999,1,Nixon_1972,McGovern_1972,-1.8599316313091343,-1.512896077836191,-1.8553805,-0.573,0.223,0.02443,0.5257288934104208,0.7564480389180959,0.94371082,0.552,-0.834,0.5934173631538923,-0.02443,0.0,0.91166968,0,0,0,0,0,0,0.57615979892407,8.0,6.8,-0.1919534317955017,-0.2014479166666666,-0.1310991730959227,64.58316802978516,54.94131088256836,,,,,,,,-0.047875
319,1972,DC,-0.40154,0.7836944974916028,-0.32225,1.07623087780556,1.07945104204877,-0.0355504811277572,0,4,0.0689,0.033,5.6,1,742.241,3.0,62.0,62.0,,,,,,,,,-0.2403699999999999,,,,1,Nixon_1972,McGovern_1972,-1.8599316313091343,-1.512896077836191,-1.8553805,-0.573,0.223,0.40154,0.5257288934104208,0.7564480389180959,0.94371082,0.552,-0.834,0.2163055025083972,-0.40154,3.0,0.91166968,0,0,0,0,0,0,,,,,,,,,,,,,,,,-0.28130999999999995
320,1972,DE,-0.0145299999999999,0.3966772696011004,0.01617,1.07623087780556,1.07945104204877,-0.0355504811277572,0,4,0.0689,0.033,5.6,1,572.913,3.0,62.0,62.0,0.0910908316933176,0.086755677946975,0.0701391818503863,0.0046790027631794,0.4532117677663518,0.4532117677663518,0.4532117677663518,0.4532117677663518,0.00348,-0.00738,-0.0250199999999999,0.02355,1,Nixon_1972,McGovern_1972,-1.8599316313091343,-1.512896077836191,-1.8553805,-0.573,0.223,0.0145299999999999,0.5257288934104208,0.7564480389180959,0.94371082,0.552,-0.834,0.6033227303988996,-0.0145299999999999,0.0,0.91166968,0,0,0,0,0,0,0.331459126476635,5.2,5.48,-0.1263686973145294,-0.4759166666666667,,56.41047286987305,39.16648864746094,,,,,,,,0.009825
321,1972,FL,0.10336,0.2787855471303743,0.0630999999999999,1.07623087780556,1.07945104204877,-0.0355504811277572,0,4,0.0689,0.033,5.6,1,7511.463,17.0,62.0,62.0,-0.0009570734813734,-0.0717545233323072,-0.1359675960871799,-0.1316042784612602,0.5452596729410428,0.5452596729410428,0.5452596729410428,0.5452596729410428,0.1031199999999999,0.0159799999999999,-0.0048099999999999,0.0471199999999999,1,Nixon_1972,McGovern_1972,-1.8599316313091343,-1.512896077836191,-1.8553805,-0.573,0.223,-0.10336,0.5257288934104208,0.7564480389180959,0.94371082,0.552,-0.834,0.7212144528696257,0.10336,0.0,0.91166968,0,0,0,0,0,0,-1.03310847342357,4.3,4.58,0.1258653437790298,0.4465714285714286,0.0043241301610305,24.978891372680664,58.61669921875,,,,,,,,0.0831099999999999
322,1972,GA,0.13491,0.2472440810401144,0.0278999999999999,1.07623087780556,1.07945104204877,-0.0355504811277572,0,4,0.0689,0.033,5.6,1,4809.49,12.0,62.0,62.0,-0.1983266657886676,-0.0045545678609838,-0.1438316560560828,-0.1234424346691405,0.7426292652483371,0.7426292652483371,0.7426292652483371,0.7426292652483371,0.1558799999999999,-0.12478,-0.24813,0.1526799999999999,1,Nixon_1972,McGovern_1972,-1.8599316313091343,-1.512896077836191,-1.8553805,-0.573,0.223,-0.13491,0.5257288934104208,0.7564480389180959,0.94371082,0.552,-0.834,0.7527559189598856,0.13491,0.0,0.91166968,0,0,0,0,0,0,-1.04249925401002,5.1,2.98,0.2466823686450577,0.8271682692307694,0.0448149392011095,9.923547744750977,54.6003303527832,,,,,,,,0.0918899999999999
323,1972,HI,0.00694,0.3752081221279146,-0.11125,1.07623087780556,1.07945104204877,-0.0355504811277572,0,4,0.0689,0.033,5.6,1,828.331,4.0,62.0,62.0,-0.3029391261638806,-0.0020536835662018,-0.1631667213533002,-0.0401933290729104,0.84724172562355,0.84724172562355,0.84724172562355,0.84724172562355,-0.173,0.0005199999999999,,-0.1117699999999999,1,Nixon_1972,McGovern_1972,-1.8599316313091343,-1.512896077836191,-1.8553805,-0.573,0.223,-0.00694,0.5257288934104208,0.7564480389180959,0.94371082,0.552,-0.834,0.6247918778720853,0.00694,0.0,0.91166968,0,0,0,0,0,0,1.43176353597913,,,-0.1586814445978546,-0.138,-0.2536743666666666,60.43705368041992,70.10395812988281,,,,,,,,-0.142125
324,1972,ID,0.0937,0.2884479497519717,0.14536,1.07623087780556,1.07945104204877,-0.0355504811277572,0,4,0.0689,0.033,5.6,1,763.237,4.0,62.0,62.0,0.1659935042167394,0.0001671992719603,0.1143941022788719,0.0775409955094806,0.3783090952429299,0.3783090952429299,0.3783090952429299,0.3783090952429299,0.1054399999999999,0.0386799999999999,0.03447,0.10668,1,Nixon_1972,McGovern_1972,-1.8599316313091343,-1.512896077836191,-1.8553805,-0.573,0.223,-0.0937,0.5257288934104208,0.7564480389180959,0.94371082,0.552,-0.834,0.7115520502480283,0.0937,0.0,0.91166968,0,0,0,0,0,0,0.201113577471707,8.0,9.58,-0.0272979948795318,0.034375,0.1037579848484848,44.06499862670898,53.50675201416016,,,,,,,,0.12539999999999996
325,1972,IL,-0.02483,0.4069787400213244,0.01195,1.07623087780556,1.07945104204877,-0.0355504811277572,0,4,0.0689,0.033,5.6,1,11251.948,26.0,62.0,62.0,0.0253331429471359,0.0035438211888615,0.0552322834057283,0.0255424167173873,0.5189694565125335,0.5189694565125335,0.5189694565125335,0.5189694565125335,0.0198899999999999,-9.9999999999989e-05,0.01882,0.01205,1,Nixon_1972,McGovern_1972,-1.8599316313091343,-1.512896077836191,-1.8553805,-0.573,0.223,0.02483,0.5257288934104208,0.7564480389180959,0.94371082,0.552,-0.834,0.5930212599786755,-0.02483,0.0,0.91166968,0,0,0,0,0,0,0.590293819733791,6.1,8.18,-0.0721833514027404,-0.1406111111111111,-0.0802522795417206,49.65828704833984,42.52367401123047,,,,,,,,0.01591999999999995
326,1972,IN,0.0469299999999999,0.3352228911843657,0.06562,1.07623087780556,1.07945104204877,-0.0355504811277572,0,4,0.0689,0.033,5.6,1,5302.435,13.0,62.0,62.0,0.0346373598133223,0.0370744407879384,0.0474289659289361,0.0420332674626672,0.509665239646347,0.509665239646347,0.509665239646347,0.509665239646347,0.05223,0.05318,0.02389,0.01244,1,Nixon_1972,McGovern_1972,-1.8599316313091343,-1.512896077836191,-1.8553805,-0.573,0.223,-0.0469299999999999,0.5257288934104208,0.7564480389180959,0.94371082,0.552,-0.834,0.6647771088156342,0.0469299999999999,0.0,0.91166968,0,0,0,0,0,0,-0.246817287615886,3.4,11.12,-0.0557770274211883,-0.0172115384615384,0.0332705354670541,47.61384963989258,33.84018325805664,,,,,,,,0.058925
327,1972,IA,-0.03053,0.4126751789942391,0.0609199999999999,1.07623087780556,1.07945104204877,-0.0355504811277572,0,4,0.0689,0.033,5.6,1,2860.287,8.0,62.0,62.0,0.044796502614695,0.0007823488744133,0.0358876990749373,0.023913059639953,0.4995060968449743,0.4995060968449743,0.4995060968449743,0.4995060968449743,-0.00546,0.0683199999999999,0.01481,-0.0074,1,Nixon_1972,McGovern_1972,-1.8599316313091343,-1.512896077836191,-1.8553805,-0.573,0.223,0.03053,0.5257288934104208,0.7564480389180959,0.94371082,0.552,-0.834,0.5873248210057609,-0.03053,0.0,0.91166968,0,0,0,0,0,0,-0.0150908335760634,7.2,9.92,-0.0572639640849304,-0.0375277777777777,0.0482250630876145,47.79914093017578,29.351104736328125,,,,,,,,0.02772999999999995
328,1972,KS,0.07849,0.3036594805746327,0.10831,1.07623087780556,1.07945104204877,-0.0355504811277572,0,4,0.0689,0.033,5.6,1,2256.375,7.0,62.0,62.0,0.1165125898562075,0.0002626212394987,0.1453580414042789,0.1252921191087918,0.4277900096034618,0.4277900096034618,0.4277900096034618,0.4277900096034618,0.06908,0.10803,0.0792,0.00028,1,Nixon_1972,McGovern_1972,-1.8599316313091343,-1.512896077836191,-1.8553805,-0.573,0.223,-0.07849,0.5257288934104208,0.7564480389180959,0.94371082,0.552,-0.834,0.6963405194253673,0.07849,0.0,0.91166968,0,0,0,0,0,0,-0.128322975837625,6.9,8.44,0.0556628953916931,-0.1195,0.0560235361416361,33.727012634277344,50.40241241455078,,,,,,,,0.088695
329,1972,KY,0.0278599999999999,0.354292887109168,0.0336599999999999,1.07623087780556,1.07945104204877,-0.0355504811277572,0,4,0.0689,0.033,5.6,1,3335.728,9.0,62.0,62.0,0.017971191733535,-0.0002402870988853,-0.0154574483148643,-0.0770706957388369,0.5263314077261344,0.5263314077261344,0.5263314077261344,0.5263314077261344,-0.02766,0.0367399999999999,-0.0318699999999999,-0.00308,1,Nixon_1972,McGovern_1972,-1.8599316313091343,-1.512896077836191,-1.8553805,-0.573,0.223,-0.0278599999999999,0.5257288934104208,0.7564480389180959,0.94371082,0.552,-0.834,0.6457071128908319,0.0278599999999999,0.0,0.91166968,0,0,0,0,0,0,-0.078796750294217,4.0,8.120000000000001,0.0497907613931274,0.2366777777777778,-0.0422072806310958,34.45875549316406,62.39101409912109,,,,,,,,0.002999999999999949
330,1972,LA,0.0794699999999999,0.3026840772634148,-0.04997,1.07623087780556,1.07945104204877,-0.0355504811277572,0,4,0.0689,0.033,5.6,1,3761.646,10.0,62.0,62.0,-0.3993356586633512,-0.0048387250768977,-0.3059078405754829,-0.1447415711115207,0.9436382581230206,0.9436382581230206,0.9436382581230206,0.9436382581230206,0.1827599999999999,-0.13731,-0.0032899999999999,0.08734,1,Nixon_1972,McGovern_1972,-1.8599316313091343,-1.512896077836191,-1.8553805,-0.573,0.223,-0.0794699999999999,0.5257288934104208,0.7564480389180959,0.94371082,0.552,-0.834,0.6973159227365853,0.0794699999999999,0.0,0.91166968,0,0,0,0,0,0,-1.07496580103571,5.7,0.8,0.1939942910858917,0.8973541666666667,0.0587261186755952,16.489154815673828,53.91096496582031,,,,,,,,0.06639499999999995
331,1972,ME,-0.0029,0.3850547426877868,-0.06622,1.07623087780556,1.07945104204877,-0.0355504811277572,0,4,0.0689,0.033,5.6,1,1034.292,4.0,62.0,62.0,-0.0709519417642993,-0.0011632600593677,-0.0347110175075789,0.0125418335051423,0.6152545412239687,0.6152545412239687,0.6152545412239687,0.6152545412239687,-0.07381,0.0713099999999999,0.13113,-0.1375299999999999,1,Nixon_1972,McGovern_1972,-1.8599316313091343,-1.512896077836191,-1.8553805,-0.573,0.223,0.0029,0.5257288934104208,0.7564480389180959,0.94371082,0.552,-0.834,0.6149452573122132,-0.0029,0.0,0.91166968,0,0,0,0,0,0,0.136669050682705,5.9,10.32,-0.175218085615158,-0.1420625,-0.2056819053030303,62.49773025512695,60.093544006347656,,,,,,,,-0.070015
332,1972,MD,0.0033099999999999,0.378837767754287,-0.0136799999999999,1.07623087780556,1.07945104204877,-0.0355504811277572,0,4,0.0689,0.033,5.6,1,4073.499,10.0,62.0,62.0,0.0318233834025314,-0.000631679788636,-0.0485770410063635,-0.0905279226592,0.512479216057138,0.512479216057138,0.512479216057138,0.512479216057138,-0.0400899999999999,-0.0353099999999999,0.02283,0.0216299999999999,1,Nixon_1972,McGovern_1972,-1.8599316313091343,-1.512896077836191,-1.8553805,-0.573,0.223,-0.0033099999999999,0.5257288934104208,0.7564480389180959,0.94371082,0.552,-0.834,0.621162232245713,0.0033099999999999,0.0,0.91166968,0,0,1,1,0,0,0.731519858766977,5.0,7.72,-0.1014047043108367,-0.1884886363636363,-0.104827683930921,53.29964065551758,65.45271301269531,,,,,,,,-0.0268849999999999
333,1972,MA,-0.1629399999999999,0.5450912985178052,-0.1611199999999999,1.07623087780556,1.07945104204877,-0.0355504811277572,0,4,0.0689,0.033,5.6,1,5760.302,14.0,62.0,62.0,-0.046916911750515,2.394013861151123e-06,-0.0939439016281005,-0.0993345035047131,0.5912195112101845,0.5912195112101845,0.5912195112101845,0.5912195112101845,-0.15008,-0.10275,0.01751,-0.0583699999999999,1,Nixon_1972,McGovern_1972,-1.8599316313091343,-1.512896077836191,-1.8553805,-0.573,0.223,0.1629399999999999,0.5257288934104208,0.7564480389180959,0.94371082,0.552,-0.834,0.4549087014821947,-0.1629399999999999,14.0,0.91166968,0,0,0,0,0,0,1.89137265881082,13.1,5.859999999999999,-0.2825001082485961,-0.3651642857142857,-0.1941473381525501,75.86643981933594,58.89839172363281,,,,,,,,-0.15559999999999996
334,1972,MI,-0.04444,0.4265911873062789,-0.04158,1.07623087780556,1.07945104204877,-0.0355504811277572,0,4,0.0689,0.033,5.6,1,9028.944,21.0,62.0,62.0,0.0298757059992648,-0.0001220584911185,0.0262944408604948,-0.0078784864391389,0.5144268934604046,0.5144268934604046,0.5144268934604046,0.5144268934604046,-0.05376,-0.00927,-0.0199699999999999,-0.03231,1,Nixon_1972,McGovern_1972,-1.8599316313091343,-1.512896077836191,-1.8553805,-0.573,0.223,0.04444,0.5257288934104208,0.7564480389180959,0.94371082,0.552,-0.834,0.5734088126937211,-0.04444,0.0,0.91166968,0,0,0,0,0,0,1.18163291029015,7.4,10.18,-0.1340025755948639,-0.2322670807453415,-0.1454098586689212,57.36175155639648,49.21912384033203,,,,,,,,-0.047670000000000004
335,1972,MN,-0.08965,0.4717975555901835,-0.06971,1.07623087780556,1.07945104204877,-0.0355504811277572,0,4,0.0689,0.033,5.6,1,3869.747,10.0,62.0,62.0,-0.0092729060341899,0.0001506199356783,0.0287524045157513,0.57037664118605,0.5535755054938594,0.5535755054938594,0.5535755054938594,0.5535755054938594,-0.02451,-0.00633,-0.0394499999999999,-0.0633799999999999,1,Nixon_1972,McGovern_1972,-1.8599316313091343,-1.512896077836191,-1.8553805,-0.573,0.223,0.08965,0.5257288934104208,0.7564480389180959,0.94371082,0.552,-0.834,0.5282024444098165,-0.08965,0.0,0.91166968,0,0,0,0,0,0,0.0881229400612007,8.0,10.64,-0.1364568338495635,-0.1988,-0.109781556525373,57.66758346557617,60.1595344543457,,,,,,,,-0.04711
336,1972,MS,0.18152,0.2006339540470354,-0.1339499999999999,1.07623087780556,1.07945104204877,-0.0355504811277572,0,4,0.0689,0.033,5.6,1,2307.117,7.0,62.0,62.0,-0.3589081751153885,-0.000315167225685,-0.3088577054069655,-0.3318008963039064,0.903210774575058,0.903210774575058,0.903210774575058,0.903210774575058,0.48601,-0.09482,-0.2817599999999999,-0.0391299999999999,1,Nixon_1972,McGovern_1972,-1.8599316313091343,-1.512896077836191,-1.8553805,-0.573,0.223,-0.18152,0.5257288934104208,0.7564480389180959,0.94371082,0.552,-0.834,0.7993660459529646,0.18152,0.0,0.91166968,0,0,0,0,0,0,-1.93013094143408,2.9,0.0,0.2793036163318157,0.9917991071428572,0.0839011251612903,5.858523845672607,50.79045867919922,,,,,,,,0.17603000000000005
337,1972,MO,0.0050899999999999,0.3770566488303666,0.0023299999999999,1.07623087780556,1.07945104204877,-0.0355504811277572,0,4,0.0689,0.033,5.6,1,4758.78,12.0,62.0,62.0,-0.0394441635392378,-0.0007007801672296,-0.0244653634459551,-0.0546160972275006,0.5837467629989073,0.5837467629989073,0.5837467629989073,0.5837467629989073,-0.0258899999999999,-0.00175,-0.07861,0.00408,1,Nixon_1972,McGovern_1972,-1.8599316313091343,-1.512896077836191,-1.8553805,-0.573,0.223,-0.0050899999999999,0.5257288934104208,0.7564480389180959,0.94371082,0.552,-0.834,0.6229433511696334,0.0050899999999999,0.0,0.91166968,0,0,0,0,0,0,-0.303910060441784,4.2,,0.0043943306599426,0.316,0.0065849575907336,40.11573028564453,65.8587875366211,,,,,,,,-0.011779999999999999
338,1972,MT,-0.01301,0.3951599911892245,0.0448,1.07623087780556,1.07945104204877,-0.0355504811277572,0,4,0.0689,0.033,5.6,1,718.732,4.0,62.0,62.0,-0.022080604829075,0.0001438689960083,0.0578857455222415,0.076451203475246,0.5663832042887444,0.5663832042887444,0.5663832042887444,0.5663832042887444,0.0222599999999999,0.01339,-0.0061699999999999,0.0314099999999999,1,Nixon_1972,McGovern_1972,-1.8599316313091343,-1.512896077836191,-1.8553805,-0.573,0.223,0.01301,0.5257288934104208,0.7564480389180959,0.94371082,0.552,-0.834,0.6048400088107755,-0.01301,0.0,0.91166968,0,0,0,0,0,0,-0.178868374342715,5.700000000000001,8.860000000000001,-0.0712010603425598,0.344225,-0.1019863666191832,49.53588104248047,63.695411682128906,,,,,,,,0.03352999999999995
339,1972,NE,0.0871699999999999,0.2949752641469818,0.1487799999999999,1.07623087780556,1.07945104204877,-0.0355504811277572,0,4,0.0689,0.033,5.6,1,1519.013,5.0,62.0,62.0,0.1400568714421498,0.0002311314052783,0.1326716251412202,0.0839597723182518,0.4042457280175196,0.4042457280175196,0.4042457280175196,0.4042457280175196,0.0885399999999999,0.1215399999999999,0.07762,0.0272399999999999,1,Nixon_1972,McGovern_1972,-1.8599316313091343,-1.512896077836191,-1.8553805,-0.573,0.223,-0.0871699999999999,0.5257288934104208,0.7564480389180959,0.94371082,0.552,-0.834,0.7050247358530182,0.0871699999999999,0.0,0.91166968,0,0,0,0,0,0,-0.144557897054844,7.7,9.4,0.0993808629085922,0.04025,0.089525241025641,28.27919578552246,47.95542144775391,,,,,,,,0.1186599999999999
340,1972,NV,0.0189599999999999,0.3631922361717813,0.0429899999999999,1.07623087780556,1.07945104204877,-0.0355504811277572,0,4,0.0689,0.033,5.6,1,546.789,3.0,62.0,62.0,-0.2811966026458643,-0.0002257257703549,-0.1639123348925784,-0.0625526764516501,0.8254992021055337,0.8254992021055337,0.8254992021055337,0.8254992021055337,0.0287899999999999,-0.0107899999999999,0.0021599999999999,0.0537799999999999,1,Nixon_1972,McGovern_1972,-1.8599316313091343,-1.512896077836191,-1.8553805,-0.573,0.223,-0.0189599999999999,0.5257288934104208,0.7564480389180959,0.94371082,0.552,-0.834,0.6368077638282187,0.0189599999999999,0.0,0.91166968,0,0,0,0,0,0,-0.392384250954304,5.7,5.659999999999999,0.1241992632831955,0.519,,25.186506271362305,52.01998519897461,,,,,,,,0.0358899999999999
341,1972,NH,0.02949,0.3526634136885561,0.03852,1.07623087780556,1.07945104204877,-0.0355504811277572,0,4,0.0689,0.033,5.6,1,781.107,4.0,62.0,62.0,0.2266596291145804,0.1679638350338183,0.120627927227646,0.0634721834132472,0.3176429703450889,0.3176429703450889,0.3176429703450889,0.3176429703450889,-0.02429,0.0350099999999999,0.08389,0.00351,1,Nixon_1972,McGovern_1972,-1.8599316313091343,-1.512896077836191,-1.8553805,-0.573,0.223,-0.02949,0.5257288934104208,0.7564480389180959,0.94371082,0.552,-0.834,0.6473365863114439,0.02949,0.0,0.91166968,0,0,0,0,0,0,0.530718451560158,8.0,12.1,0.0495317191670227,-0.1686875,0.0963039622222222,34.49103546142578,35.563377380371094,,,,,,,,0.007115
342,1972,NJ,0.00823,0.3739207310888136,0.0077699999999999,1.07623087780556,1.07945104204877,-0.0355504811277572,0,4,0.0689,0.033,5.6,1,7335.042,17.0,62.0,62.0,0.0169075471327987,0.0143258917671242,0.018402916074981,0.0233160889369907,0.5273950523268707,0.5273950523268707,0.5273950523268707,0.5273950523268707,-0.0449899999999999,-0.00319,0.07643,0.01096,1,Nixon_1972,McGovern_1972,-1.8599316313091343,-1.512896077836191,-1.8553805,-0.573,0.223,-0.00823,0.5257288934104208,0.7564480389180959,0.94371082,0.552,-0.834,0.6260792689111865,0.00823,0.0,0.91166968,0,0,0,0,0,0,1.82778164583608,9.5,6.74,-0.1540994706819152,-0.2768405572755418,-0.1424197021029255,59.86608123779297,46.96274948120117,,,,,,,,-0.018609999999999998
343,1972,NM,0.00761,0.3745360906846478,0.06201,1.07623087780556,1.07945104204877,-0.0355504811277572,0,4,0.0689,0.033,5.6,1,1078.697,4.0,62.0,62.0,0.0853130110173806,0.0201178572088589,-0.0195598681761796,0.0040582693995047,0.4589895884422887,0.4589895884422887,0.4589895884422887,0.4589895884422887,0.0191999999999999,-0.00287,0.00293,0.06488,1,Nixon_1972,McGovern_1972,-1.8599316313091343,-1.512896077836191,-1.8553805,-0.573,0.223,-0.00761,0.5257288934104208,0.7564480389180959,0.94371082,0.552,-0.834,0.6254639093153522,0.00761,0.0,0.91166968,0,0,0,0,0,0,-0.0316331584257726,7.2,7.319999999999999,0.0170581342736816,0.337125,0.1233442406337371,38.53765869140625,56.153587341308594,,,,,,,,0.040604999999999954
344,1972,NY,-0.03094,0.4130936459858827,-0.0330699999999999,1.07623087780556,1.07945104204877,-0.0355504811277572,0,4,0.0689,0.033,5.6,1,18339.4,41.0,62.0,62.0,0.0222133002728492,-0.0016003257529131,-0.0048110258076344,-0.0092219455980633,0.5220892991868201,0.5220892991868201,0.5220892991868201,0.5220892991868201,-0.0718999999999999,-0.02553,0.03456,-0.0075399999999999,1,Nixon_1972,McGovern_1972,-1.8599316313091343,-1.512896077836191,-1.8553805,-0.573,0.223,0.03094,0.5257288934104208,0.7564480389180959,0.94371082,0.552,-0.834,0.5869063540141173,-0.03094,0.0,0.91166968,0,0,0,0,0,0,1.78945267553088,12.8,7.34,-0.1367518456591797,-0.3410799418604651,-0.1572121703489879,57.704345703125,44.27399826049805,,,,,,,,-0.05248499999999989
345,1972,NC,0.08843,0.293724398999996,0.07066,1.07623087780556,1.07945104204877,-0.0355504811277572,0,4,0.0689,0.033,5.6,1,5301.15,13.0,62.0,62.0,-0.0114514389868958,-0.0002900987194692,-0.0161066371485505,-0.0336532881761356,0.5557540384465652,0.5557540384465652,0.5557540384465652,0.5557540384465652,0.0531,-0.02026,-0.0841599999999999,0.09092,1,Nixon_1972,McGovern_1972,-1.8599316313091343,-1.512896077836191,-1.8553805,-0.573,0.223,-0.08843,0.5257288934104208,0.7564480389180959,0.94371082,0.552,-0.834,0.706275601000004,0.08843,0.0,0.91166968,0,0,0,0,0,0,-0.995403595961974,3.1,5.08,0.2129977873652267,0.6944862637362637,0.0605434580342028,14.121076583862305,55.29286956787109,,,,,,,,0.061880000000000004
346,1972,ND,0.01644,0.3657069579187811,0.08997,1.07623087780556,1.07945104204877,-0.0355504811277572,0,4,0.0689,0.033,5.6,1,631.119,3.0,62.0,62.0,0.1250477412563957,9.025821567010262e-05,0.1038422409153063,0.0713742774841527,0.4192548582032737,0.4192548582032737,0.4192548582032737,0.4192548582032737,0.03403,0.05536,0.04087,0.0346099999999999,1,Nixon_1972,McGovern_1972,-1.8599316313091343,-1.512896077836191,-1.8553805,-0.573,0.223,-0.01644,0.5257288934104208,0.7564480389180959,0.94371082,0.552,-0.834,0.6342930420812188,0.01644,0.0,0.91166968,0,0,0,0,0,0,-0.728374298221293,7.5,12.22,0.0011830886936951,0.1765625,-0.0843647499999999,40.515892028808594,56.54338836669922,,,,,,,,0.062
347,1972,OH,-0.0075,0.3896525022021058,0.00889,1.07623087780556,1.07945104204877,-0.0355504811277572,0,4,0.0689,0.033,5.6,1,10746.993,25.0,62.0,62.0,0.0960245242776958,0.1072011462088348,0.0845231506811746,0.0569292143681847,0.4482780751819736,0.4482780751819736,0.4482780751819736,0.4482780751819736,-0.01482,0.0336699999999999,0.03362,-0.0247799999999999,1,Nixon_1972,McGovern_1972,-1.8599316313091343,-1.512896077836191,-1.8553805,-0.573,0.223,0.0075,0.5257288934104208,0.7564480389180959,0.94371082,0.552,-0.834,0.6103474977978942,-0.0075,0.0,0.91166968,0,0,0,0,0,0,0.0450082902848741,4.7,9.28,-0.0823382229948425,-0.1732040598290598,-0.0030060399894599,50.92371368408203,54.52056121826172,,,,,,,,-0.0029649999999999998
348,1972,OK,0.13652,0.2456309656798241,0.0944499999999999,1.07623087780556,1.07945104204877,-0.0355504811277572,0,4,0.0689,0.033,5.6,1,2658.646,8.0,62.0,62.0,0.010949095547221,-0.0019234096891025,-0.01182436460797,-0.0599550910896523,0.5333535039124484,0.5333535039124484,0.5333535039124484,0.5333535039124484,0.05715,0.09103,-0.0262099999999999,0.0034199999999999,1,Nixon_1972,McGovern_1972,-1.8599316313091343,-1.512896077836191,-1.8553805,-0.573,0.223,-0.13652,0.5257288934104208,0.7564480389180959,0.94371082,0.552,-0.834,0.7543690343201759,0.13652,0.0,0.91166968,0,0,0,0,0,0,0.101320242264351,4.4,4.82,0.0937256331517029,0.40328125,-0.0069067278311965,28.983909606933597,64.16499328613281,,,,,,,,0.07579999999999995
349,1972,OR,-0.06445,0.4465993364004157,0.0282399999999999,1.07623087780556,1.07945104204877,-0.0355504811277572,0,4,0.0689,0.033,5.6,1,2197.297,6.0,62.0,62.0,0.0265805944726881,0.0001972082829534,0.0387094085749554,-0.0312847412417092,0.5177220049869813,0.5177220049869813,0.5177220049869813,0.5177220049869813,-0.02461,0.02705,-0.0250499999999999,0.0011899999999999,1,Nixon_1972,McGovern_1972,-1.8599316313091343,-1.512896077836191,-1.8553805,-0.573,0.223,0.06445,0.5257288934104208,0.7564480389180959,0.94371082,0.552,-0.834,0.5534006635995843,-0.06445,0.0,0.91166968,0,0,0,0,0,0,0.793775832129186,8.5,9.2,-0.0387715879341888,-0.1141249999999999,-0.0680144640133127,45.494754791259766,47.44886016845703,,,,,,,,0.0018149999999999503
350,1972,PA,-0.01616,0.3983070270634506,-0.0235299999999999,1.07623087780556,1.07945104204877,-0.0355504811277572,0,4,0.0689,0.033,5.6,1,11908.233,27.0,62.0,62.0,0.0169733343170467,-0.0006397700164854,0.0343811293103115,0.0115089357790221,0.5273292651426227,0.5273292651426227,0.5273292651426227,0.5273292651426227,-0.03705,-0.0108099999999999,-0.0114499999999999,-0.01272,1,Nixon_1972,McGovern_1972,-1.8599316313091343,-1.512896077836191,-1.8553805,-0.573,0.223,0.01616,0.5257288934104208,0.7564480389180959,0.94371082,0.552,-0.834,0.6016929729365493,-0.01616,0.0,0.91166968,0,0,0,0,0,0,1.21071197208082,9.1,9.38,-0.1306353940044403,-0.1162512050426399,-0.0995915717208537,56.94215774536133,64.93354034423828,,,,,,,,-0.03028999999999995
351,1972,RI,-0.08684,0.4689924535212082,-0.17235,1.07623087780556,1.07945104204877,-0.0355504811277572,0,4,0.0689,0.033,5.6,1,974.79,4.0,62.0,62.0,-0.1002337097672551,-0.0019889231288934,-0.1002808561020621,-0.1759152019456802,0.6445363092269245,0.6445363092269245,0.6445363092269245,0.6445363092269245,-0.19411,-0.1354499999999999,0.00507,-0.0369000000000001,1,Nixon_1972,McGovern_1972,-1.8599316313091343,-1.512896077836191,-1.8553805,-0.573,0.223,0.08684,0.5257288934104208,0.7564480389180959,0.94371082,0.552,-0.834,0.5310075464787918,-0.08684,0.0,0.91166968,0,0,0,0,0,0,1.14735120407093,10.6,6.38,-0.2326836126438903,-0.1715875,-0.238242873076923,69.6586685180664,66.61217498779297,,,,,,,,-0.18323
352,1972,SC,0.0986799999999999,0.2834669019031087,0.0585899999999999,1.07623087780556,1.07945104204877,-0.0355504811277572,0,4,0.0689,0.033,5.6,1,2719.197,8.0,62.0,62.0,-0.1838713369407051,-0.0026077144331835,-0.1942207743774933,-0.3194190281323379,0.7281739364003745,0.7281739364003745,0.7281739364003745,0.7281739364003745,0.2035599999999999,-0.0115499999999999,-0.22057,0.0701399999999999,1,Nixon_1972,McGovern_1972,-1.8599316313091343,-1.512896077836191,-1.8553805,-0.573,0.223,-0.0986799999999999,0.5257288934104208,0.7564480389180959,0.94371082,0.552,-0.834,0.7165330980968913,0.0986799999999999,0.0,0.91166968,0,0,0,0,0,0,-1.69282409809702,2.9,3.06,0.2135817420738792,0.7949236111111111,0.0676408163201129,14.04830837249756,55.89249801635742,,,,,,,,0.1310749999999999
353,1972,SD,-0.07456,0.4567082543298272,0.0553299999999999,1.07623087780556,1.07945104204877,-0.0355504811277572,0,4,0.0689,0.033,5.6,1,677.234,4.0,62.0,62.0,0.0015597627438219,4.570867732683892e-05,0.1507240919736261,0.1419462904545919,0.5427428367158474,0.5427428367158474,0.5427428367158474,0.5427428367158474,0.05849,0.0829699999999999,0.00633,-0.0276399999999999,1,Nixon_1972,McGovern_1972,-1.8599316313091343,-1.512896077836191,-1.8553805,-0.573,0.223,0.07456,0.5257288934104208,0.7564480389180959,0.94371082,0.552,-0.834,0.5432917456701727,-0.07456,0.0,0.91166968,0,1,0,0,0,0,-0.236284080786851,7.2,10.78,-0.0375698671083831,0.1536875,-0.236788056060606,45.34500503540039,58.29141998291016,,,,,,,,0.05690999999999995
354,1972,TN,0.07689,0.3052638324049075,0.0696,1.07623087780556,1.07945104204877,-0.0355504811277572,0,4,0.0689,0.033,5.6,1,4094.611,10.0,62.0,62.0,-0.0920947029670328,9.438908307252136e-05,0.0127268005471902,-0.0119405411036999,0.6363973024267022,0.6363973024267022,0.6363973024267022,0.6363973024267022,0.05954,0.03702,-0.0743699999999999,0.03258,1,Nixon_1972,McGovern_1972,-1.8599316313091343,-1.512896077836191,-1.8553805,-0.573,0.223,-0.07689,0.5257288934104208,0.7564480389180959,0.94371082,0.552,-0.834,0.6947361675950925,0.07689,0.0,0.91166968,0,0,0,0,0,0,-0.852305284304143,4.7,6.08,0.1031275618705749,0.3962348484848485,-0.0573447015602337,27.81230926513672,49.634559631347656,,,,,,,,0.06457
355,1972,TX,0.0478799999999999,0.3342683150376739,-0.0118699999999999,1.07623087780556,1.07945104204877,-0.0355504811277572,0,4,0.0689,0.033,5.6,1,11759.148,26.0,62.0,62.0,-0.3409624643857966,2.394013861151123e-06,-0.3215059516572793,-0.1088494216849781,0.885265063845466,0.885265063845466,0.885265063845466,0.885265063845466,-0.01977,-0.00927,-0.0206699999999999,-0.0025999999999999,1,Nixon_1972,McGovern_1972,-1.8599316313091343,-1.512896077836191,-1.8553805,-0.573,0.223,-0.0478799999999999,0.5257288934104208,0.7564480389180959,0.94371082,0.552,-0.834,0.665731684962326,0.0478799999999999,0.0,0.91166968,0,0,0,0,0,0,-0.852848885770869,0.7,10.18,0.1362445125101852,0.7069173076923078,0.0232868690501716,23.68551445007324,60.60649490356445,,,,,,,,-0.01581999999999995
356,1972,UT,0.10147,0.2806766430998806,0.0997099999999999,1.07623087780556,1.07945104204877,-0.0355504811277572,0,4,0.0689,0.033,5.6,1,1135.449,4.0,62.0,62.0,0.0501895943056417,0.0003118781797067,0.1504897546631812,0.0413291722757329,0.4941130051540276,0.4941130051540276,0.4941130051540276,0.4941130051540276,0.0659699999999999,0.04903,0.06809,0.0506799999999999,1,Nixon_1972,McGovern_1972,-1.8599316313091343,-1.512896077836191,-1.8553805,-0.573,0.223,-0.10147,0.5257288934104208,0.7564480389180959,0.94371082,0.552,-0.834,0.7193233569001194,0.10147,0.0,0.91166968,0,0,0,0,0,0,-0.172042447672379,6.5,8.760000000000002,0.0019546133007049,-0.0212499999999999,0.0131820346825396,40.41975021362305,57.12568664550781,,,,,,,,0.0828399999999999
357,1972,VT,0.01428,0.367865834246154,0.0438399999999999,1.07623087780556,1.07945104204877,-0.0355504811277572,0,4,0.0689,0.033,5.6,1,463.143,3.0,62.0,62.0,0.2445761829889158,0.1067805857342972,0.1687721015291298,0.1193396621261841,0.2997264164707536,0.2997264164707536,0.2997264164707536,0.2997264164707536,-0.04847,0.08733,0.14427,-0.04349,1,Nixon_1972,McGovern_1972,-1.8599316313091343,-1.512896077836191,-1.8553805,-0.573,0.223,-0.01428,0.5257288934104208,0.7564480389180959,0.94371082,0.552,-0.834,0.632134165753846,0.01428,0.0,0.91166968,0,0,0,0,0,0,0.31399812557276,11.5,13.9,-0.1441663247863006,-0.57465,,58.6282844543457,43.36016082763672,,,,,,,,-0.0023150000000000497
358,1972,VA,0.07467,0.3074773360983059,0.06756,1.07623087780556,1.07945104204877,-0.0355504811277572,0,4,0.0689,0.033,5.6,1,4824.472,12.0,62.0,62.0,0.0243554996930585,-6.454114658605015e-06,-0.0811743089030077,-0.0541463910632231,0.5199470997666109,0.5199470997666109,0.5199470997666109,0.5199470997666109,0.0777099999999999,0.0283399999999999,0.0132,0.03922,1,Nixon_1972,McGovern_1972,-1.8599316313091343,-1.512896077836191,-1.8553805,-0.573,0.223,-0.07467,0.5257288934104208,0.7564480389180959,0.94371082,0.552,-0.834,0.692522663901694,0.07467,0.0,0.91166968,0,0,0,0,0,0,-1.12372023417384,4.3,5.44,0.2484631921122932,0.6039086538461539,0.1485175700147507,9.701634407043455,41.93494415283203,,,,,,,,0.07263499999999995
359,1972,WA,-0.02222,0.4043732021126044,-0.01549,1.07623087780556,1.07945104204877,-0.0355504811277572,0,4,0.0689,0.033,5.6,1,3447.885,9.0,62.0,62.0,-0.0568205475913782,-0.000145115436376,-0.0007367137900849,0.0579930873852105,0.6011231470510476,0.6011231470510476,0.6011231470510476,0.6011231470510476,-0.00917,0.0130299999999999,-0.0349199999999999,-0.02852,1,Nixon_1972,McGovern_1972,-1.8599316313091343,-1.512896077836191,-1.8553805,-0.573,0.223,0.02222,0.5257288934104208,0.7564480389180959,0.94371082,0.552,-0.834,0.5956267978873956,-0.02222,0.0,0.91166968,0,0,0,0,0,0,0.779449303816575,7.200000000000001,10.94,-0.156693290920639,0.0817222222222222,-0.1744609743939513,60.18930435180664,49.5865364074707,,,,,,,,-0.01233
360,1972,WV,0.0182499999999999,0.3638973818171325,-0.05287,1.07623087780556,1.07945104204877,-0.0355504811277572,0,4,0.0689,0.033,5.6,1,1797.648,6.0,62.0,62.0,-0.1090363861669025,-0.1096658167758127,-0.0176532760821727,-0.0140077144283505,0.653338985626572,0.653338985626572,0.653338985626572,0.653338985626572,-0.06476,-0.0264999999999999,-0.0367399999999999,-0.02637,1,Nixon_1972,McGovern_1972,-1.8599316313091343,-1.512896077836191,-1.8553805,-0.573,0.223,-0.0182499999999999,0.5257288934104208,0.7564480389180959,0.94371082,0.552,-0.834,0.6361026181828675,0.0182499999999999,0.0,0.91166968,0,0,0,0,0,0,0.166231918430744,6.6,7.02,-0.0503149772870635,0.3505714285714286,-0.16103665,46.93320846557617,54.2911376953125,,,,,,,,-0.058815
361,1972,WI,-0.06805,0.4501957097228057,0.0155699999999999,1.07623087780556,1.07945104204877,-0.0355504811277572,0,4,0.0689,0.033,5.6,1,4502.412,11.0,62.0,62.0,-0.0187877322276472,0.0006342629502304,0.0504910497287292,0.0494389593400942,0.5630903316873167,0.5630903316873167,0.5630903316873167,0.5630903316873167,-0.00734,0.0194799999999999,0.04186,-0.00391,1,Nixon_1972,McGovern_1972,-1.8599316313091343,-1.512896077836191,-1.8553805,-0.573,0.223,0.06805,0.5257288934104208,0.7564480389180959,0.94371082,0.552,-0.834,0.5498042902771942,-0.06805,0.0,0.91166968,0,0,0,0,0,0,0.944334474723852,9.8,9.62,-0.1509215044069671,-0.0623685897435897,-0.1118656363717948,59.47006607055664,63.989654541015625,,,,,,,,0.00411499999999995
362,1972,WY,0.0758599999999999,0.3062932427393628,0.10685,1.07623087780556,1.07945104204877,-0.0355504811277572,0,4,0.0689,0.033,5.6,1,347.345,3.0,62.0,62.0,0.0418296922509748,0.0003939320405509,0.0353980359496463,0.0624310726572194,0.5024729072086945,0.5024729072086945,0.5024729072086945,0.5024729072086945,0.04903,0.0509799999999999,0.02326,0.05587,1,Nixon_1972,McGovern_1972,-1.8599316313091343,-1.512896077836191,-1.8553805,-0.573,0.223,-0.0758599999999999,0.5257288934104208,0.7564480389180959,0.94371082,0.552,-0.834,0.6937067572606372,0.0758599999999999,0.0,0.91166968,0,0,0,0,0,0,-0.425820125090086,8.8,8.200000000000001,0.1257704606095886,0.0469166666666666,,24.99071502685547,25.201210021972656,,,,,,,,0.07794
363,1972,USA,0.0,0.3821544943041485,0.0,1.07623087780556,1.07945104204877,-0.0355504811277572,0,4,0.0689,0.033,5.6,1,,,62.0,62.0,,,,,0.5443025994596694,0.5443025994596694,0.5443025994596694,0.5443025994596694,0.0,0.0,0.0,0.0,1,Nixon_1972,McGovern_1972,-1.8599316313091343,-1.512896077836191,-1.8553805,-0.573,0.223,-0.0,0.5257288934104208,0.7564480389180959,0.94371082,0.552,-0.834,0.6178455056958514,0.0,,0.91166968,0,0,0,0,0,0,,,,,,,,,,,,,,,,0.0
364,1976,AL,-0.05623,0.5666672397785496,0.1214799999999999,1.03227312371732,1.02224858889741,-0.0571421489446961,0,8,0.0431,0.057,7.7,1,3735.139,9.0,53.0,53.0,-0.1030238004098773,-0.0575977632039008,-0.1710025491265137,-0.1916525394907395,0.6895099765258216,0.6895099765258216,0.6895099765258216,0.6895099765258216,-0.07634,0.30861,-0.07137,-0.18713,1,Ford_1976,Carter_1976,-0.2694912814960977,-0.3782240194590476,-0.89712,-0.504,0.119,0.05623,0.8438169633730281,0.6754000347482999,0.99881237,0.506,-0.746,0.4333327602214504,-0.05623,9.0,-0.1016923699999999,0,0,0,0,0,1,-1.42793101569759,,,0.1229710627214431,0.608845202020202,-0.0180523993650793,25.339555740356445,57.74647903442383,,,,,,,,0.022569999999999944
365,1976,AK,0.12936,0.3810817122641917,0.0088699999999999,1.03227312371732,1.02224858889741,-0.0571421489446961,0,8,0.0431,0.057,7.7,1,400.969,3.0,53.0,53.0,0.1248562931914543,-0.0336264965918937,-0.0066183085868817,3.06865383051802e-05,0.4616298829244899,0.4616298829244899,0.4616298829244899,0.4616298829244899,0.0109299999999999,-0.04447,0.0102399999999999,0.05334,1,Ford_1976,Carter_1976,-0.2694912814960977,-0.3782240194590476,-0.89712,-0.504,0.119,-0.12936,0.8438169633730281,0.6754000347482999,0.99881237,0.506,-0.746,0.6189182877358083,0.12936,0.0,-0.1016923699999999,0,0,0,0,0,0,0.559103001373287,,,0.0078149615208434,-0.1144166666666666,,39.6894760131836,50.691650390625,,,,,,,,0.0098999999999999
366,1976,AZ,0.0965699999999999,0.4138669698310381,0.0519899999999999,1.03227312371732,1.02224858889741,-0.0571421489446961,0,8,0.0431,0.057,7.7,1,2346.157,6.0,53.0,53.0,0.0833383398333036,0.050480172690387,0.0895513760497011,0.0622338548279415,0.5031478362826406,0.5031478362826406,0.5031478362826406,0.5031478362826406,0.10596,0.1195899999999999,0.05668,-0.0676,1,Ford_1976,Carter_1976,-0.2694912814960977,-0.3782240194590476,-0.89712,-0.504,0.119,-0.0965699999999999,0.8438169633730281,0.6754000347482999,0.99881237,0.506,-0.746,0.5861330301689618,0.0965699999999999,0.0,-0.1016923699999999,0,0,0,0,0,0,-0.412026763434588,,,0.0490270429510498,-0.0051666666666666,0.0416571357142857,34.553924560546875,60.63179016113281,,,,,,,,0.07897499999999995
367,1976,AR,-0.1397899999999999,0.6502283414045632,0.07361,1.03227312371732,1.02224858889741,-0.0571421489446961,0,8,0.0431,0.057,7.7,1,2170.161,6.0,53.0,53.0,-0.0449455912218633,-0.4711105376396816,0.2112646284301158,1.463111971738984e-05,0.6314317673378076,0.6314317673378076,0.6314317673378076,0.6314317673378076,0.0015,0.0509899999999999,-0.03739,0.02262,1,Ford_1976,Carter_1976,-0.2694912814960977,-0.3782240194590476,-0.89712,-0.504,0.119,0.1397899999999999,0.8438169633730281,0.6754000347482999,0.99881237,0.506,-0.746,0.3497716585954368,-0.1397899999999999,6.0,-0.1016923699999999,0,0,0,0,0,1,-1.17578465322517,,,0.0697992325295639,0.72025,-0.0962197716110369,31.965444564819336,62.85714340209961,,,,,,,,0.037555
368,1976,CA,0.01962,0.4908217269318179,-0.04814,1.03227312371732,1.02224858889741,-0.0571421489446961,0,8,0.0431,0.057,7.7,1,21935.909,45.0,53.0,53.0,0.0034971855815432,0.0006724897342034,0.0547546380693759,0.0022762452226233,0.582988990534401,0.582988990534401,0.582988990534401,0.582988990534401,0.0125799999999999,0.0229399999999999,0.0035799999999999,-0.0710799999999999,1,Ford_1976,Carter_1976,-0.2694912814960977,-0.3782240194590476,-0.89712,-0.504,0.119,-0.01962,0.8438169633730281,0.6754000347482999,0.99881237,0.506,-0.746,0.509178273068182,0.01962,0.0,-0.1016923699999999,0,0,0,0,0,0,1.2556925675726,,,-0.1012352340007781,-0.0698880098638211,-0.1315011424899258,53.27852249145508,72.85546875,,,,,,,,-0.017780000000000053
369,1976,CO,0.06979,0.4406472547668275,0.0262499999999999,1.03227312371732,1.02224858889741,-0.0571421489446961,0,8,0.0431,0.057,7.7,1,2632.306,7.0,53.0,53.0,0.0549105581811784,0.0575852192459846,0.0502772628125243,0.0003778701164492,0.5315756179347658,0.5315756179347658,0.5315756179347658,0.5315756179347658,0.04575,-0.0013699999999999,0.04969,0.0276199999999999,1,Ford_1976,Carter_1976,-0.2694912814960977,-0.3782240194590476,-0.89712,-0.504,0.119,-0.06979,0.8438169633730281,0.6754000347482999,0.99881237,0.506,-0.746,0.5593527452331726,0.06979,0.0,-0.1016923699999999,0,0,0,0,0,0,0.250528770420879,,,-0.0383333406511688,-0.139547619047619,0.0462988805809773,45.44014358520508,60.64551544189453,,,,,,,,0.03599999999999995
370,1976,CT,0.03654,0.4738998329378652,-0.02443,1.03227312371732,1.02224858889741,-0.0571421489446961,0,8,0.0431,0.057,7.7,1,3083.335,8.0,53.0,53.0,0.0016828070515386,0.085293226946488,0.041075350756776,-0.0231418082698425,0.5848033690644056,0.5848033690644056,0.5848033690644056,0.5848033690644056,-0.03157,-0.06418,-0.0364799999999999,0.03975,1,Ford_1976,Carter_1976,-0.2694912814960977,-0.3782240194590476,-0.89712,-0.504,0.119,-0.03654,0.8438169633730281,0.6754000347482999,0.99881237,0.506,-0.746,0.5261001670621348,0.03654,0.0,-0.1016923699999999,0,0,0,0,0,0,0.805134298837023,,,-0.2087470333949279,-0.3317604166666666,-0.1478452173007446,66.67586517333984,66.38833618164062,,,,,,,,-0.028
371,1976,DC,-0.3213399999999999,0.8317772238685264,-0.40154,1.03227312371732,1.02224858889741,-0.0571421489446961,0,8,0.0431,0.057,7.7,1,692.295,3.0,53.0,53.0,,,,,,,,,-0.32225,-0.2403699999999999,,-0.16117,1,Ford_1976,Carter_1976,-0.2694912814960977,-0.3782240194590476,-0.89712,-0.504,0.119,0.3213399999999999,0.8438169633730281,0.6754000347482999,0.99881237,0.506,-0.746,0.1682227761314736,-0.3213399999999999,3.0,-0.1016923699999999,0,0,0,0,0,0,,,,,,,,,,,,,,,,-0.36189499999999997
372,1976,DE,-0.01702,0.5274602348264186,-0.0145299999999999,1.03227312371732,1.02224858889741,-0.0571421489446961,0,8,0.0431,0.057,7.7,1,590.166,3.0,53.0,53.0,0.1829035780331045,0.1581448900421264,0.0910908316933176,0.086755677946975,0.4035825980828396,0.4035825980828396,0.4035825980828396,0.4035825980828396,0.01617,0.00348,-0.00738,-0.01801,1,Ford_1976,Carter_1976,-0.2694912814960977,-0.3782240194590476,-0.89712,-0.504,0.119,0.01702,0.8438169633730281,0.6754000347482999,0.99881237,0.506,-0.746,0.4725397651735814,-0.01702,3.0,-0.1016923699999999,0,0,0,0,0,0,0.587719760016661,,,-0.0830605534565734,-0.441,,51.01372528076172,65.59356689453125,,,,,,,,0.0008200000000000499
373,1976,FL,-0.01636,0.526802018720792,0.10336,1.03227312371732,1.02224858889741,-0.0571421489446961,0,8,0.0431,0.057,7.7,1,8667.379,17.0,53.0,53.0,0.1355620633700308,-0.0046827184722944,-0.0009570734813734,-0.0717545233323072,0.4509241127459134,0.4509241127459134,0.4509241127459134,0.4509241127459134,0.0630999999999999,0.1031199999999999,0.0159799999999999,0.00024,1,Ford_1976,Carter_1976,-0.2694912814960977,-0.3782240194590476,-0.89712,-0.504,0.119,0.01636,0.8438169633730281,0.6754000347482999,0.99881237,0.506,-0.746,0.473197981279208,-0.01636,17.0,-0.1016923699999999,0,0,0,0,0,1,-0.958516058441373,,,0.05240395928833,0.3774968487394958,0.0115743624694661,34.13311767578125,59.8801155090332,,,,,,,,0.08322999999999994
374,1976,GA,-0.1589399999999999,0.6693829485931742,0.13491,1.03227312371732,1.02224858889741,-0.0571421489446961,0,8,0.0431,0.057,7.7,1,5132.812,12.0,53.0,53.0,-0.1269079140467434,-0.1874260050861484,-0.1983266657886676,-0.0045545678609838,0.7133940901626876,0.7133940901626876,0.7133940901626876,0.7133940901626876,0.0278999999999999,0.1558799999999999,-0.12478,-0.0209699999999999,1,Ford_1976,Carter_1976,-0.2694912814960977,-0.3782240194590476,-0.89712,-0.504,0.119,0.1589399999999999,0.8438169633730281,0.6754000347482999,0.99881237,0.506,-0.746,0.3306170514068258,-0.1589399999999999,12.0,-0.1016923699999999,0,1,0,0,0,1,-1.07196604230996,,,0.1196725141576004,0.7634182692307693,0.0453379539047619,25.75059700012207,53.02230072021485,,,,,,,,0.08140499999999995
375,1976,HI,-0.00239,0.5128263123829938,0.00694,1.03227312371732,1.02224858889741,-0.0571421489446961,0,8,0.0431,0.057,7.7,1,904.191,4.0,53.0,53.0,-0.0243523256591216,0.0346190045249436,-0.3029391261638806,-0.0020536835662018,0.6108385017750658,0.6108385017750658,0.6108385017750658,0.6108385017750658,-0.11125,-0.173,0.0005199999999999,0.17994,1,Ford_1976,Carter_1976,-0.2694912814960977,-0.3782240194590476,-0.89712,-0.504,0.119,0.00239,0.8438169633730281,0.6754000347482999,0.99881237,0.506,-0.746,0.4871736876170062,-0.00239,4.0,-0.1016923699999999,0,0,0,0,0,0,1.82781469558251,,,-0.1269844047470092,-0.138,-0.2763063833333333,56.48719787597656,70.10395812988281,,,,,,,,-0.052155
376,1976,ID,0.12777,0.3826700937405503,0.0937,1.03227312371732,1.02224858889741,-0.0571421489446961,0,8,0.0431,0.057,7.7,1,856.983,4.0,53.0,53.0,0.1565642492985651,0.1632976138786551,0.1659935042167394,0.0001671992719603,0.429921926817379,0.429921926817379,0.429921926817379,0.429921926817379,0.14536,0.1054399999999999,0.0386799999999999,-0.0117399999999999,1,Ford_1976,Carter_1976,-0.2694912814960977,-0.3782240194590476,-0.89712,-0.504,0.119,-0.12777,0.8438169633730281,0.6754000347482999,0.99881237,0.506,-0.746,0.6173299062594497,0.12777,0.0,-0.1016923699999999,0,0,0,0,0,0,0.107097071289774,,,0.0486951737979888,0.0585624999999999,0.2499148515151515,34.59527969360352,44.36619567871094,,,,,,,,0.11953
377,1976,IL,0.0204699999999999,0.4899716625636061,-0.02483,1.03227312371732,1.02224858889741,-0.0571421489446961,0,8,0.0431,0.057,7.7,1,11342.853,26.0,53.0,53.0,0.0187164765372453,0.0374240952656619,0.0253331429471359,0.0035438211888615,0.5677696995786988,0.5677696995786988,0.5677696995786988,0.5677696995786988,0.01195,0.0198899999999999,-9.9999999999989e-05,-0.0447199999999999,1,Ford_1976,Carter_1976,-0.2694912814960977,-0.3782240194590476,-0.89712,-0.504,0.119,-0.0204699999999999,0.8438169633730281,0.6754000347482999,0.99881237,0.506,-0.746,0.5100283374363939,0.0204699999999999,0.0,-0.1016923699999999,0,0,0,0,0,0,0.611054420098348,,,-0.0756923296832275,-0.1457695868945868,-0.0891572848203366,50.095550537109375,68.30741882324219,,,,,,,,-0.00644
378,1976,IN,0.04893,0.4615122219230517,0.0469299999999999,1.03227312371732,1.02224858889741,-0.0571421489446961,0,8,0.0431,0.057,7.7,1,5389.088,13.0,53.0,53.0,0.0324793810018941,0.0668401171237352,0.0346373598133223,0.0370744407879384,0.55400679511405,0.55400679511405,0.55400679511405,0.55400679511405,0.06562,0.05223,0.05318,-0.0053,1,Ford_1976,Carter_1976,-0.2694912814960977,-0.3782240194590476,-0.89712,-0.504,0.119,-0.04893,0.8438169633730281,0.6754000347482999,0.99881237,0.506,-0.746,0.5384877780769483,0.04893,0.0,-0.1016923699999999,0,0,0,0,0,0,-0.121996356569547,,,-0.0268252474087524,-0.0108653846153846,-0.0021572425114694,44.00608825683594,45.93796920776367,,,,,,,,0.05627499999999995
379,1976,IA,0.0156,0.4948387364562729,-0.03053,1.03227312371732,1.02224858889741,-0.0571421489446961,0,8,0.0431,0.057,7.7,1,2903.082,8.0,53.0,53.0,0.0448951288628702,0.0125602042268999,0.044796502614695,0.0007823488744133,0.5415910472530739,0.5415910472530739,0.5415910472530739,0.5415910472530739,0.0609199999999999,-0.00546,0.0683199999999999,-0.0250699999999999,1,Ford_1976,Carter_1976,-0.2694912814960977,-0.3782240194590476,-0.89712,-0.504,0.119,-0.0156,0.8438169633730281,0.6754000347482999,0.99881237,0.506,-0.746,0.505161263543727,0.0156,0.0,-0.1016923699999999,0,0,0,0,0,0,0.0806250248039332,,,-0.0902024902841186,-0.0864340277777778,-0.0230831565741676,51.90370178222656,47.565391540527344,,,,,,,,0.015194999999999948
380,1976,KS,0.0492,0.4612445923746186,0.07849,1.03227312371732,1.02224858889741,-0.0571421489446961,0,8,0.0431,0.057,7.7,1,2301.001,7.0,53.0,53.0,0.1487416768450699,0.2035765062327048,0.1165125898562075,0.0002626212394987,0.4377444992708743,0.4377444992708743,0.4377444992708743,0.4377444992708743,0.10831,0.06908,0.10803,0.0094099999999999,1,Ford_1976,Carter_1976,-0.2694912814960977,-0.3782240194590476,-0.89712,-0.504,0.119,-0.0492,0.8438169633730281,0.6754000347482999,0.99881237,0.506,-0.746,0.5387554076253813,0.0492,0.0,-0.1016923699999999,0,0,1,0,0,0,-0.148728562120899,,,0.0020978793865203,-0.0921428571428571,0.0618024207326007,40.40189743041992,39.08047866821289,,,,,,,,0.09340000000000001
381,1976,KY,-0.0261,0.5365402864664347,0.0278599999999999,1.03227312371732,1.02224858889741,-0.0571421489446961,0,8,0.0431,0.057,7.7,1,3529.257,9.0,53.0,53.0,-0.0541469620273924,0.0258770694051863,0.017971191733535,-0.0002402870988853,0.6406331381433367,0.6406331381433367,0.6406331381433367,0.6406331381433367,0.0336599999999999,-0.02766,0.0367399999999999,0.05552,1,Ford_1976,Carter_1976,-0.2694912814960977,-0.3782240194590476,-0.89712,-0.504,0.119,0.0261,0.8438169633730281,0.6754000347482999,0.99881237,0.506,-0.746,0.4634597135335653,-0.0261,9.0,-0.1016923699999999,0,0,0,0,0,0,0.0254788912620772,,,-0.045488226528778,0.2730111111111111,-0.0475397626161789,46.33173370361328,61.79218292236328,,,,,,,,0.0307599999999999
382,1976,LA,-0.0191599999999999,0.5295957514788067,0.0794699999999999,1.03227312371732,1.02224858889741,-0.0571421489446961,0,8,0.0431,0.057,7.7,1,3950.605,10.0,53.0,53.0,-0.2498527718812747,-0.3399928100837487,-0.3993356586633512,-0.0048387250768977,0.836338947997219,0.836338947997219,0.836338947997219,0.836338947997219,-0.04997,0.1827599999999999,-0.13731,-0.1032899999999999,1,Ford_1976,Carter_1976,-0.2694912814960977,-0.3782240194590476,-0.89712,-0.504,0.119,0.0191599999999999,0.8438169633730281,0.6754000347482999,0.99881237,0.506,-0.746,0.4704042485211933,-0.0191599999999999,10.0,-0.1016923699999999,0,0,0,0,0,1,-1.30099693755319,,,0.1308862537572479,0.7945041666666666,0.0097034709077381,24.353221893310547,58.23692321777344,,,,,,,,0.01474999999999995
383,1976,ME,0.0147499999999999,0.4956882110290461,-0.0029,1.03227312371732,1.02224858889741,-0.0571421489446961,0,8,0.0431,0.057,7.7,1,1088.412,4.0,53.0,53.0,0.1875872857173935,0.0003430884128423,-0.0709519417642993,-0.0011632600593677,0.3988988903985507,0.3988988903985507,0.3988988903985507,0.3988988903985507,-0.06622,-0.07381,0.0713099999999999,0.07091,1,Ford_1976,Carter_1976,-0.2694912814960977,-0.3782240194590476,-0.89712,-0.504,0.119,-0.0147499999999999,0.8438169633730281,0.6754000347482999,0.99881237,0.506,-0.746,0.5043117889709539,0.0147499999999999,0.0,-0.1016923699999999,0,0,0,0,0,0,0.695909128732201,,,-0.1691188075232696,-0.1685,-0.0487841327160493,61.7376823425293,57.87581634521485,,,,,,,,-0.03456
384,1976,MD,-0.0199099999999999,0.5303541992343639,0.0033099999999999,1.03227312371732,1.02224858889741,-0.0571421489446961,0,8,0.0431,0.057,7.7,1,4150.539,10.0,53.0,53.0,-0.0162087439665645,0.0086183289384932,0.0318233834025314,-0.000631679788636,0.6026949200825088,0.6026949200825088,0.6026949200825088,0.6026949200825088,-0.0136799999999999,-0.0400899999999999,-0.0353099999999999,0.0433999999999999,1,Ford_1976,Carter_1976,-0.2694912814960977,-0.3782240194590476,-0.89712,-0.504,0.119,0.0199099999999999,0.8438169633730281,0.6754000347482999,0.99881237,0.506,-0.746,0.4696458007656361,-0.0199099999999999,10.0,-0.1016923699999999,0,0,0,0,0,0,0.765982456914764,,,-0.1317760124568939,-0.2692636363636364,-0.1037185339692982,57.08429336547852,65.46277618408203,,,,,,,,-0.005185
385,1976,MA,-0.07071,0.5811462217110593,-0.1629399999999999,1.03227312371732,1.02224858889741,-0.0571421489446961,0,8,0.0431,0.057,7.7,1,5743.672,14.0,53.0,53.0,-0.1578357705287034,-0.0779973903220471,-0.046916911750515,2.394013861151123e-06,0.7443219466446477,0.7443219466446477,0.7443219466446477,0.7443219466446477,-0.1611199999999999,-0.15008,-0.10275,-0.0128599999999999,1,Ford_1976,Carter_1976,-0.2694912814960977,-0.3782240194590476,-0.89712,-0.504,0.119,0.07071,0.8438169633730281,0.6754000347482999,0.99881237,0.506,-0.746,0.4188537782889406,-0.07071,14.0,-0.1016923699999999,0,0,0,0,0,0,1.59715679700799,,,-0.2708342692497253,-0.4027178571428572,-0.2290777853096539,74.41272735595703,69.26559448242188,,,,,,,,-0.1620299999999999
386,1976,MI,0.03788,0.4725622595013001,-0.04444,1.03227312371732,1.02224858889741,-0.0571421489446961,0,8,0.0431,0.057,7.7,1,9129.205,21.0,53.0,53.0,-0.0032020204936059,0.0547966393016892,0.0298757059992648,-0.0001220584911185,0.5896881966095502,0.5896881966095502,0.5896881966095502,0.5896881966095502,-0.04158,-0.05376,-0.00927,0.0093199999999999,1,Ford_1976,Carter_1976,-0.2694912814960977,-0.3782240194590476,-0.89712,-0.504,0.119,-0.03788,0.8438169633730281,0.6754000347482999,0.99881237,0.506,-0.746,0.5274377404986998,0.03788,0.0,-0.1016923699999999,1,0,0,0,0,0,0.948454234249087,,,-0.0755785739620971,-0.2257324016563146,-0.1640032816449258,50.08137512207031,54.165374755859375,,,,,,,,-0.04301
387,1976,MN,-0.05598,0.566419819719711,-0.08965,1.03227312371732,1.02224858889741,-0.0571421489446961,0,8,0.0431,0.057,7.7,1,3964.68,10.0,53.0,53.0,-0.0025772806624219,-0.0122536807016688,-0.0092729060341899,0.0001506199356783,0.5890634567783661,0.5890634567783661,0.5890634567783661,0.5890634567783661,-0.06971,-0.02451,-0.00633,-0.0651399999999999,1,Ford_1976,Carter_1976,-0.2694912814960977,-0.3782240194590476,-0.89712,-0.504,0.119,0.05598,0.8438169633730281,0.6754000347482999,0.99881237,0.506,-0.746,0.433580180280289,-0.05598,10.0,-0.1016923699999999,0,0,0,1,0,0,0.702981002729655,,,-0.0791845323622131,-0.22125,-0.1134035071509009,50.530723571777344,70.4675521850586,,,,,,,,-0.07968
388,1976,MS,0.00077,0.509665777813421,0.18152,1.03227312371732,1.02224858889741,-0.0571421489446961,0,8,0.0431,0.057,7.7,1,2429.756,7.0,53.0,53.0,0.0427410956960472,-0.1500591993261985,-0.3589081751153885,-0.000315167225685,0.543745080419897,0.543745080419897,0.543745080419897,0.543745080419897,-0.1339499999999999,0.48601,-0.09482,-0.30449,1,Ford_1976,Carter_1976,-0.2694912814960977,-0.3782240194590476,-0.89712,-0.504,0.119,-0.00077,0.8438169633730281,0.6754000347482999,0.99881237,0.506,-0.746,0.4903342221865789,0.00077,7.0,-0.1016923699999999,0,0,0,0,0,1,-1.90093909465171,,,0.1656034222893524,0.8514285714285714,0.1064356574193548,20.027019500732425,52.9175033569336,,,,,,,,0.023785000000000042
389,1976,MO,-0.0079799999999999,0.5184190712575877,0.0050899999999999,1.03227312371732,1.02224858889741,-0.0571421489446961,0,8,0.0431,0.057,7.7,1,4839.029,12.0,53.0,53.0,-0.085189096888373,-0.0684033882649585,-0.0394441635392378,-0.0007007801672296,0.6716752730043173,0.6716752730043173,0.6716752730043173,0.6716752730043173,0.0023299999999999,-0.0258899999999999,-0.00175,0.0309799999999999,1,Ford_1976,Carter_1976,-0.2694912814960977,-0.3782240194590476,-0.89712,-0.504,0.119,0.0079799999999999,0.8438169633730281,0.6754000347482999,0.99881237,0.506,-0.746,0.4815809287424123,-0.0079799999999999,12.0,-0.1016923699999999,0,0,0,0,0,0,-0.391859834842316,,,0.0225815622928619,0.3030833333333333,-0.0490701642042041,37.849369049072266,49.9314079284668,,,,,,,,0.0037099999999999
390,1976,MT,0.0482799999999999,0.4621565385401378,-0.01301,1.03227312371732,1.02224858889741,-0.0571421489446961,0,8,0.0431,0.057,7.7,1,757.317,4.0,53.0,53.0,0.0002719527954906,-0.0762217132942955,-0.022080604829075,0.0001438689960083,0.5862142233204536,0.5862142233204536,0.5862142233204536,0.5862142233204536,0.0448,0.0222599999999999,0.01339,-0.0352699999999999,1,Ford_1976,Carter_1976,-0.2694912814960977,-0.3782240194590476,-0.89712,-0.504,0.119,-0.0482799999999999,0.8438169633730281,0.6754000347482999,0.99881237,0.506,-0.746,0.5378434614598622,0.0482799999999999,0.0,-0.1016923699999999,0,0,0,0,0,0,0.437822841624765,,,-0.0812340333120727,0.33135,-0.022525911728395,50.78611755371094,68.1966781616211,,,,,,,,0.015895
391,1976,NE,0.11662,0.3938206630636825,0.0871699999999999,1.03227312371732,1.02224858889741,-0.0571421489446961,0,8,0.0431,0.057,7.7,1,1550.911,5.0,53.0,53.0,0.1139454452391244,0.1882741313446858,0.1400568714421498,0.0002311314052783,0.4725407308768198,0.4725407308768198,0.4725407308768198,0.4725407308768198,0.1487799999999999,0.0885399999999999,0.1215399999999999,-0.0013699999999999,1,Ford_1976,Carter_1976,-0.2694912814960977,-0.3782240194590476,-0.89712,-0.504,0.119,-0.11662,0.8438169633730281,0.6754000347482999,0.99881237,0.506,-0.746,0.6061793369363175,0.11662,0.0,-0.1016923699999999,0,0,0,0,0,0,-0.187800617232305,,,0.1134272148628616,0.0032499999999999,0.0731793692307692,26.52884101867676,46.26377868652344,,,,,,,,0.11797499999999991
392,1976,NV,0.0331299999999999,0.4773060407118378,0.0189599999999999,1.03227312371732,1.02224858889741,-0.0571421489446961,0,8,0.0431,0.057,7.7,1,646.975,3.0,53.0,53.0,-0.0184012288709137,0.0433084627004957,-0.2811966026458643,-0.0002257257703549,0.604887404986858,0.604887404986858,0.604887404986858,0.604887404986858,0.0429899999999999,0.0287899999999999,-0.0107899999999999,-0.00983,1,Ford_1976,Carter_1976,-0.2694912814960977,-0.3782240194590476,-0.89712,-0.504,0.119,-0.0331299999999999,0.8438169633730281,0.6754000347482999,0.99881237,0.506,-0.746,0.5226939592881622,0.0331299999999999,0.0,-0.1016923699999999,0,0,0,0,0,0,-0.383679953692375,,,0.071244735294342,0.3554583333333333,,31.78531646728516,56.96680068969727,,,,,,,,0.030974999999999902
393,1976,NH,0.06785,0.4425907605600024,0.02949,1.03227312371732,1.02224858889741,-0.0571421489446961,0,8,0.0431,0.057,7.7,1,845.248,4.0,53.0,53.0,0.1453078298457645,0.23159905817654,0.2266596291145804,0.1679638350338183,0.4411783462701796,0.4411783462701796,0.4411783462701796,0.4411783462701796,0.03852,-0.02429,0.0350099999999999,0.05378,1,Ford_1976,Carter_1976,-0.2694912814960977,-0.3782240194590476,-0.89712,-0.504,0.119,-0.06785,0.8438169633730281,0.6754000347482999,0.99881237,0.506,-0.746,0.5574092394399977,0.06785,0.0,-0.1016923699999999,0,0,0,0,0,0,0.420108959200991,,,-0.0694868877482605,-0.1526625,0.0382384118658281,49.32227325439453,38.58827590942383,,,,,,,,0.034005
394,1976,NJ,0.02145,0.4889933152604929,0.00823,1.03227312371732,1.02224858889741,-0.0571421489446961,0,8,0.0431,0.057,7.7,1,7339.745,17.0,53.0,53.0,-0.0460037004874284,0.0333874889284683,0.0169075471327987,0.0143258917671242,0.6324898766033726,0.6324898766033726,0.6324898766033726,0.6324898766033726,0.0077699999999999,-0.0449899999999999,-0.00319,0.0532199999999999,1,Ford_1976,Carter_1976,-0.2694912814960977,-0.3782240194590476,-0.89712,-0.504,0.119,-0.02145,0.8438169633730281,0.6754000347482999,0.99881237,0.506,-0.746,0.511006684739507,0.02145,0.0,-0.1016923699999999,0,0,0,0,0,0,1.75584236953982,,,-0.2432948540666198,-0.2805611455108359,-0.1600667697266879,70.98096466064453,68.60392761230469,,,,,,,,0.00799999999999995
395,1976,NM,0.02289,0.4875523248345117,0.00761,1.03227312371732,1.02224858889741,-0.0571421489446961,0,8,0.0431,0.057,7.7,1,1189.295,4.0,53.0,53.0,0.0659632608408068,-0.0342793216687196,0.0853130110173806,0.0201178572088589,0.5205229152751374,0.5205229152751374,0.5205229152751374,0.5205229152751374,0.06201,0.0191999999999999,-0.00287,-0.0115899999999999,1,Ford_1976,Carter_1976,-0.2694912814960977,-0.3782240194590476,-0.89712,-0.504,0.119,-0.02289,0.8438169633730281,0.6754000347482999,0.99881237,0.506,-0.746,0.5124476751654883,0.02289,0.0,-0.1016923699999999,0,0,0,0,0,0,0.198308660120906,,,0.1440642387407303,0.196125,0.134306185414725,22.711076736450195,54.27565383911133,,,,,,,,0.03481
396,1976,NY,-0.0118099999999999,0.5222458761462596,-0.03094,1.03227312371732,1.02224858889741,-0.0571421489446961,0,8,0.0431,0.057,7.7,1,17940.541,41.0,53.0,53.0,0.00678450443373,0.0183605669348473,0.0222133002728492,-0.0016003257529131,0.5797016716822142,0.5797016716822142,0.5797016716822142,0.5797016716822142,-0.0330699999999999,-0.0718999999999999,-0.02553,0.0409599999999999,1,Ford_1976,Carter_1976,-0.2694912814960977,-0.3782240194590476,-0.89712,-0.504,0.119,0.0118099999999999,0.8438169633730281,0.6754000347482999,0.99881237,0.506,-0.746,0.4777541238537404,-0.0118099999999999,41.0,-0.1016923699999999,0,0,0,0,0,0,1.69795705590368,,,-0.1783442556898498,-0.3057678774005348,-0.1898909068088004,62.88729095458984,63.31348419189453,,,,,,,,-0.03200499999999995
397,1976,NC,-0.0450899999999999,0.5555329249846495,0.08843,1.03227312371732,1.02224858889741,-0.0571421489446961,0,8,0.0431,0.057,7.7,1,5607.964,13.0,53.0,53.0,-0.0607735140110655,-0.0128687317046609,-0.0114514389868958,-0.0002900987194692,0.6472596901270098,0.6472596901270098,0.6472596901270098,0.6472596901270098,0.07066,0.0531,-0.02026,0.0353299999999999,1,Ford_1976,Carter_1976,-0.2694912814960977,-0.3782240194590476,-0.89712,-0.504,0.119,0.0450899999999999,0.8438169633730281,0.6754000347482999,0.99881237,0.506,-0.746,0.4444670750153505,-0.0450899999999999,13.0,-0.1016923699999999,0,0,0,0,0,1,-1.09417645189282,,,0.1050536794958877,0.5800192307692307,0.0087165266960943,27.572290420532227,44.097923278808594,,,,,,,,0.079545
398,1976,ND,0.04047,0.4699669830218133,0.01644,1.03227312371732,1.02224858889741,-0.0571421489446961,0,8,0.0431,0.057,7.7,1,645.797,3.0,53.0,53.0,0.1435708360043424,0.2571923179195646,0.1250477412563957,9.025821567010262e-05,0.4429153401116018,0.4429153401116018,0.4429153401116018,0.4429153401116018,0.08997,0.03403,0.05536,-0.0175899999999999,1,Ford_1976,Carter_1976,-0.2694912814960977,-0.3782240194590476,-0.89712,-0.504,0.119,-0.04047,0.8438169633730281,0.6754000347482999,0.99881237,0.506,-0.746,0.5300330169781866,0.04047,0.0,-0.1016923699999999,0,0,0,0,0,0,-0.753166722199154,,,-0.0266543689277649,0.1776041666666666,,43.98479461669922,55.87273406982422,,,,,,,,0.053204999999999995
399,1976,OH,0.00905,0.5013853004616505,-0.0075,1.03227312371732,1.02224858889741,-0.0571421489446961,0,8,0.0431,0.057,7.7,1,10752.662,25.0,53.0,53.0,0.0972913178585544,0.0804221470225663,0.0960245242776958,0.1072011462088348,0.4891948582573898,0.4891948582573898,0.4891948582573898,0.4891948582573898,0.00889,-0.01482,0.0336699999999999,0.00732,1,Ford_1976,Carter_1976,-0.2694912814960977,-0.3782240194590476,-0.89712,-0.504,0.119,-0.00905,0.8438169633730281,0.6754000347482999,0.99881237,0.506,-0.746,0.4986146995383494,0.00905,25.0,-0.1016923699999999,0,0,0,0,0,0,0.244117756331075,,,-0.0559480589642333,-0.1988725213675213,-0.0223351766746971,47.635162353515625,51.182167053222656,,,,,,,,0.0006950000000000003
400,1976,OK,0.0165899999999999,0.4938477948337429,0.13652,1.03227312371732,1.02224858889741,-0.0571421489446961,0,8,0.0431,0.057,7.7,1,2826.815,8.0,53.0,53.0,0.0005317912602834,-0.0867672645656427,0.010949095547221,-0.0019234096891025,0.5859543848556608,0.5859543848556608,0.5859543848556608,0.5859543848556608,0.0944499999999999,0.05715,0.09103,0.0793699999999999,1,Ford_1976,Carter_1976,-0.2694912814960977,-0.3782240194590476,-0.89712,-0.504,0.119,-0.0165899999999999,0.8438169633730281,0.6754000347482999,0.99881237,0.506,-0.746,0.506152205166257,0.0165899999999999,0.0,-0.1016923699999999,0,0,0,0,0,0,-0.170773297284764,,,0.1219744756650924,0.3774375,-0.0223438112001424,25.463743209838867,59.9295768737793,,,,,,,,0.11548499999999995
401,1976,OR,0.0113099999999999,0.4991282682307967,-0.06445,1.03227312371732,1.02224858889741,-0.0571421489446961,0,8,0.0431,0.057,7.7,1,2378.262,6.0,53.0,53.0,-0.0544200104110802,-0.0865724442697152,0.0265805944726881,0.0001972082829534,0.6409061865270245,0.6409061865270245,0.6409061865270245,0.6409061865270245,0.0282399999999999,-0.02461,0.02705,-0.0398399999999999,1,Ford_1976,Carter_1976,-0.2694912814960977,-0.3782240194590476,-0.89712,-0.504,0.119,-0.0113099999999999,0.8438169633730281,0.6754000347482999,0.99881237,0.506,-0.746,0.5008717317692033,0.0113099999999999,0.0,-0.1016923699999999,0,0,0,0,0,0,0.89703762036086,,,-0.1588457107979583,-0.3032916666666667,-0.0951143687499999,60.45752334594727,65.51811218261719,,,,,,,,-0.018105000000000045
402,1976,PA,-0.0031299999999999,0.513571390921736,-0.01616,1.03227312371732,1.02224858889741,-0.0571421489446961,0,8,0.0431,0.057,7.7,1,11897.378,27.0,53.0,53.0,,0.0411219405950882,0.0169733343170467,-0.0006397700164854,,,,,-0.0235299999999999,-0.03705,-0.0108099999999999,0.02089,1,Ford_1976,Carter_1976,-0.2694912814960977,-0.3782240194590476,-0.89712,-0.504,0.119,0.0031299999999999,0.8438169633730281,0.6754000347482999,0.99881237,0.506,-0.746,0.486428609078264,-0.0031299999999999,27.0,-0.1016923699999999,0,0,0,0,0,0,1.01640680633369,,,-0.1079913932186126,-0.1217827914319849,-0.100235790248689,54.12042617797852,67.17190551757812,,,,,,,,-0.019844999999999953
403,1976,RI,-0.0462799999999999,0.5567237731880602,-0.08684,1.03227312371732,1.02224858889741,-0.0571421489446961,0,8,0.0431,0.057,7.7,1,946.089,4.0,53.0,53.0,-0.1705686267444801,-0.1078428924576933,-0.1002337097672551,-0.0019889231288934,0.7570548028604244,0.7570548028604244,0.7570548028604244,0.7570548028604244,-0.17235,-0.19411,-0.1354499999999999,0.1072699999999999,1,Ford_1976,Carter_1976,-0.2694912814960977,-0.3782240194590476,-0.89712,-0.504,0.119,0.0462799999999999,0.8438169633730281,0.6754000347482999,0.99881237,0.506,-0.746,0.4432762268119398,-0.0462799999999999,4.0,-0.1016923699999999,0,0,0,0,0,0,1.26679836564109,,,-0.2805980366725158,-0.1466875,-0.2196264499999999,75.6294174194336,65.2540283203125,,,,,,,,-0.12959500000000002
404,1976,SC,-0.0552399999999999,0.5656772882121549,0.0986799999999999,1.03227312371732,1.02224858889741,-0.0571421489446961,0,8,0.0431,0.057,7.7,1,2943.657,8.0,53.0,53.0,0.0003383352550101,0.0073701994631563,-0.1838713369407051,-0.0026077144331835,0.5861478408609341,0.5861478408609341,0.5861478408609341,0.5861478408609341,0.0585899999999999,0.2035599999999999,-0.0115499999999999,-0.1048799999999999,1,Ford_1976,Carter_1976,-0.2694912814960977,-0.3782240194590476,-0.89712,-0.504,0.119,0.0552399999999999,0.8438169633730281,0.6754000347482999,0.99881237,0.506,-0.746,0.4343227117878451,-0.0552399999999999,8.0,-0.1016923699999999,0,0,0,0,0,1,-1.38822022494079,,,0.0827990532781219,0.6362048611111111,0.0037519402622684,30.34550094604492,46.50402069091797,,,,,,,,0.0786349999999999
405,1976,SD,0.0178699999999999,0.4925696563319523,-0.07456,1.03227312371732,1.02224858889741,-0.0571421489446961,0,8,0.0431,0.057,7.7,1,686.39,4.0,53.0,53.0,0.3955313292179492,-0.0022979412916057,0.0015597627438219,4.570867732683892e-05,0.1909548468979949,0.1909548468979949,0.1909548468979949,0.1909548468979949,0.0553299999999999,0.05849,0.0829699999999999,-0.13305,1,Ford_1976,Carter_1976,-0.2694912814960977,-0.3782240194590476,-0.89712,-0.504,0.119,-0.0178699999999999,0.8438169633730281,0.6754000347482999,0.99881237,0.506,-0.746,0.5074303436680476,0.0178699999999999,0.0,-0.1016923699999999,0,0,0,0,0,0,-0.225218890992037,,,-0.0540993754338073,0.2469375,-0.0089060666666667,47.40479278564453,72.40406799316406,,,,,,,,-0.00961500000000005
406,1976,TN,-0.0552899999999999,0.5657294458053167,0.07689,1.03227312371732,1.02224858889741,-0.0571421489446961,0,8,0.0431,0.057,7.7,1,4346.928,10.0,53.0,53.0,-0.0100687437226786,0.0674392850997113,-0.0920947029670328,9.438908307252136e-05,0.5965549198386229,0.5965549198386229,0.5965549198386229,0.5965549198386229,0.0696,0.05954,0.03702,0.0173499999999999,1,Ford_1976,Carter_1976,-0.2694912814960977,-0.3782240194590476,-0.89712,-0.504,0.119,0.0552899999999999,0.8438169633730281,0.6754000347482999,0.99881237,0.506,-0.746,0.4342705541946833,-0.0552899999999999,10.0,-0.1016923699999999,0,0,0,0,0,1,-1.0656668198057,,,0.0254439758300781,0.3129666666666666,-0.0422041778411702,37.49267578125,63.824615478515625,,,,,,,,0.073245
407,1976,TX,-0.0055499999999999,0.5159850322837711,0.0478799999999999,1.03227312371732,1.02224858889741,-0.0571421489446961,0,8,0.0431,0.057,7.7,1,12904.089,26.0,53.0,53.0,-0.1405766392425188,-0.1798564992926687,-0.3409624643857966,2.394013861151123e-06,0.7270628153584631,0.7270628153584631,0.7270628153584631,0.7270628153584631,-0.0118699999999999,-0.01977,-0.00927,0.06765,1,Ford_1976,Carter_1976,-0.2694912814960977,-0.3782240194590476,-0.89712,-0.504,0.119,0.0055499999999999,0.8438169633730281,0.6754000347482999,0.99881237,0.506,-0.746,0.4840149677162288,-0.0055499999999999,26.0,-0.1016923699999999,0,0,0,0,0,1,-0.869427575786678,,,0.1069122661414337,0.6199365384615385,0.0283774352912124,27.340686798095703,60.88268661499024,,,,,,,,0.018005
408,1976,UT,0.16024,0.3501994161740555,0.10147,1.03227312371732,1.02224858889741,-0.0571421489446961,0,8,0.0431,0.057,7.7,1,1274.928,4.0,53.0,53.0,0.0007819804645435,-0.0320034157124231,0.0501895943056417,0.0003118781797067,0.5857041956514006,0.5857041956514006,0.5857041956514006,0.5857041956514006,0.0997099999999999,0.0659699999999999,0.04903,0.0355,1,Ford_1976,Carter_1976,-0.2694912814960977,-0.3782240194590476,-0.89712,-0.504,0.119,-0.16024,0.8438169633730281,0.6754000347482999,0.99881237,0.506,-0.746,0.6498005838259444,0.16024,0.0,-0.1016923699999999,0,0,0,0,0,0,-0.181029271039199,,,0.087060974431839,0.0638125,-0.0058773112244898,29.81441116333008,59.75527191162109,,,,,,,,0.10058999999999996
409,1976,VT,0.06789,0.4425514254978731,0.01428,1.03227312371732,1.02224858889741,-0.0571421489446961,0,8,0.0431,0.057,7.7,1,484.928,3.0,53.0,53.0,0.167804103483364,0.1791598216576625,0.2445761829889158,0.1067805857342972,0.4186820726325801,0.4186820726325801,0.4186820726325801,0.4186820726325801,0.0438399999999999,-0.04847,0.08733,0.06275,1,Ford_1976,Carter_1976,-0.2694912814960977,-0.3782240194590476,-0.89712,-0.504,0.119,-0.06789,0.8438169633730281,0.6754000347482999,0.99881237,0.506,-0.746,0.5574485745021269,0.06789,0.0,-0.1016923699999999,0,0,0,0,0,0,0.452794799785071,,,-0.2355215056394958,-0.5645666666666667,,70.0123062133789,59.75053024291992,,,,,,,,0.02905999999999995
410,1976,VA,0.0172999999999999,0.4931358114453634,0.07467,1.03227312371732,1.02224858889741,-0.0571421489446961,0,8,0.0431,0.057,7.7,1,5121.863,12.0,53.0,53.0,0.0026655941821547,0.0133480614915091,0.0243554996930585,-6.454114658605015e-06,0.5838205819337895,0.5838205819337895,0.5838205819337895,0.5838205819337895,0.06756,0.0777099999999999,0.0283399999999999,-0.0030399999999999,1,Ford_1976,Carter_1976,-0.2694912814960977,-0.3782240194590476,-0.89712,-0.504,0.119,-0.0172999999999999,0.8438169633730281,0.6754000347482999,0.99881237,0.506,-0.746,0.5068641885546366,0.0172999999999999,0.0,-0.1016923699999999,0,0,0,0,0,1,-0.991061059018476,,,0.1634347625277328,0.4510208333333333,0.1205177630192095,20.29726219177246,43.63346862792969,,,,,,,,0.071115
411,1976,WA,0.03064,0.4797970643220483,-0.02222,1.03227312371732,1.02224858889741,-0.0571421489446961,0,8,0.0431,0.057,7.7,1,3693.61,9.0,53.0,53.0,-0.0025225781370302,-0.1327717442067763,-0.0568205475913782,-0.000145115436376,0.5890087542529745,0.5890087542529745,0.5890087542529745,0.5890087542529745,-0.01549,-0.00917,0.0130299999999999,-0.01305,1,Ford_1976,Carter_1976,-0.2694912814960977,-0.3782240194590476,-0.89712,-0.504,0.119,-0.03064,0.8438169633730281,0.6754000347482999,0.99881237,0.506,-0.746,0.5202029356779516,0.03064,0.0,-0.1016923699999999,0,0,0,0,0,0,0.911748164656271,,,-0.143997772848587,0.0815555555555555,-0.1489357112934717,58.60728073120117,56.24370956420898,,,,,,,,-0.018855
412,1976,WV,-0.0702599999999999,0.580696813796668,0.0182499999999999,1.03227312371732,1.02224858889741,-0.0571421489446961,0,8,0.0431,0.057,7.7,1,1879.503,6.0,53.0,53.0,-0.1117892295223192,-0.1329748388044069,-0.1090363861669025,-0.1096658167758127,0.6982754056382635,0.6982754056382635,0.6982754056382635,0.6982754056382635,-0.05287,-0.06476,-0.0264999999999999,0.08301,1,Ford_1976,Carter_1976,-0.2694912814960977,-0.3782240194590476,-0.89712,-0.504,0.119,0.0702599999999999,0.8438169633730281,0.6754000347482999,0.99881237,0.506,-0.746,0.4193031862033319,-0.0702599999999999,6.0,-0.1016923699999999,0,0,0,0,0,0,0.0371039681461244,,,-0.0999710026306915,0.384297619047619,-0.1574472749999999,53.1209831237793,53.4871826171875,,,,,,,,-0.017310000000000048
413,1976,WI,0.00182,0.5086164366749967,-0.06805,1.03227312371732,1.02224858889741,-0.0571421489446961,0,8,0.0431,0.057,7.7,1,4595.904,11.0,53.0,53.0,-0.0106024370588779,-0.0401868714319326,-0.0187877322276472,0.0006342629502304,0.5970886131748222,0.5970886131748222,0.5970886131748222,0.5970886131748222,0.0155699999999999,-0.00734,0.0194799999999999,-0.0607099999999999,1,Ford_1976,Carter_1976,-0.2694912814960977,-0.3782240194590476,-0.89712,-0.504,0.119,-0.00182,0.8438169633730281,0.6754000347482999,0.99881237,0.506,-0.746,0.4913835633250033,0.00182,11.0,-0.1016923699999999,0,0,0,0,0,0,0.675368803963408,,,-0.1147534300194549,-0.0747435897435897,-0.1129600267987821,54.96306228637695,71.20555114746094,,,,,,,,-0.026240000000000048
414,1976,WY,0.1087799999999999,0.4016559539482175,0.0758599999999999,1.03227312371732,1.02224858889741,-0.0571421489446961,0,8,0.0431,0.057,7.7,1,396.952,3.0,53.0,53.0,0.0394731850104003,0.0118019634710573,0.0418296922509748,0.0003939320405509,0.5470129911055439,0.5470129911055439,0.5470129911055439,0.5470129911055439,0.10685,0.04903,0.0509799999999999,0.0268299999999999,1,Ford_1976,Carter_1976,-0.2694912814960977,-0.3782240194590476,-0.89712,-0.504,0.119,-0.1087799999999999,0.8438169633730281,0.6754000347482999,0.99881237,0.506,-0.746,0.5983440460517824,0.1087799999999999,0.0,-0.1016923699999999,0,0,0,0,0,0,-0.454143805945885,,,0.0421010766866302,0.1179166666666666,,35.416988372802734,54.70791244506836,,,,,,,,0.09135499999999995
415,1976,USA,0.0,0.5104364480633062,0.0,1.03227312371732,1.02224858889741,-0.0571421489446961,0,8,0.0431,0.057,7.7,1,,,53.0,53.0,,,,,0.5864861761159442,0.5864861761159442,0.5864861761159442,0.5864861761159442,0.0,0.0,0.0,0.0,1,Ford_1976,Carter_1976,-0.2694912814960977,-0.3782240194590476,-0.89712,-0.504,0.119,-0.0,0.8438169633730281,0.6754000347482999,0.99881237,0.506,-0.746,0.4895635519366937,0.0,,-0.1016923699999999,0,0,0,0,0,0,,,,,,,,,,,,,,,,0.0
416,1980,AL,-0.0461,0.4932366169296053,-0.05623,1.01965999605379,1.01472111431076,-0.0240687708705946,1,4,-0.0004,0.135,7.1,1,3900.368,9.0,31.0,31.0,-0.1458917691021639,-0.1084588264972985,-0.1030238004098773,-0.0575977632039008,0.6903351446430254,0.6903351446430254,0.6903351446430254,0.6903351446430254,0.1214799999999999,-0.07634,0.30861,0.02011,0,Carter_1980,Reagan_1980,-0.5080573339680532,-1.0266080528174153,-0.3321809,-0.504,0.119,0.0461,1.6390371382795466,1.4048320722764636,1.57422887,0.692,-0.713,0.5067633830703946,-0.0461,0.0,-1.24204797,0,0,0,0,1,0,-1.74373460345144,,,0.0918208523772049,0.5685194444444444,0.0189054452775842,29.221269607543945,56.63983917236328,-0.599,1.055,0.2593416526539662,0.3889444444444444,0.2593416526539662,0.3086294820717131,0.3086294820717131,0.032624999999999946
417,1980,AK,0.1201299999999999,0.3270081435515888,0.12936,1.01965999605379,1.01472111431076,-0.0240687708705946,1,4,-0.0004,0.135,7.1,1,405.315,3.0,31.0,31.0,0.0994289788702427,0.2808188863890898,0.1248562931914543,-0.0336264965918937,0.4450143966706187,0.4450143966706187,0.4450143966706187,0.4450143966706187,0.0088699999999999,0.0109299999999999,-0.04447,0.11843,0,Carter_1980,Reagan_1980,-0.5080573339680532,-1.0266080528174153,-0.3321809,-0.504,0.119,-0.1201299999999999,1.6390371382795466,1.4048320722764636,1.57422887,0.692,-0.713,0.6729918564484112,0.1201299999999999,0.0,-1.24204797,0,0,0,0,0,0,0.523059100746324,,,-0.012494873500595,-0.1333333333333333,,42.220340728759766,45.33450698852539,-0.599,1.055,-0.0277066666666666,0.1755555555555555,-0.0277066666666666,-0.0930599999999999,-0.0930599999999999,0.06911499999999995
418,1980,AZ,0.1292599999999999,0.3178791316766491,0.0965699999999999,1.01965999605379,1.01472111431076,-0.0240687708705946,1,4,-0.0004,0.135,7.1,1,2737.774,6.0,31.0,31.0,0.0129543683477862,0.059839413890096,0.0833383398333036,0.050480172690387,0.5314890071930751,0.5314890071930751,0.5314890071930751,0.5314890071930751,0.0519899999999999,0.10596,0.1195899999999999,-0.00939,0,Carter_1980,Reagan_1980,-0.5080573339680532,-1.0266080528174153,-0.3321809,-0.504,0.119,-0.1292599999999999,1.6390371382795466,1.4048320722764636,1.57422887,0.692,-0.713,0.6821208683233508,0.1292599999999999,0.0,-1.24204797,0,0,0,0,0,0,-0.620029312917185,,,0.121305211818695,0.14925,0.1407270338095237,25.547142028808597,43.04381561279297,-0.599,1.055,0.3922252634884436,0.2143529411764706,0.3922252634884436,0.4894676437122315,0.4894676437122315,0.0742799999999999
419,1980,AR,-0.04966,0.4968029405707653,-0.1397899999999999,1.01965999605379,1.01472111431076,-0.0240687708705946,1,4,-0.0004,0.135,7.1,1,2288.738,6.0,31.0,31.0,0.2106451548432575,-0.2050903554097096,-0.0449455912218633,-0.4711105376396816,0.3337982206976038,0.3337982206976038,0.3337982206976038,0.3337982206976038,0.07361,0.0015,0.0509899999999999,-0.1412899999999999,0,Carter_1980,Reagan_1980,-0.5080573339680532,-1.0266080528174153,-0.3321809,-0.504,0.119,0.04966,1.6390371382795466,1.4048320722764636,1.57422887,0.692,-0.713,0.5031970594292348,-0.04966,0.0,-1.24204797,0,0,0,0,1,0,-1.30862156234962,,,0.0941083495202636,0.5878571428571429,-0.001167102906097,28.93621826171875,66.75050354003906,-0.599,1.055,0.246615,0.155090909090909,0.246615,0.1759379999999999,0.1759379999999999,-0.033089999999999946
420,1980,CA,0.04185,0.4052905696890551,0.01962,1.01965999605379,1.01472111431076,-0.0240687708705946,1,4,-0.0004,0.135,7.1,1,23800.8,45.0,31.0,31.0,0.0266363919747451,0.0080800381921394,0.0034971855815432,0.0006724897342034,0.5178069835661163,0.5178069835661163,0.5178069835661163,0.5178069835661163,-0.04814,0.0125799999999999,0.0229399999999999,0.00704,0,Carter_1980,Reagan_1980,-0.5080573339680532,-1.0266080528174153,-0.3321809,-0.504,0.119,-0.04185,1.6390371382795466,1.4048320722764636,1.57422887,0.692,-0.713,0.5947094303109448,0.04185,0.0,-1.24204797,0,1,0,0,0,0,1.39402126974089,,,-0.0634165383852386,-0.1044382387706855,-0.0636426833335331,48.56583023071289,72.76622772216797,-0.599,1.055,0.0897489402950329,0.0792300884955752,0.0897489402950329,0.0618316271551724,0.0618316271551724,-0.014260000000000002
421,1980,CO,0.0864699999999999,0.3606740394633796,0.06979,1.01965999605379,1.01472111431076,-0.0240687708705946,1,4,-0.0004,0.135,7.1,1,2908.803,7.0,31.0,31.0,0.0655851163419143,0.1122210448216784,0.0549105581811784,0.0575852192459846,0.478858259198947,0.478858259198947,0.478858259198947,0.478858259198947,0.0262499999999999,0.04575,-0.0013699999999999,0.02404,0,Carter_1980,Reagan_1980,-0.5080573339680532,-1.0266080528174153,-0.3321809,-0.504,0.119,-0.0864699999999999,1.6390371382795466,1.4048320722764636,1.57422887,0.692,-0.713,0.6393259605366204,0.0864699999999999,0.0,-1.24204797,0,0,0,0,0,0,0.160430394585252,,,0.0182494774919891,-0.188,0.0459749903623821,38.38920211791992,49.09166717529297,-0.599,1.055,0.1518724458485334,0.5594285714285715,0.1518724458485334,0.2033945578231291,0.2033945578231291,0.04801999999999995
422,1980,CT,0.0027099999999999,0.4444280367728735,0.03654,1.01965999605379,1.01472111431076,-0.0240687708705946,1,4,-0.0004,0.135,7.1,1,3113.174,8.0,31.0,31.0,-0.0386981681605964,0.0593719484303638,0.0016828070515386,0.085293226946488,0.5831415437014579,0.5831415437014579,0.5831415437014579,0.5831415437014579,-0.02443,-0.03157,-0.06418,0.06811,0,Carter_1980,Reagan_1980,-0.5080573339680532,-1.0266080528174153,-0.3321809,-0.504,0.119,-0.0027099999999999,1.6390371382795466,1.4048320722764636,1.57422887,0.692,-0.713,0.5555719632271265,0.0027099999999999,0.0,-1.24204797,0,0,0,0,0,0,0.965490439763383,,,-0.2437512851220703,-0.398875,-0.153880804246848,71.037841796875,66.59959411621094,-0.599,1.055,0.0513629163892059,0.0081249999999999,0.0513629163892059,0.0905981308411214,0.0905981308411214,0.006055000000000001
423,1980,DC,-0.40103,0.8481673005783359,-0.3213399999999999,1.01965999605379,1.01472111431076,-0.0240687708705946,1,4,-0.0004,0.135,7.1,1,638.284,3.0,31.0,31.0,,,,,,,,,-0.40154,-0.32225,-0.2403699999999999,0.00091,0,Carter_1980,Reagan_1980,-0.5080573339680532,-1.0266080528174153,-0.3321809,-0.504,0.119,0.40103,1.6390371382795466,1.4048320722764636,1.57422887,0.692,-0.713,0.1518326994216641,-0.40103,3.0,-1.24204797,0,0,0,0,0,0,,,,,,,,,-0.599,1.055,,,,,,-0.36144
424,1980,DE,-0.04019,0.4873321474982258,-0.01702,1.01965999605379,1.01472111431076,-0.0240687708705946,1,4,-0.0004,0.135,7.1,1,594.919,3.0,31.0,31.0,0.1301209778710775,0.0901082305172404,0.1829035780331045,0.1581448900421264,0.4143223976697838,0.4143223976697838,0.4143223976697838,0.4143223976697838,-0.0145299999999999,0.01617,0.00348,-0.03319,0,Carter_1980,Reagan_1980,-0.5080573339680532,-1.0266080528174153,-0.3321809,-0.504,0.119,0.04019,1.6390371382795466,1.4048320722764636,1.57422887,0.692,-0.713,0.5126678525017742,-0.04019,0.0,-1.24204797,0,0,0,0,0,0,0.687226991919514,,,-0.0735567466322326,-0.3113333333333333,,49.82942962646485,47.63968276977539,-0.599,1.055,-0.2228764888888889,0.2005999999999999,-0.2228764888888889,0.2075,0.2075,-0.01577499999999995
425,1980,FL,0.0376499999999999,0.4094923705280309,-0.01636,1.01965999605379,1.01472111431076,-0.0240687708705946,1,4,-0.0004,0.135,7.1,1,9839.835,17.0,31.0,31.0,-0.0407749465249265,0.0251130076329496,0.1355620633700308,-0.0046827184722944,0.5852183220657879,0.5852183220657879,0.5852183220657879,0.5852183220657879,0.10336,0.0630999999999999,0.1031199999999999,-0.07946,0,Carter_1980,Reagan_1980,-0.5080573339680532,-1.0266080528174153,-0.3321809,-0.504,0.119,-0.0376499999999999,1.6390371382795466,1.4048320722764636,1.57422887,0.692,-0.713,0.5905076294719691,0.0376499999999999,0.0,-1.24204797,0,0,0,0,1,0,-1.1139734336501,,,0.0705773541112518,0.3449411764705882,0.0049185104598042,31.868480682373047,60.75380706787109,-0.599,1.055,0.2551067963011306,0.2387142857142857,0.2551067963011306,0.2027453416149068,0.2027453416149068,0.0435
426,1980,GA,-0.1294199999999999,0.5765631584159762,-0.1589399999999999,1.01965999605379,1.01472111431076,-0.0240687708705946,1,4,-0.0004,0.135,7.1,1,5486.174,12.0,31.0,31.0,-0.2579375485200312,-0.1720360725309688,-0.1269079140467434,-0.1874260050861484,0.8023809240608927,0.8023809240608927,0.8023809240608927,0.8023809240608927,0.13491,0.0278999999999999,0.1558799999999999,-0.1868399999999999,0,Carter_1980,Reagan_1980,-0.5080573339680532,-1.0266080528174153,-0.3321809,-0.504,0.119,0.1294199999999999,1.6390371382795466,1.4048320722764636,1.57422887,0.692,-0.713,0.4234368415840238,-0.1294199999999999,12.0,-1.24204797,1,0,0,0,1,0,-1.17876591386856,,,0.1222928447446823,0.6312051282051282,0.0838189528580675,25.424070358276367,50.75910186767578,-0.599,1.055,0.6800393333333333,0.4893214285714286,0.6800393333333333,0.3345395894428153,0.3345395894428153,-0.012014999999999942
427,1980,HI,-0.0636999999999999,0.510840592350869,-0.00239,1.01965999605379,1.01472111431076,-0.0240687708705946,1,4,-0.0004,0.135,7.1,1,967.71,4.0,31.0,31.0,-0.290254205851042,-0.1325804504187345,-0.0243523256591216,0.0346190045249436,0.8346975813919034,0.8346975813919034,0.8346975813919034,0.8346975813919034,0.00694,-0.11125,-0.173,0.10886,0,Carter_1980,Reagan_1980,-0.5080573339680532,-1.0266080528174153,-0.3321809,-0.504,0.119,0.0636999999999999,1.6390371382795466,1.4048320722764636,1.57422887,0.692,-0.713,0.489159407649131,-0.0636999999999999,4.0,-1.24204797,0,0,0,0,0,0,1.33389957268975,,,-0.157335876050415,-0.00075,-0.2818143333333334,60.269378662109375,67.2283706665039,-0.599,1.055,-0.1804508317460317,-0.2264,-0.1804508317460317,-0.4862348484848484,-0.4862348484848484,0.002275
428,1980,ID,0.1722699999999999,0.2748677321266878,0.12777,1.01965999605379,1.01472111431076,-0.0240687708705946,1,4,-0.0004,0.135,7.1,1,947.983,4.0,31.0,31.0,0.1307769460655684,0.097287325722199,0.1565642492985651,0.1632976138786551,0.413666429475293,0.413666429475293,0.413666429475293,0.413666429475293,0.0937,0.14536,0.1054399999999999,-0.0175899999999999,0,Carter_1980,Reagan_1980,-0.5080573339680532,-1.0266080528174153,-0.3321809,-0.504,0.119,-0.1722699999999999,1.6390371382795466,1.4048320722764636,1.57422887,0.692,-0.713,0.7251322678733122,0.1722699999999999,0.0,-1.24204797,0,0,0,0,0,0,-0.285870518987585,,,0.0717809729065704,0.2238125,0.2694990606060605,31.718494415283203,47.19459533691406,-0.599,1.055,0.1726440789473683,0.4624545454545455,0.1726440789473683,-0.1527538461538461,-0.1527538461538461,0.110735
429,1980,IL,-0.00946,0.4566033761788903,0.0204699999999999,1.01965999605379,1.01472111431076,-0.0240687708705946,1,4,-0.0004,0.135,7.1,1,11434.702,26.0,31.0,31.0,0.0628298072571848,0.0554653116815859,0.0187164765372453,0.0374240952656619,0.4816135682836766,0.4816135682836766,0.4816135682836766,0.4816135682836766,-0.02483,0.01195,0.0198899999999999,0.0085199999999999,0,Carter_1980,Reagan_1980,-0.5080573339680532,-1.0266080528174153,-0.3321809,-0.504,0.119,0.00946,1.6390371382795466,1.4048320722764636,1.57422887,0.692,-0.713,0.5433966238211096,-0.00946,0.0,-1.24204797,0,0,0,0,0,0,0.334014766870552,,,-0.0404016682341003,-0.1666584757834757,-0.0571995242145051,45.69788360595703,46.79747009277344,-0.599,1.055,0.0360368487450209,0.0812575757575757,0.0360368487450209,0.0196578647815002,0.0196578647815002,-0.00218000000000005
430,1980,IN,0.0451099999999999,0.4020267132985023,0.04893,1.01965999605379,1.01472111431076,-0.0240687708705946,1,4,-0.0004,0.135,7.1,1,5490.721,13.0,31.0,31.0,0.0195116674848204,0.0149602034295109,0.0324793810018941,0.0668401171237352,0.524931708056041,0.524931708056041,0.524931708056041,0.524931708056041,0.0469299999999999,0.06562,0.05223,-0.0166899999999999,0,Carter_1980,Reagan_1980,-0.5080573339680532,-1.0266080528174153,-0.3321809,-0.504,0.119,-0.0451099999999999,1.6390371382795466,1.4048320722764636,1.57422887,0.692,-0.713,0.5979732867014977,0.0451099999999999,0.0,-1.24204797,0,0,0,0,0,0,-0.174122823965206,,,0.0193941980075836,-0.09275,0.0387930641331863,38.24655532836914,37.42243576049805,-0.599,1.055,0.0815165205802788,0.4457142857142857,0.0815165205802788,0.1113967538322813,0.1113967538322813,0.04792999999999995
431,1980,IA,0.01777,0.4293684972879164,0.0156,1.01965999605379,1.01472111431076,-0.0240687708705946,1,4,-0.0004,0.135,7.1,1,2914.018,8.0,31.0,31.0,0.0462238558444138,-0.0031195529272011,0.0448951288628702,0.0125602042268999,0.4982195196964475,0.4982195196964475,0.4982195196964475,0.4982195196964475,-0.03053,0.0609199999999999,-0.00546,-0.0453199999999999,0,Carter_1980,Reagan_1980,-0.5080573339680532,-1.0266080528174153,-0.3321809,-0.504,0.119,-0.01777,1.6390371382795466,1.4048320722764636,1.57422887,0.692,-0.713,0.5706315027120836,0.01777,0.0,-1.24204797,0,0,0,0,0,0,0.27837099219256,,,-0.0587932071013641,-0.23246875,-0.0137842991798674,47.98970413208008,37.90543365478516,-0.599,1.055,0.0863367659367117,0.1818181818181818,0.0863367659367117,0.0491228615863141,0.0491228615863141,-0.007465000000000001
432,1980,KS,0.0818899999999999,0.3652451056147966,0.0492,1.01965999605379,1.01472111431076,-0.0240687708705946,1,4,-0.0004,0.135,7.1,1,2369.039,7.0,31.0,31.0,0.1985326023222571,0.1807879621147545,0.1487416768450699,0.2035765062327048,0.3459107732186042,0.3459107732186042,0.3459107732186042,0.3459107732186042,0.07849,0.10831,0.06908,-0.0591099999999999,0,Carter_1980,Reagan_1980,-0.5080573339680532,-1.0266080528174153,-0.3321809,-0.504,0.119,-0.0818899999999999,1.6390371382795466,1.4048320722764636,1.57422887,0.692,-0.713,0.6347548943852034,0.0818899999999999,0.0,-1.24204797,0,0,0,0,0,0,-0.22658607492045,,,0.0910425930396652,-0.1372857142857143,0.1225611556532356,29.31825065612793,47.677093505859375,-0.599,1.055,0.110111039765406,0.171578947368421,0.110111039765406,0.1967467648504107,0.1967467648504107,0.063845
433,1980,KY,-0.04533,0.4924673901146529,-0.0261,1.01965999605379,1.01472111431076,-0.0240687708705946,1,4,-0.0004,0.135,7.1,1,3664.221,9.0,31.0,31.0,-0.0161346508200536,-0.0473834463997643,-0.0541469620273924,0.0258770694051863,0.560578026360915,0.560578026360915,0.560578026360915,0.560578026360915,0.0278599999999999,0.0336599999999999,-0.02766,-0.0597599999999999,0,Carter_1980,Reagan_1980,-0.5080573339680532,-1.0266080528174153,-0.3321809,-0.504,0.119,0.04533,1.6390371382795466,1.4048320722764636,1.57422887,0.692,-0.713,0.5075326098853471,-0.04533,0.0,-1.24204797,0,0,0,0,0,0,-0.363694869427197,,,0.0123479861907959,0.32775,-0.0228303044176706,39.124603271484375,61.92152786254883,-0.599,1.055,0.049243705170517,0.2046842105263157,0.049243705170517,-0.0595993740219092,-0.0595993740219092,0.0008799999999999485
434,1980,LA,-0.0247499999999999,0.4718911401140074,-0.0191599999999999,1.01965999605379,1.01472111431076,-0.0240687708705946,1,4,-0.0004,0.135,7.1,1,4223.101,10.0,31.0,31.0,0.0434235675855955,-0.0604387002566917,-0.2498527718812747,-0.3399928100837487,0.5010198079552659,0.5010198079552659,0.5010198079552659,0.5010198079552659,0.0794699999999999,-0.04997,0.1827599999999999,0.03081,0,Carter_1980,Reagan_1980,-0.5080573339680532,-1.0266080528174153,-0.3321809,-0.504,0.119,0.0247499999999999,1.6390371382795466,1.4048320722764636,1.57422887,0.692,-0.713,0.5281088598859927,-0.0247499999999999,0.0,-1.24204797,0,0,0,0,1,0,-1.11876737253117,,,0.1269380026779556,0.6166295454545454,0.0002105767857143,24.845224380493164,46.13933563232422,-0.599,1.055,0.1638641666666667,0.3702380952380951,0.1638641666666667,0.3429785458879619,0.3429785458879619,0.030155
435,1980,ME,-0.03377,0.4809051656597664,0.0147499999999999,1.01965999605379,1.01472111431076,-0.0240687708705946,1,4,-0.0004,0.135,7.1,1,1126.86,4.0,31.0,31.0,0.141208669206109,0.2462721826804269,0.1875872857173935,0.0003430884128423,0.4032347063347524,0.4032347063347524,0.4032347063347524,0.4032347063347524,-0.0029,-0.06622,-0.07381,0.0809699999999999,0,Carter_1980,Reagan_1980,-0.5080573339680532,-1.0266080528174153,-0.3321809,-0.504,0.119,0.03377,1.6390371382795466,1.4048320722764636,1.57422887,0.692,-0.713,0.5190948343402336,-0.03377,0.0,-1.24204797,0,0,0,0,0,0,0.65056913451435,,,-0.0461763935392761,-0.2620625,-0.0308373395061727,46.41748809814453,60.108184814453125,-0.599,1.055,0.3106810659526297,0.0539999999999999,0.3106810659526297,-0.0069999999999999,-0.0069999999999999,0.00592499999999995
436,1980,MD,-0.06905,0.516191380662185,-0.0199099999999999,1.01965999605379,1.01472111431076,-0.0240687708705946,1,4,-0.0004,0.135,7.1,1,4227.643,10.0,31.0,31.0,-0.1144148928193748,-0.0542452260002355,-0.0162087439665645,0.0086183289384932,0.6588582683602363,0.6588582683602363,0.6588582683602363,0.6588582683602363,0.0033099999999999,-0.0136799999999999,-0.0400899999999999,-0.00623,0,Carter_1980,Reagan_1980,-0.5080573339680532,-1.0266080528174153,-0.3321809,-0.504,0.119,0.06905,1.6390371382795466,1.4048320722764636,1.57422887,0.692,-0.713,0.483808619337815,-0.06905,10.0,-1.24204797,0,0,0,0,0,0,0.736491101374597,,,-0.1497562735756683,-0.26725,-0.0923105629111842,59.32486343383789,66.18281555175781,-0.599,1.055,0.0545030196415245,0.1205142857142857,0.0545030196415245,-0.0573056993685154,-0.0573056993685154,-0.0083
437,1980,MA,-0.0519499999999999,0.4990932698314367,-0.07071,1.01965999605379,1.01472111431076,-0.0240687708705946,1,4,-0.0004,0.135,7.1,1,5746.075,14.0,31.0,31.0,-0.1814503438167924,-0.1053098455232157,-0.1578357705287034,-0.0779973903220471,0.7258937193576539,0.7258937193576539,0.7258937193576539,0.7258937193576539,-0.1629399999999999,-0.1611199999999999,-0.15008,0.0904099999999999,0,Carter_1980,Reagan_1980,-0.5080573339680532,-1.0266080528174153,-0.3321809,-0.504,0.119,0.0519499999999999,1.6390371382795466,1.4048320722764636,1.57422887,0.692,-0.713,0.5009067301685632,-0.0519499999999999,0.0,-1.24204797,0,0,0,0,0,0,1.51190670649183,,,-0.2954258316551208,-0.4069464285714286,-0.2334778786798725,77.4771499633789,69.38296508789062,-0.599,1.055,-0.2780788981288982,-0.1880645161290322,-0.2780788981288982,-0.4403291479820628,-0.4403291479820628,-0.11682499999999994
438,1980,MI,-0.0174,0.4645358910320158,0.03788,1.01965999605379,1.01472111431076,-0.0240687708705946,1,4,-0.0004,0.135,7.1,1,9255.553,21.0,31.0,31.0,-0.0277706024328034,0.0127212145067135,-0.0032020204936059,0.0547966393016892,0.5722139779736649,0.5722139779736649,0.5722139779736649,0.5722139779736649,-0.04444,-0.04158,-0.05376,0.07946,0,Carter_1980,Reagan_1980,-0.5080573339680532,-1.0266080528174153,-0.3321809,-0.504,0.119,0.0174,1.6390371382795466,1.4048320722764636,1.57422887,0.692,-0.713,0.5354641089679841,-0.0174,0.0,-1.24204797,0,0,0,0,0,0,0.894905427170581,,,-0.1565561167047119,-0.2002020986260116,-0.1573943605768621,60.172210693359375,55.55677795410156,-0.599,1.055,0.0989268910830325,0.1566041666666666,0.0989268910830325,-0.0093798049340218,-0.0093798049340218,-0.0032800000000000017
439,1980,MN,-0.075,0.5221441216144116,-0.05598,1.01965999605379,1.01472111431076,-0.0240687708705946,1,4,-0.0004,0.135,7.1,1,4085.017,10.0,31.0,31.0,0.0209664266071466,-0.0169058632838601,-0.0025772806624219,-0.0122536807016688,0.5234769489337148,0.5234769489337148,0.5234769489337148,0.5234769489337148,-0.08965,-0.06971,-0.02451,0.0137299999999999,0,Carter_1980,Reagan_1980,-0.5080573339680532,-1.0266080528174153,-0.3321809,-0.504,0.119,0.075,1.6390371382795466,1.4048320722764636,1.57422887,0.692,-0.713,0.4778558783855884,-0.075,10.0,-1.24204797,0,0,1,0,0,0,0.900052845970564,,,-0.1113795749233245,-0.2667583333333334,-0.0775694472753026,54.54263687133789,51.62322235107422,-0.599,1.055,0.043668993538223,0.1120357142857143,0.043668993538223,0.1912409152086137,0.1912409152086137,-0.07281499999999999
440,1980,MS,-0.04608,0.4932166779645438,0.00077,1.01965999605379,1.01472111431076,-0.0240687708705946,1,4,-0.0004,0.135,7.1,1,2525.342,7.0,31.0,31.0,0.0287781465275945,-0.0231285847091964,0.0427410956960472,-0.1500591993261985,0.5156652290132668,0.5156652290132668,0.5156652290132668,0.5156652290132668,0.18152,-0.1339499999999999,0.48601,0.13472,0,Carter_1980,Reagan_1980,-0.5080573339680532,-1.0266080528174153,-0.3321809,-0.504,0.119,0.04608,1.6390371382795466,1.4048320722764636,1.57422887,0.692,-0.713,0.5067833220354562,-0.04608,0.0,-1.24204797,0,0,0,0,1,0,-1.81442751028081,,,0.1929814641452407,0.6756071428571429,0.1027713182795699,16.615365982055664,53.99899291992188,-0.599,1.055,0.3042829033096353,0.4730714285714285,0.3042829033096353,0.443504016064257,0.443504016064257,0.09114499999999999
441,1980,MO,-0.01721,0.4643458565855658,-0.0079799999999999,1.01965999605379,1.01472111431076,-0.0240687708705946,1,4,-0.0004,0.135,7.1,1,4921.966,12.0,31.0,31.0,-0.0823211470580617,-0.000130736498653,-0.085189096888373,-0.0684033882649585,0.6267645225989231,0.6267645225989231,0.6267645225989231,0.6267645225989231,0.0050899999999999,0.0023299999999999,-0.0258899999999999,-0.0103099999999999,0,Carter_1980,Reagan_1980,-0.5080573339680532,-1.0266080528174153,-0.3321809,-0.504,0.119,0.01721,1.6390371382795466,1.4048320722764636,1.57422887,0.692,-0.713,0.5356541434144342,-0.01721,0.0,-1.24204797,0,0,0,0,0,0,-0.475544963238624,,,-0.0136146142884063,0.243875,-0.0315209548640068,42.3598747253418,66.18600463867188,-0.599,1.055,0.1711299999999999,0.1889333333333333,0.1711299999999999,0.0316158536585365,0.0316158536585365,-0.001445
442,1980,MT,0.0837899999999999,0.3633475554570473,0.0482799999999999,1.01965999605379,1.01472111431076,-0.0240687708705946,1,4,-0.0004,0.135,7.1,1,788.752,4.0,31.0,31.0,0.0380256310154427,0.0084609822966152,0.0002719527954906,-0.0762217132942955,0.5064177445254187,0.5064177445254187,0.5064177445254187,0.5064177445254187,-0.01301,0.0448,0.0222599999999999,0.0034799999999999,0,Carter_1980,Reagan_1980,-0.5080573339680532,-1.0266080528174153,-0.3321809,-0.504,0.119,-0.0837899999999999,1.6390371382795466,1.4048320722764636,1.57422887,0.692,-0.713,0.6366524445429527,0.0837899999999999,0.0,-1.24204797,0,0,0,0,0,0,0.384827964273715,,,-0.0858078949389648,0.2182625,0.0055109249762583,51.3560791015625,56.979122161865234,-0.599,1.055,-0.3703241099999999,0.4045384615384615,-0.3703241099999999,0.16662,0.16662,0.01763499999999995
443,1980,NE,0.16279,0.2843463056504223,0.11662,1.01965999605379,1.01472111431076,-0.0240687708705946,1,4,-0.0004,0.135,7.1,1,1572.296,5.0,31.0,31.0,0.1728977431227636,0.2171443771812991,0.1139454452391244,0.1882741313446858,0.3715456324180977,0.3715456324180977,0.3715456324180977,0.3715456324180977,0.0871699999999999,0.1487799999999999,0.0885399999999999,-0.0321599999999999,0,Carter_1980,Reagan_1980,-0.5080573339680532,-1.0266080528174153,-0.3321809,-0.504,0.119,-0.16279,1.6390371382795466,1.4048320722764636,1.57422887,0.692,-0.713,0.7156536943495777,0.16279,0.0,-1.24204797,0,0,0,0,0,0,-0.15810119207812,,,0.0836554967146301,0.0842499999999999,0.1007399033816425,30.23877716064453,44.26307678222656,-0.599,1.055,0.4586056545454545,0.1740833333333333,0.4586056545454545,0.5214444444444445,0.5214444444444445,0.10189499999999996
444,1980,NV,0.1464099999999999,0.3007267133699923,0.0331299999999999,1.01965999605379,1.01472111431076,-0.0240687708705946,1,4,-0.0004,0.135,7.1,1,810.215,3.0,31.0,31.0,-0.2044799761416488,-0.2937582376263182,-0.0184012288709137,0.0433084627004957,0.7489233516825102,0.7489233516825102,0.7489233516825102,0.7489233516825102,0.0189599999999999,0.0429899999999999,0.0287899999999999,-0.0098599999999999,0,Carter_1980,Reagan_1980,-0.5080573339680532,-1.0266080528174153,-0.3321809,-0.504,0.119,-0.1464099999999999,1.6390371382795466,1.4048320722764636,1.57422887,0.692,-0.713,0.6992732866300078,0.1464099999999999,0.0,-1.24204797,0,0,0,0,0,0,-0.467922675800257,,,0.1539344761307144,0.176125,,21.48111915588379,41.05885314941406,-0.599,1.055,0.7446072356274703,0.3358,0.7446072356274703,0.517876288659794,0.517876288659794,0.0260449999999999
445,1980,NH,0.1178199999999999,0.3293230762715197,0.06785,1.01965999605379,1.01472111431076,-0.0240687708705946,1,4,-0.0004,0.135,7.1,1,924.25,4.0,31.0,31.0,0.0667618559381901,0.032676793084859,0.1453078298457645,0.23159905817654,0.4776815196026712,0.4776815196026712,0.4776815196026712,0.4776815196026712,0.02949,0.03852,-0.02429,0.02933,0,Carter_1980,Reagan_1980,-0.5080573339680532,-1.0266080528174153,-0.3321809,-0.504,0.119,-0.1178199999999999,1.6390371382795466,1.4048320722764636,1.57422887,0.692,-0.713,0.6706769237284803,0.1178199999999999,0.0,-1.24204797,0,0,0,0,0,0,0.217241245080989,,,0.0238517324707794,-0.1102875,0.0470180348008385,37.69108963012695,52.78373718261719,-0.599,1.055,0.1041259653913043,0.5300555555555556,0.1041259653913043,0.1067833333333333,0.1067833333333333,0.04867
446,1980,NJ,0.0212299999999999,0.4259085548536872,0.02145,1.01965999605379,1.01472111431076,-0.0240687708705946,1,4,-0.0004,0.135,7.1,1,7376.33,17.0,31.0,31.0,-0.0102897405933485,0.0126305670448491,-0.0460037004874284,0.0333874889284683,0.55473311613421,0.55473311613421,0.55473311613421,0.55473311613421,0.00823,0.0077699999999999,-0.0449899999999999,0.01368,0,Carter_1980,Reagan_1980,-0.5080573339680532,-1.0266080528174153,-0.3321809,-0.504,0.119,-0.0212299999999999,1.6390371382795466,1.4048320722764636,1.57422887,0.692,-0.713,0.5740914451463128,0.0212299999999999,0.0,-1.24204797,0,0,0,0,0,0,1.88664439884077,,,-0.1996580247463989,-0.3149117647058823,-0.1226783120907684,65.54325866699219,66.11522674560547,-0.599,1.055,-0.0192993210038484,-0.1367441860465116,-0.0192993210038484,-0.0419442836468885,-0.0419442836468885,0.014839999999999999
447,1980,NM,0.0462199999999999,0.4009173325688895,0.02289,1.01965999605379,1.01472111431076,-0.0240687708705946,1,4,-0.0004,0.135,7.1,1,1309.4,4.0,31.0,31.0,-0.0405973560104518,0.1074912992032418,0.0659632608408068,-0.0342793216687196,0.5850407315513133,0.5850407315513133,0.5850407315513133,0.5850407315513133,0.00761,0.06201,0.0191999999999999,-0.0391199999999999,0,Carter_1980,Reagan_1980,-0.5080573339680532,-1.0266080528174153,-0.3321809,-0.504,0.119,-0.0462199999999999,1.6390371382795466,1.4048320722764636,1.57422887,0.692,-0.713,0.5990826674311105,0.0462199999999999,0.0,-1.24204797,0,0,0,0,0,0,0.104440147312617,,,0.2031636802739143,0.068875,0.1189378122087604,15.346531867980955,45.069705963134766,-0.599,1.055,0.3462749999999998,0.4682499999999999,0.3462749999999998,0.2900299999999999,0.2900299999999999,0.01525
448,1980,NY,-0.03815,0.4852852164889812,-0.0118099999999999,1.01965999605379,1.01472111431076,-0.0240687708705946,1,4,-0.0004,0.135,7.1,1,17566.754,41.0,31.0,31.0,-0.0061875152922067,-0.0148348179455707,0.00678450443373,0.0183605669348473,0.5506308908330682,0.5506308908330682,0.5506308908330682,0.5506308908330682,-0.03094,-0.0330699999999999,-0.0718999999999999,0.02126,0,Carter_1980,Reagan_1980,-0.5080573339680532,-1.0266080528174153,-0.3321809,-0.504,0.119,0.03815,1.6390371382795466,1.4048320722764636,1.57422887,0.692,-0.713,0.5147147835110187,-0.03815,0.0,-1.24204797,0,0,0,0,0,0,1.57048343661543,,,-0.1666753860622405,-0.2909689551089863,-0.1503683788783043,61.43320083618164,62.28872299194336,-0.599,1.055,-0.0446870605168462,-0.1528021978021977,-0.0446870605168462,-0.1878906103342488,-0.1878906103342488,-0.02137499999999995
449,1980,NC,-0.04186,0.4890031737025543,-0.0450899999999999,1.01965999605379,1.01472111431076,-0.0240687708705946,1,4,-0.0004,0.135,7.1,1,5898.98,13.0,31.0,31.0,-0.0548500919941691,-0.0770181545569377,-0.0607735140110655,-0.0128687317046609,0.5992934675350305,0.5992934675350305,0.5992934675350305,0.5992934675350305,0.08843,0.07066,0.0531,-0.1157499999999999,0,Carter_1980,Reagan_1980,-0.5080573339680532,-1.0266080528174153,-0.3321809,-0.504,0.119,0.04186,1.6390371382795466,1.4048320722764636,1.57422887,0.692,-0.713,0.5109968262974457,-0.04186,0.0,-1.24204797,0,0,0,0,1,0,-1.06924726600865,,,0.128909365447464,0.5174038461538462,0.0250205174359079,24.59956741333008,60.0704231262207,-0.599,1.055,0.2672567930660888,0.3093846153846154,0.2672567930660888,0.3249048414023372,0.3249048414023372,0.021670000000000047
450,1980,ND,0.1569499999999999,0.2901929024787089,0.04047,1.01965999605379,1.01472111431076,-0.0240687708705946,1,4,-0.0004,0.135,7.1,1,654.38,3.0,31.0,31.0,0.2291574599434424,0.2053302357363276,0.1435708360043424,0.2571923179195646,0.315285915597419,0.315285915597419,0.315285915597419,0.315285915597419,0.01644,0.08997,0.03403,-0.0494999999999999,0,Carter_1980,Reagan_1980,-0.5080573339680532,-1.0266080528174153,-0.3321809,-0.504,0.119,-0.1569499999999999,1.6390371382795466,1.4048320722764636,1.57422887,0.692,-0.713,0.7098070975212911,0.1569499999999999,0.0,-1.24204797,0,0,0,0,0,0,-0.869252701200461,,,-0.0556211184094238,0.1943333333333333,,47.59442138671875,55.87273406982422,-0.599,1.055,0.1828159386973179,0.21025,0.1828159386973179,-0.0963720930232558,-0.0963720930232558,0.028455
451,1980,OH,0.0044899999999999,0.4426451498992538,0.00905,1.01965999605379,1.01472111431076,-0.0240687708705946,1,4,-0.0004,0.135,7.1,1,10800.65,25.0,31.0,31.0,0.0796622077906819,0.0841648186052198,0.0972913178585544,0.0804221470225663,0.4647811677501794,0.4647811677501794,0.4647811677501794,0.4647811677501794,-0.0075,0.00889,-0.01482,0.0001599999999999,0,Carter_1980,Reagan_1980,-0.5080573339680532,-1.0266080528174153,-0.3321809,-0.504,0.119,-0.0044899999999999,1.6390371382795466,1.4048320722764636,1.57422887,0.692,-0.713,0.5573548501007461,0.0044899999999999,0.0,-1.24204797,0,0,0,0,0,0,0.0368220282401935,,,-0.0377551028103637,-0.1691740740740741,0.0116235088994701,45.36808776855469,48.48651123046875,-0.599,1.055,0.1436350289515889,0.1960338983050847,0.1436350289515889,0.1768105406633348,0.1768105406633348,0.0007750000000000005
452,1980,OK,0.0808599999999999,0.366278667196309,0.0165899999999999,1.01965999605379,1.01472111431076,-0.0240687708705946,1,4,-0.0004,0.135,7.1,1,3040.758,8.0,31.0,31.0,-0.017338489737956,-0.0765507177146743,0.0005317912602834,-0.0867672645656427,0.5617818652788175,0.5617818652788175,0.5617818652788175,0.5617818652788175,0.13652,0.0944499999999999,0.05715,-0.0778599999999999,0,Carter_1980,Reagan_1980,-0.5080573339680532,-1.0266080528174153,-0.3321809,-0.504,0.119,-0.0808599999999999,1.6390371382795466,1.4048320722764636,1.57422887,0.692,-0.713,0.633721332803691,0.0808599999999999,0.0,-1.24204797,0,0,0,0,0,0,-0.358287961523508,,,0.1032372155285644,0.3830625,0.0642686404380342,27.79864501953125,58.09859085083008,-0.599,1.055,0.4960321638289614,0.4743124999999999,0.4960321638289614,0.5178513527355353,0.5178513527355353,0.07655499999999996
453,1980,OR,0.00267,0.4444740615642638,0.0113099999999999,1.01965999605379,1.01472111431076,-0.0240687708705946,1,4,-0.0004,0.135,7.1,1,2641.218,6.0,31.0,31.0,-0.1502768477365146,-0.1245303613807736,-0.0544200104110802,-0.0865724442697152,0.694720223277376,0.694720223277376,0.694720223277376,0.694720223277376,-0.06445,0.0282399999999999,-0.02461,-0.01693,0,Carter_1980,Reagan_1980,-0.5080573339680532,-1.0266080528174153,-0.3321809,-0.504,0.119,-0.00267,1.6390371382795466,1.4048320722764636,1.57422887,0.692,-0.713,0.5555259384357362,0.00267,0.0,-1.24204797,0,0,0,0,0,0,0.852989672658527,,,-0.1600646970238494,-0.293875,-0.0724402774621212,60.60942459106445,54.57243728637695,-0.599,1.055,-0.0602054069264068,0.2003125,-0.0602054069264068,-0.036420731707317,-0.036420731707317,-0.026570000000000045
454,1980,PA,-0.01424,0.4613836413288336,-0.0031299999999999,1.01965999605379,1.01472111431076,-0.0240687708705946,1,4,-0.0004,0.135,7.1,1,11868.305,27.0,31.0,31.0,0.0311779846725926,0.0251405264575436,,0.0411219405950882,0.5132653908682687,0.5132653908682687,0.5132653908682687,0.5132653908682687,-0.01616,-0.0235299999999999,-0.03705,0.0204,0,Carter_1980,Reagan_1980,-0.5080573339680532,-1.0266080528174153,-0.3321809,-0.504,0.119,0.01424,1.6390371382795466,1.4048320722764636,1.57422887,0.692,-0.713,0.5386163586711663,-0.01424,0.0,-1.24204797,0,0,0,0,0,0,0.813833935192484,,,-0.0663299215876007,-0.1277076719576719,-0.0414913263975647,48.92887496948242,47.22354888916016,-0.599,1.055,0.1619374358640111,-0.0396666666666666,0.1619374358640111,0.1121655722326454,0.1121655722326454,-0.00964499999999995
455,1980,RI,-0.11452,0.5616605547453524,-0.0462799999999999,1.01965999605379,1.01472111431076,-0.0240687708705946,1,4,-0.0004,0.135,7.1,1,948.773,4.0,31.0,31.0,-0.0213911544491971,-0.1340709463705609,-0.1705686267444801,-0.1078428924576933,0.5658345299900586,0.5658345299900586,0.5658345299900586,0.5658345299900586,-0.08684,-0.17235,-0.19411,0.12607,0,Carter_1980,Reagan_1980,-0.5080573339680532,-1.0266080528174153,-0.3321809,-0.504,0.119,0.11452,1.6390371382795466,1.4048320722764636,1.57422887,0.692,-0.713,0.4383394452546476,-0.11452,4.0,-1.24204797,0,0,0,0,0,0,1.28537864392469,,,-0.2768996900144959,-0.2535625,-0.1819275384615384,75.1685562133789,66.11334228515625,-0.599,1.055,-0.1971730376599166,-0.3874,-0.1971730376599166,-0.3680234391834658,-0.3680234391834658,-0.06655999999999995
456,1980,SC,-0.0450099999999999,0.49214576520517,-0.0552399999999999,1.01965999605379,1.01472111431076,-0.0240687708705946,1,4,-0.0004,0.135,7.1,1,3134.502,8.0,31.0,31.0,-0.128120484440217,-0.0716138112445627,0.0003383352550101,0.0073701994631563,0.6725638599810785,0.6725638599810785,0.6725638599810785,0.6725638599810785,0.0986799999999999,0.0585899999999999,0.2035599999999999,-0.1138299999999999,0,Carter_1980,Reagan_1980,-0.5080573339680532,-1.0266080528174153,-0.3321809,-0.504,0.119,0.0450099999999999,1.6390371382795466,1.4048320722764636,1.57422887,0.692,-0.713,0.5078542347948299,-0.0450099999999999,0.0,-1.24204797,0,0,0,0,1,0,-1.30201479856309,,,0.0826184400502777,0.50465625,0.0217084374705857,30.36800765991211,63.028167724609375,-0.599,1.055,0.3291075842696629,0.1884230769230769,0.3291075842696629,0.2119735294117647,0.2119735294117647,0.021720000000000003
457,1980,SD,0.10347,0.3436654114190034,0.0178699999999999,1.01965999605379,1.01472111431076,-0.0240687708705946,1,4,-0.0004,0.135,7.1,1,690.851,4.0,31.0,31.0,0.0740395371388388,0.3239417997870537,0.3955313292179492,-0.0022979412916057,0.4704038384020225,0.4704038384020225,0.4704038384020225,0.4704038384020225,-0.07456,0.0553299999999999,0.05849,-0.0374599999999999,0,Carter_1980,Reagan_1980,-0.5080573339680532,-1.0266080528174153,-0.3321809,-0.504,0.119,-0.10347,1.6390371382795466,1.4048320722764636,1.57422887,0.692,-0.713,0.6563345885809966,0.10347,0.0,-1.24204797,0,0,0,0,0,0,-0.418861528421797,,,0.0064903318628692,0.1791875,-0.0821456946386946,39.85454177856445,38.38028335571289,-0.599,1.055,0.0369849999999999,0.1997999999999999,0.0369849999999999,-0.118652719665272,-0.118652719665272,-0.02834500000000005
458,1980,TN,-0.05136,0.4985007753951459,-0.0552899999999999,1.01965999605379,1.01472111431076,-0.0240687708705946,1,4,-0.0004,0.135,7.1,1,4600.252,10.0,31.0,31.0,-0.0195680014964073,-0.0603293840190133,-0.0100687437226786,0.0674392850997113,0.5640113770372688,0.5640113770372688,0.5640113770372688,0.5640113770372688,0.07689,0.0696,0.05954,-0.1248899999999999,0,Carter_1980,Reagan_1980,-0.5080573339680532,-1.0266080528174153,-0.3321809,-0.504,0.119,0.05136,1.6390371382795466,1.4048320722764636,1.57422887,0.692,-0.713,0.5014992246048541,-0.05136,0.0,-1.24204797,0,0,0,0,1,0,-0.562729993211038,,,0.0113494399401092,0.2568136363636364,-0.0263450795343813,39.2490348815918,50.25989532470703,-0.599,1.055,0.4994255347368421,0.1806,0.4994255347368421,0.2314622641509434,0.2314622641509434,0.01080000000000005
459,1980,TX,0.0188099999999999,0.4283265920618454,-0.0055499999999999,1.01965999605379,1.01472111431076,-0.0240687708705946,1,4,-0.0004,0.135,7.1,1,14338.208,26.0,31.0,31.0,-0.0469119244895495,-0.0788748645249444,-0.1405766392425188,-0.1798564992926687,0.5913553000304109,0.5913553000304109,0.5913553000304109,0.5913553000304109,0.0478799999999999,-0.0118699999999999,-0.01977,0.00632,0,Carter_1980,Reagan_1980,-0.5080573339680532,-1.0266080528174153,-0.3321809,-0.504,0.119,-0.0188099999999999,1.6390371382795466,1.4048320722764636,1.57422887,0.692,-0.713,0.5716734079381546,0.0188099999999999,0.0,-1.24204797,0,0,0,1,1,0,-1.07590791707886,,,0.1099389305725479,0.5440865384615384,0.0936667794976545,26.963525772094727,40.24456405639648,-0.599,1.055,0.3988865985057888,0.5682166666666666,0.3988865985057888,0.447703103505763,0.447703103505763,0.021165
460,1980,UT,0.22679,0.2203481495798408,0.16024,1.01965999605379,1.01472111431076,-0.0240687708705946,1,4,-0.0004,0.135,7.1,1,1472.595,4.0,31.0,31.0,0.1036468652825696,0.0561717500693796,0.0007819804645435,-0.0320034157124231,0.4407965102582918,0.4407965102582918,0.4407965102582918,0.4407965102582918,0.10147,0.0997099999999999,0.0659699999999999,0.06053,0,Carter_1980,Reagan_1980,-0.5080573339680532,-1.0266080528174153,-0.3321809,-0.504,0.119,-0.22679,1.6390371382795466,1.4048320722764636,1.57422887,0.692,-0.713,0.7796518504201592,0.22679,0.0,-1.24204797,0,0,0,0,0,0,-0.246796548710017,,,0.200321195416584,0.1335625,0.0689567224489795,15.7007417678833,46.621395111083984,-0.599,1.055,0.3851397764227642,0.1026,0.3851397764227642,0.3940912162162162,0.3940912162162162,0.130855
461,1980,VT,-0.01686,0.4640005892718526,0.06789,1.01965999605379,1.01472111431076,-0.0240687708705946,1,4,-0.0004,0.135,7.1,1,512.524,3.0,31.0,31.0,0.3405387440580144,0.2447895985666557,0.167804103483364,0.1791598216576625,0.203904631482847,0.203904631482847,0.203904631482847,0.203904631482847,0.01428,0.0438399999999999,-0.04847,0.02405,0,Carter_1980,Reagan_1980,-0.5080573339680532,-1.0266080528174153,-0.3321809,-0.504,0.119,0.01686,1.6390371382795466,1.4048320722764636,1.57422887,0.692,-0.713,0.5359994107281474,-0.01686,0.0,-1.24204797,0,0,0,0,0,0,0.483435197505075,,,-0.1768909314539337,-0.52275,,62.7061882019043,49.21329879760742,-0.599,1.055,-0.0122521428571428,0.3372857142857143,-0.0122521428571428,-0.0651581920903954,-0.0651581920903954,0.041085
462,1980,VA,0.0152999999999999,0.4318413947087553,0.0172999999999999,1.01965999605379,1.01472111431076,-0.0240687708705946,1,4,-0.0004,0.135,7.1,1,5368.334,12.0,31.0,31.0,0.0955462869844522,0.0724204133331419,0.0026655941821547,0.0133480614915091,0.4488970885564092,0.4488970885564092,0.4488970885564092,0.4488970885564092,0.07467,0.06756,0.0777099999999999,-0.05026,0,Carter_1980,Reagan_1980,-0.5080573339680532,-1.0266080528174153,-0.3321809,-0.504,0.119,-0.0152999999999999,1.6390371382795466,1.4048320722764636,1.57422887,0.692,-0.713,0.5681586052912446,0.0152999999999999,0.0,-1.24204797,0,0,0,0,1,0,-1.07770417581215,,,0.1092802127019119,0.3164166666666666,0.1457144924482885,27.045610427856445,44.251220703125,-0.599,1.055,-0.0358175428223309,0.3105199999999999,-0.0358175428223309,0.3710270551508845,0.3710270551508845,0.04598499999999995
463,1980,WA,0.0180899999999999,0.429046539051112,0.03064,1.01965999605379,1.01472111431076,-0.0240687708705946,1,4,-0.0004,0.135,7.1,1,4154.678,9.0,31.0,31.0,0.0150074821728483,-0.0119172771664891,-0.0025225781370302,-0.1327717442067763,0.5294358933680131,0.5294358933680131,0.5294358933680131,0.5294358933680131,-0.02222,-0.01549,-0.00917,0.04613,0,Carter_1980,Reagan_1980,-0.5080573339680532,-1.0266080528174153,-0.3321809,-0.504,0.119,-0.0180899999999999,1.6390371382795466,1.4048320722764636,1.57422887,0.692,-0.713,0.570953460948888,0.0180899999999999,0.0,-1.24204797,0,0,0,0,0,0,0.770412763592468,,,-0.1941121578295898,0.0354305555555555,-0.1128833828065623,64.8521728515625,64.52936553955078,-0.599,1.055,0.1550914252767527,0.27885,0.1550914252767527,0.1445522580645161,0.1445522580645161,0.00421
464,1980,WV,-0.07656,0.5236978172012975,-0.0702599999999999,1.01965999605379,1.01472111431076,-0.0240687708705946,1,4,-0.0004,0.135,7.1,1,1951.349,6.0,31.0,31.0,-0.1125065730867622,-0.1700818945186321,-0.1117892295223192,-0.1329748388044069,0.6569499486276237,0.6569499486276237,0.6569499486276237,0.6569499486276237,0.0182499999999999,-0.05287,-0.06476,-0.0173899999999999,0,Carter_1980,Reagan_1980,-0.5080573339680532,-1.0266080528174153,-0.3321809,-0.504,0.119,0.07656,1.6390371382795466,1.4048320722764636,1.57422887,0.692,-0.713,0.4763021827987025,-0.07656,6.0,-1.24204797,0,0,0,0,0,0,-0.0498079321090403,,,-0.1149544311133575,0.4211845238095238,-0.12769965,54.98810958862305,64.59471130371094,-0.599,1.055,-0.1478783551291512,-0.0894285714285714,-0.1478783551291512,0.1329257294429708,0.1329257294429708,-0.026005
465,1980,WI,-0.02696,0.4740969142143971,0.00182,1.01965999605379,1.01472111431076,-0.0240687708705946,1,4,-0.0004,0.135,7.1,1,4712.045,11.0,31.0,31.0,0.0123964025282596,-0.0392773015596767,-0.0106024370588779,-0.0401868714319326,0.5320469730126017,0.5320469730126017,0.5320469730126017,0.5320469730126017,-0.06805,0.0155699999999999,-0.00734,-0.0137499999999999,0,Carter_1980,Reagan_1980,-0.5080573339680532,-1.0266080528174153,-0.3321809,-0.504,0.119,0.02696,1.6390371382795466,1.4048320722764636,1.57422887,0.692,-0.713,0.5259030857856029,-0.02696,0.0,-1.24204797,0,0,0,0,0,0,0.567862670556652,,,-0.0983990553002166,-0.0917670454545454,-0.0346830775263951,52.92509841918945,50.565895080566406,-0.599,1.055,0.1752736748161538,0.5269677419354838,0.1752736748161538,0.1493718220338982,0.1493718220338982,-0.033115
466,1980,WY,0.1384699999999999,0.3086737402187014,0.1087799999999999,1.01965999605379,1.01472111431076,-0.0240687708705946,1,4,-0.0004,0.135,7.1,1,474.185,3.0,31.0,31.0,0.1307531523945526,0.0063608556557903,0.0394731850104003,0.0118019634710573,0.4136902231463088,0.4136902231463088,0.4136902231463088,0.4136902231463088,0.0758599999999999,0.10685,0.04903,0.0019299999999999,0,Carter_1980,Reagan_1980,-0.5080573339680532,-1.0266080528174153,-0.3321809,-0.504,0.119,-0.1384699999999999,1.6390371382795466,1.4048320722764636,1.57422887,0.692,-0.713,0.6913262597812986,0.1384699999999999,0.0,-1.24204797,0,0,0,0,0,0,-0.572481750209541,,,0.0667507720614624,0.0172499999999999,,32.34532165527344,45.25954818725586,-0.599,1.055,0.4506842732745963,0.5037499999999999,0.4506842732745963,0.5017900000000001,0.5017900000000001,0.0923199999999999
467,1980,USA,0.0,0.4471420174039148,0.0,1.01965999605379,1.01472111431076,-0.0240687708705946,1,4,-0.0004,0.135,7.1,1,,,31.0,31.0,,,,,0.5444433755408614,0.5444433755408614,0.5444433755408614,0.5444433755408614,0.0,0.0,0.0,0.0,0,Carter_1980,Reagan_1980,-0.5080573339680532,-1.0266080528174153,-0.3321809,-0.504,0.119,-0.0,1.6390371382795466,1.4048320722764636,1.57422887,0.692,-0.713,0.5528579825960852,0.0,,-1.24204797,0,0,0,0,0,0,,,,,,,,,-0.599,1.055,,,,,,0.0
468,1984,AL,0.02082,0.3873660464868173,-0.0461,1.05918233735886,1.03572905968787,-0.0461042592221931,0,4,0.0558,0.043,7.5,1,3951.82,9.0,61.0,61.0,-0.1529749981025489,-0.1259571006057909,-0.1458917691021639,-0.1084588264972985,0.7128735404501556,0.7128735404501556,0.7128735404501556,0.7128735404501556,-0.05623,0.1214799999999999,-0.07634,-0.16758,1,Reagan_1984,Mondale_1984,,,-1.0442414,,,-0.02082,,,1.59184199,0.692,-0.713,0.6126339535131826,0.02082,0.0,-0.54760059,0,0,0,0,0,0,-1.77606004844758,,,0.099896911635437,0.5496305555555555,0.0262956256538908,28.214889526367188,54.59423065185547,-0.688,1.055,0.4964783673469387,0.5721538461538461,0.4417309948979591,0.3011376254180601,0.3266897435897435,-0.051165
469,1984,AK,0.09875,0.3094408735228361,0.1201299999999999,1.05918233735886,1.03572905968787,-0.0461042592221931,0,4,0.0558,0.043,7.5,1,513.702,3.0,61.0,61.0,0.2714053232778006,0.2542418329918678,0.0994289788702427,0.2808188863890898,0.2884932190698061,0.2884932190698061,0.2884932190698061,0.2884932190698061,0.12936,0.0088699999999999,0.0109299999999999,0.1112599999999999,1,Reagan_1984,Mondale_1984,,,-1.0442414,,,-0.09875,,,1.59184199,0.692,-0.713,0.6905591264771638,0.09875,0.0,-0.54760059,0,0,0,0,0,0,0.668526247196146,,,-0.044124841557846,-0.1921666666666666,,46.16183853149414,56.31931686401367,-0.688,1.055,0.0316761718749999,0.0683999999999999,-0.1287219140625,0.3330051282051281,0.0760102564102563,0.12474499999999995
470,1984,AZ,0.0793599999999999,0.3288327242999399,0.1292599999999999,1.05918233735886,1.03572905968787,-0.0461042592221931,0,4,0.0558,0.043,7.5,1,3067.135,7.0,61.0,61.0,0.1277614632596457,0.0374514385461597,0.0129543683477862,0.059839413890096,0.432137079087961,0.432137079087961,0.432137079087961,0.432137079087961,0.0965699999999999,0.0519899999999999,0.10596,0.07727,1,Reagan_1984,Mondale_1984,,,-1.0442414,,,-0.0793599999999999,,,1.59184199,0.692,-0.713,0.6711672757000601,0.0793599999999999,0.0,-0.54760059,0,0,0,0,0,0,-0.637124916494153,,,-0.0034379772717285,0.2443035714285714,0.1316730658666666,41.09173583984375,43.8359375,-0.688,1.055,0.1618275458853832,0.1804799999999999,0.1776656838913383,0.4171322642148727,0.5313450562385785,0.1129149999999999
471,1984,AR,0.0204699999999999,0.3877241189805592,-0.04966,1.05918233735886,1.03572905968787,-0.0461042592221931,0,4,0.0558,0.043,7.5,1,2319.768,6.0,61.0,61.0,0.0363920792885923,0.303556821227018,0.2106451548432575,-0.2050903554097096,0.5235064630590144,0.5235064630590144,0.5235064630590144,0.5235064630590144,-0.1397899999999999,0.07361,0.0015,-0.12327,1,Reagan_1984,Mondale_1984,,,-1.0442414,,,-0.0204699999999999,,,1.59184199,0.692,-0.713,0.6122758810194409,0.0204699999999999,0.0,-0.54760059,0,0,0,0,0,0,-1.51169230298065,,,0.0436398095506286,0.4343571428571428,-0.0360154325723186,35.225242614746094,66.75050354003906,-0.688,1.055,0.3348585401459854,0.0743125,0.2728359367396593,0.1895065657084188,0.2259281314168378,-0.09472499999999995
472,1984,CA,-0.00956,0.4177546517780233,0.04185,1.05918233735886,1.03572905968787,-0.0461042592221931,0,4,0.0558,0.043,7.5,1,25844.393,47.0,61.0,61.0,0.0456026255029682,0.0460959716766823,0.0266363919747451,0.0080800381921394,0.5142959168446385,0.5142959168446385,0.5142959168446385,0.5142959168446385,0.01962,-0.04814,0.0125799999999999,0.08999,1,Reagan_1984,Mondale_1984,,,-1.0442414,,,0.00956,,,1.59184199,0.692,-0.713,0.5822453482219767,-0.00956,0.0,-0.54760059,1,0,0,0,0,0,1.25021695428012,,,-0.0812343394361877,-0.1399020984299517,-0.0498256898187297,50.7861557006836,50.43315505981445,-0.688,1.055,0.1444549968455526,0.1411176470588235,0.1221391365386931,0.0298919880418222,0.0210339194328401,0.030735
473,1984,CO,0.05185,0.3563415184305666,0.0864699999999999,1.05918233735886,1.03572905968787,-0.0461042592221931,0,4,0.0558,0.043,7.5,1,3169.992,8.0,61.0,61.0,0.0795342564266639,0.0640832559790247,0.0655851163419143,0.1122210448216784,0.4803642859209428,0.4803642859209428,0.4803642859209428,0.4803642859209428,0.06979,0.0262499999999999,0.04575,0.0602199999999999,1,Reagan_1984,Mondale_1984,,,-1.0442414,,,-0.05185,,,1.59184199,0.692,-0.713,0.6436584815694334,0.05185,0.0,-0.54760059,0,0,0,0,0,0,0.136931670011193,,,0.0024263811743164,-0.2444375,0.1224900591437546,40.3609619140625,45.66147613525391,-0.688,1.055,0.4265703704034729,0.3133999999999999,0.3003268723541595,0.2838501588325123,0.4075361890694239,0.07812999999999995
474,1984,CT,0.0181799999999999,0.3900083123698196,0.0027099999999999,1.05918233735886,1.03572905968787,-0.0461042592221931,0,4,0.0558,0.043,7.5,1,3180.014,8.0,61.0,61.0,0.0166889445846509,-0.0071647074499202,-0.0386981681605964,0.0593719484303638,0.5432095977629557,0.5432095977629557,0.5432095977629557,0.5432095977629557,0.03654,-0.02443,-0.03157,0.0271399999999999,1,Reagan_1984,Mondale_1984,,,-1.0442414,,,-0.0181799999999999,,,1.59184199,0.692,-0.713,0.6099916876301803,0.0181799999999999,0.0,-0.54760059,0,0,0,0,0,0,0.883548046949218,,,-0.260940337853241,-0.4391631944444444,-0.1522580780229299,73.17981719970703,67.8031997680664,-0.688,1.055,-0.1127657690813673,-0.0827249999999999,-0.1152231309891869,-0.1109200069217215,-0.1074908759124087,0.01962499999999995
475,1984,DC,-0.45329,0.8614773394710076,-0.40103,1.05918233735886,1.03572905968787,-0.0461042592221931,0,4,0.0558,0.043,7.5,1,633.382,3.0,61.0,61.0,,,,,,,,,-0.3213399999999999,-0.40154,-0.32225,0.00051,1,Reagan_1984,Mondale_1984,,,-1.0442414,,,0.45329,,,1.59184199,0.692,-0.713,0.1385226605289924,-0.45329,3.0,-0.54760059,0,0,0,0,0,0,,,,,,,,,-0.688,1.055,,,,,,-0.361185
476,1984,DE,0.00773,0.4004632730080442,-0.04019,1.05918233735886,1.03572905968787,-0.0461042592221931,0,4,0.0558,0.043,7.5,1,611.565,3.0,61.0,61.0,0.0292554136249243,0.1357782923929475,0.1301209778710775,0.0901082305172404,0.5306431287226824,0.5306431287226824,0.5306431287226824,0.5306431287226824,-0.01702,-0.0145299999999999,0.01617,-0.02566,1,Reagan_1984,Mondale_1984,,,-1.0442414,,,-0.00773,,,1.59184199,0.692,-0.713,0.5995367269919558,0.00773,0.0,-0.54760059,0,0,0,0,0,0,0.54544047735771,,,-0.0256290368170166,-0.25875,,43.857025146484375,48.702518463134766,-0.688,1.055,0.0617306249999999,0.4254444444444444,0.068704386574074,0.059065336102138,0.0242575757575756,-0.028605
477,1984,FL,0.06151,0.3466758678645452,0.0376499999999999,1.05918233735886,1.03572905968787,-0.0461042592221931,0,4,0.0558,0.043,7.5,1,11039.925,21.0,61.0,61.0,-0.033054448046452,-0.0735395748121218,-0.0407749465249265,0.0251130076329496,0.5929529903940588,0.5929529903940588,0.5929529903940588,0.5929529903940588,-0.01636,0.10336,0.0630999999999999,-0.06571,1,Reagan_1984,Mondale_1984,,,-1.0442414,,,-0.06151,,,1.59184199,0.692,-0.713,0.6533241321354548,0.06151,0.0,-0.54760059,0,0,0,0,0,0,-1.06859603950076,,,0.0426706206025696,0.2881148459383754,0.0371382482995951,35.34601593017578,60.4879264831543,-0.688,1.055,0.2958731432527428,0.2234545454545454,0.2359201642605483,0.1852730251899944,0.2337296089385474,0.01064499999999995
478,1984,GA,0.01017,0.398021798518602,-0.1294199999999999,1.05918233735886,1.03572905968787,-0.0461042592221931,0,4,0.0558,0.043,7.5,1,5834.954,12.0,61.0,61.0,-0.188555929492228,-0.2051743025527567,-0.2579375485200312,-0.1720360725309688,0.7484544718398347,0.7484544718398347,0.7484544718398347,0.7484544718398347,-0.1589399999999999,0.13491,0.0278999999999999,-0.2643299999999999,1,Reagan_1984,Mondale_1984,,,-1.0442414,,,-0.01017,,,1.59184199,0.692,-0.713,0.601978201481398,0.01017,0.0,-0.54760059,0,0,0,0,0,0,-1.37126206115438,,,0.0716508395452881,0.4996923076923077,0.065305083319926,31.73471069335937,51.138648986816406,-0.688,1.055,0.380763480372319,0.4332162162162163,0.4029290728072421,0.2948951871217223,0.2734185149469624,-0.1441799999999999
479,1984,HI,-0.03477,0.442962757823506,-0.0636999999999999,1.05918233735886,1.03572905968787,-0.0461042592221931,0,4,0.0558,0.043,7.5,1,1027.922,4.0,61.0,61.0,-0.4401014576523933,-0.4101844215125144,-0.290254205851042,-0.1325804504187345,1.0,1.0,1.0,1.0,-0.00239,0.00694,-0.11125,-0.0706399999999999,1,Reagan_1984,Mondale_1984,,,-1.0442414,,,0.03477,,,1.59184199,0.692,-0.713,0.557037242176494,-0.03477,0.0,-0.54760059,0,0,0,0,0,0,1.32373183141583,,,-0.2176649186631775,0.1365,-0.2682382499999999,67.78714752197266,67.2283706665039,-0.688,1.055,-0.2220320634920635,0.0665714285714285,-0.2220320634920635,-0.5919333976833977,-0.6205,-0.03304499999999995
480,1984,ID,0.14095,0.2672442880258501,0.1722699999999999,1.05918233735886,1.03572905968787,-0.0461042592221931,0,4,0.0558,0.043,7.5,1,990.839,4.0,61.0,61.0,0.089719869718958,0.074863677892519,0.1307769460655684,0.097287325722199,0.4701786726286486,0.4701786726286486,0.4701786726286486,0.4701786726286486,0.12777,0.0937,0.14536,0.0785699999999999,1,Reagan_1984,Mondale_1984,,,-1.0442414,,,-0.14095,,,1.59184199,0.692,-0.713,0.7327557119741499,0.14095,0.0,-0.54760059,0,0,0,0,0,0,-0.316791962794602,,,0.1658792401169586,0.22125,0.2134416666666667,19.99264907836914,41.106407165527344,-0.688,1.055,0.3359183584030745,0.2950769230769231,0.3000960948897613,0.2872807542468457,0.3260484953182897,0.15001999999999993
481,1984,IL,-0.0270799999999999,0.4352674669277925,-0.00946,1.05918233735886,1.03572905968787,-0.0461042592221931,0,4,0.0558,0.043,7.5,1,11412.132,24.0,61.0,61.0,-0.0213108157674427,0.0547754372018698,0.0628298072571848,0.0554653116815859,0.5812093581150495,0.5812093581150495,0.5812093581150495,0.5812093581150495,0.0204699999999999,-0.02483,0.01195,0.0153699999999999,1,Reagan_1984,Mondale_1984,,,-1.0442414,,,0.0270799999999999,,,1.59184199,0.692,-0.713,0.5647325330722075,-0.0270799999999999,0.0,-0.54760059,0,0,0,0,0,0,0.383490606960667,,,-0.1012795301602172,-0.2048061538461538,-0.0677145912860141,53.28404235839844,49.59745407104492,-0.688,1.055,-0.0085247630938629,-0.0802727272727272,-0.0173460358779858,-0.0274767859786492,0.02398623004558,0.005504999999999951
482,1984,IN,0.02892,0.3792657087831628,0.0451099999999999,1.05918233735886,1.03572905968787,-0.0461042592221931,0,4,0.0558,0.043,7.5,1,5458.322,12.0,61.0,61.0,0.067519063655659,0.0164247323917892,0.0195116674848204,0.0149602034295109,0.4923794786919477,0.4923794786919477,0.4923794786919477,0.4923794786919477,0.04893,0.0469299999999999,0.06562,-0.0018199999999999,1,Reagan_1984,Mondale_1984,,,-1.0442414,,,-0.02892,,,1.59184199,0.692,-0.713,0.6207342912168372,0.02892,0.0,-0.54760059,0,0,0,0,0,0,-0.0795591506739805,,,0.0068203948836517,-0.1982213827838828,0.0520516950035725,39.81341171264648,32.171199798583984,-0.688,1.055,0.190070750348675,0.3247894736842105,0.1907850165371587,0.2323189664706464,0.2627638453500522,0.04701999999999995
483,1984,IA,-0.05457,0.4627617466997986,0.01777,1.05918233735886,1.03572905968787,-0.0461042592221931,0,4,0.0558,0.043,7.5,1,2858.618,8.0,61.0,61.0,0.0333272719859266,0.0001669104734033,0.0462238558444138,-0.0031195529272011,0.52657127036168,0.52657127036168,0.52657127036168,0.52657127036168,0.0156,-0.03053,0.0609199999999999,0.0483,1,Reagan_1984,Mondale_1984,,,-1.0442414,,,0.05457,,,1.59184199,0.692,-0.713,0.5372382533002014,-0.05457,0.0,-0.54760059,0,0,0,0,0,0,0.390392175233147,,,0.012531844334259,-0.3913124999999999,-0.0145203765906452,39.10169219970703,49.50791549682617,-0.688,1.055,0.2113453152309612,0.2035483870967741,0.1785332131710361,0.2412124973835687,0.3332433281004709,0.016685
484,1984,KS,0.07848,0.3297052288843034,0.0818899999999999,1.05918233735886,1.03572905968787,-0.0461042592221931,0,4,0.0558,0.043,7.5,1,2424.086,7.0,61.0,61.0,0.0969659000271753,0.0758338312919497,0.1985326023222571,0.1807879621147545,0.4629326423204313,0.4629326423204313,0.4629326423204313,0.4629326423204313,0.0492,0.07849,0.10831,0.0033999999999999,1,Reagan_1984,Mondale_1984,,,-1.0442414,,,-0.07848,,,1.59184199,0.692,-0.713,0.6702947711156966,0.07848,0.0,-0.54760059,0,0,0,0,0,0,-0.254872336665445,,,0.085305597531662,-0.1831071428571428,0.1116879897924298,30.033153533935547,45.529579162597656,-0.688,1.055,0.3656798504393283,0.3327142857142857,0.2877709272337956,0.2903908667715709,0.376763440860215,0.06554499999999995
485,1984,KY,0.01212,0.3960661229576965,-0.04533,1.05918233735886,1.03572905968787,-0.0461042592221931,0,4,0.0558,0.043,7.5,1,3695.453,9.0,61.0,61.0,-0.035925215866332,-0.0663846594429905,-0.0161346508200536,-0.0473834463997643,0.5958237582139387,0.5958237582139387,0.5958237582139387,0.5958237582139387,-0.0261,0.0278599999999999,0.0336599999999999,-0.07319,1,Reagan_1984,Mondale_1984,,,-1.0442414,,,-0.01212,,,1.59184199,0.692,-0.713,0.6039338770423035,0.01212,0.0,-0.54760059,0,0,0,0,0,0,-0.458359759958449,,,-0.073418990780487,0.3227222222222222,0.0128377475616752,49.81226348876953,61.92152786254883,-0.688,1.055,0.2232862167407156,0.2641481481481482,0.1073431620435103,0.0943886898220375,0.1884992816613662,-0.035715000000000004
486,1984,LA,0.02238,0.3858083883745785,-0.0247499999999999,1.05918233735886,1.03572905968787,-0.0461042592221931,0,4,0.0558,0.043,7.5,1,4400.477,10.0,61.0,61.0,-0.1901014576523932,-0.1474930234490639,0.0434235675855955,-0.0604387002566917,0.75,0.75,0.75,0.75,-0.0191599999999999,0.0794699999999999,-0.04997,-0.1042199999999999,1,Reagan_1984,Mondale_1984,,,-1.0442414,,,-0.02238,,,1.59184199,0.692,-0.713,0.6141916116254216,0.02238,0.0,-0.54760059,0,0,0,0,0,0,-1.27575549818454,,,0.1165211959868622,0.4863545454545455,0.0762113613839285,26.143291473388672,56.23113632202149,-0.688,1.055,0.3215767926517927,0.2753181818181818,0.1864409262612388,0.1880158229748394,0.150288056206089,-0.021954999999999898
487,1984,ME,0.01888,0.3893088209939838,-0.03377,1.05918233735886,1.03572905968787,-0.0461042592221931,0,4,0.0558,0.043,7.5,1,1155.635,4.0,61.0,61.0,0.1424569544754492,0.2447104225908782,0.141208669206109,0.2462721826804269,0.4174415878721575,0.4174415878721575,0.4174415878721575,0.4174415878721575,0.0147499999999999,-0.0029,-0.06622,-0.03087,1,Reagan_1984,Mondale_1984,,,-1.0442414,,,-0.01888,,,1.59184199,0.692,-0.713,0.6106911790060161,0.01888,0.0,-0.54760059,0,0,0,0,0,0,0.860798151122359,,,-0.2056797922123718,-0.3680624999999999,-0.0540760129629629,66.29364776611328,67.25352478027344,-0.688,1.055,0.0512750923023336,-0.3142307692307693,0.0279692932776035,0.0116340569784961,0.0587244897959183,-0.00951000000000005
488,1984,MD,-0.06423,0.4724247280785537,-0.06905,1.05918233735886,1.03572905968787,-0.0461042592221931,0,4,0.0558,0.043,7.5,1,4365.243,10.0,61.0,61.0,-0.1206609717845882,-0.1037488971322453,-0.1144148928193748,-0.0542452260002355,0.680559514132195,0.680559514132195,0.680559514132195,0.680559514132195,-0.0199099999999999,0.0033099999999999,-0.0136799999999999,-0.07236,1,Reagan_1984,Mondale_1984,,,-1.0442414,,,0.06423,,,1.59184199,0.692,-0.713,0.5275752719214464,-0.06423,0.0,-0.54760059,0,0,0,0,0,0,0.759668395194167,,,-0.1592929275175476,-0.1978704545454545,-0.1189210546929824,60.51325225830078,65.24144744873047,-0.688,1.055,-0.0777037230180725,-0.0274242424242424,-0.1432532652523517,-0.2039300385797789,-0.1377383059418458,-0.04447999999999995
489,1984,MA,-0.07783,0.4860166976274062,-0.0519499999999999,1.05918233735886,1.03572905968787,-0.0461042592221931,0,4,0.0558,0.043,7.5,1,5840.773,13.0,61.0,61.0,-0.1386721840006138,-0.1468505690167426,-0.1814503438167924,-0.1053098455232157,0.6985707263482206,0.6985707263482206,0.6985707263482206,0.6985707263482206,-0.07071,-0.1629399999999999,-0.1611199999999999,0.1109899999999999,1,Reagan_1984,Mondale_1984,,,-1.0442414,,,0.07783,,,1.59184199,0.692,-0.713,0.5139833023725937,-0.07783,0.0,-0.54760059,0,0,0,0,0,0,1.58800438830268,,,-0.3164449868634033,-0.3719258241758242,-0.2406862967170888,80.09640502929688,69.70573425292969,-0.688,1.055,-0.3001108628113407,-0.252469387755102,-0.3494314054532591,-0.3901946264936965,-0.4122117527862208,-0.06132999999999995
490,1984,MI,0.0036499999999999,0.4045367500183142,-0.0174,1.05918233735886,1.03572905968787,-0.0461042592221931,0,4,0.0558,0.043,7.5,1,9049.452,20.0,61.0,61.0,-0.044355538530528,-0.0173979917113771,-0.0277706024328034,0.0127212145067135,0.6042540808781348,0.6042540808781348,0.6042540808781348,0.6042540808781348,0.03788,-0.04444,-0.04158,0.02704,1,Reagan_1984,Mondale_1984,,,-1.0442414,,,-0.0036499999999999,,,1.59184199,0.692,-0.713,0.5954632499816858,0.0036499999999999,0.0,-0.54760059,0,0,0,0,0,0,0.894886462944693,,,-0.1393752374874114,-0.1813680735930735,-0.1538475380343351,58.03125381469727,64.70849609375,-0.688,1.055,0.1216024140624262,0.2734590163934426,0.0163096033511735,-0.0178589236945055,0.0235986509274873,0.010239999999999999
491,1984,MN,-0.0927199999999999,0.5009089076819495,-0.075,1.05918233735886,1.03572905968787,-0.0461042592221931,0,4,0.0558,0.043,7.5,1,4157.706,10.0,61.0,61.0,0.0083567912136057,0.0349458790580278,0.0209664266071466,-0.0169058632838601,0.551541751134001,0.551541751134001,0.551541751134001,0.551541751134001,-0.05598,-0.08965,-0.06971,0.0146499999999999,1,Reagan_1984,Mondale_1984,,,-1.0442414,,,0.0927199999999999,,,1.59184199,0.692,-0.713,0.4990910923180505,-0.0927199999999999,10.0,-0.54760059,0,1,0,0,0,0,0.732993268320773,,,-0.1014485412841034,-0.3832583333333333,-0.0731824692673142,53.30510330200195,66.91480255126953,-0.688,1.055,0.1721415294455488,0.0844473684210526,0.090816869378157,0.0570858843103277,0.0514304291287386,-0.06548999999999999
492,1984,MS,0.03098,0.3772129095000476,-0.04608,1.05918233735886,1.03572905968787,-0.0461042592221931,0,4,0.0558,0.043,7.5,1,2578.051,7.0,61.0,61.0,-0.0267715428175959,-0.070736731061103,0.0287781465275945,-0.0231285847091964,0.5866700851652027,0.5866700851652027,0.5866700851652027,0.5866700851652027,0.00077,0.18152,-0.1339499999999999,-0.2276,1,Reagan_1984,Mondale_1984,,,-1.0442414,,,-0.03098,,,1.59184199,0.692,-0.713,0.6227870904999524,0.03098,0.0,-0.54760059,0,0,0,0,0,0,-1.85948566244804,,,0.1346247485929489,0.6228928571428571,0.0970903604301075,23.887357711791992,55.570926666259766,-0.688,1.055,0.2678003586397704,0.3092857142857143,0.3172086368234413,0.410510660813443,0.3609399656946827,-0.022655
493,1984,MO,0.00844,0.3997524933212296,-0.01721,1.05918233735886,1.03572905968787,-0.0461042592221931,0,4,0.0558,0.043,7.5,1,4975.278,11.0,61.0,61.0,-0.0116399948454563,-0.0278850795478969,-0.0823211470580617,-0.000130736498653,0.571538537193063,0.571538537193063,0.571538537193063,0.571538537193063,-0.0079799999999999,0.0050899999999999,0.0023299999999999,-0.0222999999999999,1,Reagan_1984,Mondale_1984,,,-1.0442414,,,-0.00844,,,1.59184199,0.692,-0.713,0.6002475066787704,0.00844,0.0,-0.54760059,0,0,0,0,0,0,-0.212606285000395,,,-0.050864286399002,0.103780303030303,-0.0176224669963296,47.00165939331055,51.46054458618164,-0.688,1.055,0.0667414414335664,0.1003,0.037100863573926,-0.0169419592226002,-0.0272138364779874,-0.01259499999999995
494,1984,MT,0.0211999999999999,0.38698601236313,0.0837899999999999,1.05918233735886,1.03572905968787,-0.0461042592221931,0,4,0.0558,0.043,7.5,1,820.905,4.0,61.0,61.0,0.0217309500914173,-0.0071179720510757,0.0380256310154427,0.0084609822966152,0.5381675922561894,0.5381675922561894,0.5381675922561894,0.5381675922561894,0.0482799999999999,-0.01301,0.0448,0.0968,1,Reagan_1984,Mondale_1984,,,-1.0442414,,,-0.0211999999999999,,,1.59184199,0.692,-0.713,0.61301398763687,0.0211999999999999,0.0,-0.54760059,0,0,0,0,0,0,0.261095153561696,,,-0.0272176066869354,0.0668875,9.574283000948064e-05,44.05498123168945,56.64487075805664,-0.688,1.055,0.0902826497975708,0.4031875,0.1352968168016194,0.2040171821305841,0.1924914089347078,0.0660349999999999
495,1984,NE,0.11824,0.28995246326707,0.16279,1.05918233735886,1.03572905968787,-0.0461042592221931,0,4,0.0558,0.043,7.5,1,1588.639,5.0,61.0,61.0,0.3358722550941462,0.2428843258557348,0.1728977431227636,0.2171443771812991,0.2240262872534605,0.2240262872534605,0.2240262872534605,0.2240262872534605,0.11662,0.0871699999999999,0.1487799999999999,0.07562,1,Reagan_1984,Mondale_1984,,,-1.0442414,,,-0.11824,,,1.59184199,0.692,-0.713,0.71004753673293,0.11824,0.0,-0.54760059,0,0,0,0,0,0,-0.235066691587801,,,0.1348417752842712,0.2116499999999999,0.1515134367521367,23.860313415527344,50.91297912597656,-0.688,1.055,0.4998237597402598,0.29095,0.5056968798701299,0.5212576262626263,0.4970252525252525,0.139705
496,1984,NV,0.0813499999999999,0.3268431844521708,0.1464099999999999,1.05918233735886,1.03572905968787,-0.0461042592221931,0,4,0.0558,0.043,7.5,1,924.922,4.0,61.0,61.0,0.0635872076898027,-0.2098398890324166,-0.2044799761416488,-0.2937582376263182,0.496311334657804,0.496311334657804,0.496311334657804,0.496311334657804,0.0331299999999999,0.0189599999999999,0.0429899999999999,0.12745,1,Reagan_1984,Mondale_1984,,,-1.0442414,,,-0.0813499999999999,,,1.59184199,0.692,-0.713,0.6731568155478291,0.0813499999999999,0.0,-0.54760059,0,0,0,0,0,0,-0.53983130792651,,,-0.0189728577351379,0.11125,0.1260802439393939,43.02758026123047,61.70594787597656,-0.688,1.055,0.2446408115942029,0.5974166666666666,0.2606228260869564,0.2617055894522757,0.3126288659793815,0.0897699999999999
497,1984,NH,0.0974499999999999,0.3107400773269049,0.1178199999999999,1.05918233735886,1.03572905968787,-0.0461042592221931,0,4,0.0558,0.043,7.5,1,976.864,4.0,61.0,61.0,0.1340834536508909,0.026438856113667,0.0667618559381901,0.032676793084859,0.4258150886967158,0.4258150886967158,0.4258150886967158,0.4258150886967158,0.06785,0.02949,0.03852,0.0883299999999999,1,Reagan_1984,Mondale_1984,,,-1.0442414,,,-0.0974499999999999,,,1.59184199,0.692,-0.713,0.6892599226730951,0.0974499999999999,0.0,-0.54760059,0,0,0,0,0,0,0.242124296036266,,,0.0719106776940918,-0.235,0.1669300326834381,31.70233154296875,27.838041305541992,-0.688,1.055,0.4475701683501683,0.10095,0.3600310841750841,0.3669757627118644,0.4848915254237288,0.09283499999999995
498,1984,NJ,0.0134,0.3947860891850365,0.0212299999999999,1.05918233735886,1.03572905968787,-0.0461042592221931,0,4,0.0558,0.043,7.5,1,7515.473,16.0,61.0,61.0,-0.0086592703173407,0.0233042728180564,-0.0102897405933485,0.0126305670448491,0.5685578126649474,0.5685578126649474,0.5685578126649474,0.5685578126649474,0.02145,0.00823,0.0077699999999999,0.0129999999999999,1,Reagan_1984,Mondale_1984,,,-1.0442414,,,-0.0134,,,1.59184199,0.692,-0.713,0.6052139108149635,0.0134,0.0,-0.54760059,0,0,0,0,0,0,1.75100457545815,,,-0.1701817929001617,-0.3320397263071895,-0.1070148635918858,61.87014389038086,51.33242416381836,-0.688,1.055,-0.005170997694683,-0.002,-0.057740111346819,-0.0881376619151142,-0.0333799414348462,0.02133999999999995
499,1984,NM,0.0116899999999999,0.3965040187081179,0.0462199999999999,1.05918233735886,1.03572905968787,-0.0461042592221931,0,4,0.0558,0.043,7.5,1,1416.717,5.0,61.0,61.0,0.0461479976963354,0.0292579103468777,-0.0405973560104518,0.1074912992032418,0.5137505446512712,0.5137505446512712,0.5137505446512712,0.5137505446512712,0.02289,0.00761,0.06201,0.0386099999999999,1,Reagan_1984,Mondale_1984,,,-1.0442414,,,-0.0116899999999999,,,1.59184199,0.692,-0.713,0.6034959812918821,0.0116899999999999,0.0,-0.54760059,0,0,0,0,0,0,0.0863564312011176,,,-0.1048551516605377,-0.0574374999999999,0.0442542396914155,53.729610443115234,63.0600700378418,-0.688,1.055,0.2700039662260839,-0.0907727272727272,0.1783003164463752,0.1969476530612244,0.289140306122449,0.03455499999999995
500,1984,NY,-0.05163,0.4598228104237208,-0.03815,1.05918233735886,1.03572905968787,-0.0461042592221931,0,4,0.0558,0.043,7.5,1,17745.684,36.0,61.0,61.0,-0.0128527511625615,-0.0001589526453631,-0.0061875152922067,-0.0148348179455707,0.5727512935101683,0.5727512935101683,0.5727512935101683,0.5727512935101683,-0.0118099999999999,-0.03094,-0.0330699999999999,-0.0072099999999999,1,Reagan_1984,Mondale_1984,,,-1.0442414,,,0.05163,,,1.59184199,0.692,-0.713,0.5401771895762791,-0.05163,0.0,-0.54760059,0,0,0,1,0,0,1.72731924891418,,,-0.1592080086880493,-0.297187015503876,-0.1500354964880581,60.50267028808594,63.33871841430664,-0.688,1.055,-0.1138192774052957,-0.1619632352941176,-0.159998261074418,-0.2119625240071456,-0.1973293687183748,-0.024979999999999954
501,1984,NC,0.0284699999999999,0.3797213705011314,-0.04186,1.05918233735886,1.03572905968787,-0.0461042592221931,0,4,0.0558,0.043,7.5,1,6164.006,13.0,61.0,61.0,0.0045141581888932,-0.0428837187511252,-0.0548500919941691,-0.0770181545569377,0.5553843841587135,0.5553843841587135,0.5553843841587135,0.5553843841587135,-0.0450899999999999,0.08843,0.07066,-0.13029,1,Reagan_1984,Mondale_1984,,,-1.0442414,,,-0.0284699999999999,,,1.59184199,0.692,-0.713,0.6202786294988686,0.0284699999999999,0.0,-0.54760059,0,0,0,0,0,0,-1.07253262961936,,,0.0783765547198867,0.4438846153846154,0.0429326115902193,30.8966007232666,59.8926887512207,-0.688,1.055,0.2617376513450008,0.3448444444444444,0.2138571263708973,0.2947416846896983,0.3183454706927175,-0.04347499999999995
502,1984,ND,0.0655399999999999,0.3426541761685233,0.1569499999999999,1.05918233735886,1.03572905968787,-0.0461042592221931,0,4,0.0558,0.043,7.5,1,680.497,3.0,61.0,61.0,-0.1609361596135564,-0.0582084837036271,0.2291574599434424,0.2053302357363276,0.7208347019611632,0.7208347019611632,0.7208347019611632,0.7208347019611632,0.04047,0.01644,0.08997,0.1405099999999999,1,Reagan_1984,Mondale_1984,,,-1.0442414,,,-0.0655399999999999,,,1.59184199,0.692,-0.713,0.6573458238314767,0.0655399999999999,0.0,-0.54760059,0,0,0,0,0,0,-0.87565395365315,,,-0.2349170329620361,0.1781666666666666,,69.93698120117188,48.87124633789063,-0.688,1.055,-0.1380898965517241,0.55375,-0.0686908573667711,-0.0921211352099676,-0.1662727272727272,0.09870999999999995
503,1984,OH,0.0029,0.4052930728241563,0.0044899999999999,1.05918233735886,1.03572905968787,-0.0461042592221931,0,4,0.0558,0.043,7.5,1,10737.746,23.0,61.0,61.0,0.0061927865258692,0.0577042817280874,0.0796622077906819,0.0841648186052198,0.5537057558217374,0.5537057558217374,0.5537057558217374,0.5537057558217374,0.00905,-0.0075,0.00889,0.01199,1,Reagan_1984,Mondale_1984,,,-1.0442414,,,-0.0029,,,1.59184199,0.692,-0.713,0.5947069271758436,0.0029,0.0,-0.54760059,0,0,0,0,0,0,0.0250547942012383,,,-0.0686493627820586,-0.1388609017713365,-0.013150972882987,49.2179069519043,63.793582916259766,-0.688,1.055,0.2395210638965839,0.1183442622950819,0.1565997237154437,0.0737937085516234,0.1141540030596634,0.0067699999999999505
504,1984,OK,0.0992899999999999,0.3089017415230104,0.0808599999999999,1.05918233735886,1.03572905968787,-0.0461042592221931,0,4,0.0558,0.043,7.5,1,3285.533,8.0,61.0,61.0,-0.0750045119168169,-0.0156952051604651,-0.017338489737956,-0.0765507177146743,0.6349030542644236,0.6349030542644236,0.6349030542644236,0.6349030542644236,0.0165899999999999,0.13652,0.0944499999999999,-0.05566,1,Reagan_1984,Mondale_1984,,,-1.0442414,,,-0.0992899999999999,,,1.59184199,0.692,-0.713,0.6910982584769896,0.0992899999999999,0.0,-0.54760059,0,0,0,0,0,0,-0.459852964009406,,,0.1161961380953598,0.35925,0.0591641879273504,26.18379783630371,56.698524475097656,-0.688,1.055,0.4827658730882834,0.802608695652174,0.4263810860815735,0.5352085998953064,0.524316740174823,0.0487249999999999
505,1984,OR,-0.03076,0.4389528866066263,0.00267,1.05918233735886,1.03572905968787,-0.0461042592221931,0,4,0.0558,0.043,7.5,1,2666.588,7.0,61.0,61.0,-0.0096760031105224,-0.0860426765273455,-0.1502768477365146,-0.1245303613807736,0.5695745454581291,0.5695745454581291,0.5695745454581291,0.5695745454581291,0.0113099999999999,-0.06445,0.0282399999999999,0.06712,1,Reagan_1984,Mondale_1984,,,-1.0442414,,,0.03076,,,1.59184199,0.692,-0.713,0.5610471133933737,-0.03076,0.0,-0.54760059,0,0,0,0,0,0,0.941611976079354,,,-0.1284830659643554,-0.4001488095238095,0.0135592999543983,56.6739501953125,49.534706115722656,-0.688,1.055,0.0097519745069018,0.2653703703703703,0.069254352332816,-0.0206475944422344,0.0233094136259914,0.00698999999999995
506,1984,PA,-0.0548,0.4629926852287835,-0.01424,1.05918233735886,1.03572905968787,-0.0461042592221931,0,4,0.0558,0.043,7.5,1,11815.172,25.0,61.0,61.0,0.0235425861208146,0.0260302717360748,0.0311779846725926,0.0251405264575436,0.5363559562267921,0.5363559562267921,0.5363559562267921,0.5363559562267921,-0.0031299999999999,-0.01616,-0.0235299999999999,0.0019199999999999,1,Reagan_1984,Mondale_1984,,,-1.0442414,,,0.0548,,,1.59184199,0.692,-0.713,0.5370073147712164,-0.0548,0.0,-0.54760059,0,0,0,0,0,0,0.834474550977151,,,-0.1235169062841033,-0.1631325264550264,-0.050837988234967,56.05510330200195,43.32512283325195,-0.688,1.055,0.0291710650781494,0.014075,0.065276699388163,0.0218423297657986,0.0164565260780355,-0.00868499999999995
507,1984,RI,-0.07351,0.481702697550747,-0.11452,1.05918233735886,1.03572905968787,-0.0461042592221931,0,4,0.0558,0.043,7.5,1,961.894,4.0,61.0,61.0,0.035034114404381,-0.0393392806040566,-0.0213911544491971,-0.1340709463705609,0.5248644279432256,0.5248644279432256,0.5248644279432256,0.5248644279432256,-0.0462799999999999,-0.08684,-0.17235,-0.02768,1,Reagan_1984,Mondale_1984,,,-1.0442414,,,0.07351,,,1.59184199,0.692,-0.713,0.518297302449253,-0.07351,0.0,-0.54760059,0,0,0,0,0,0,1.267452131904,,,-0.2599121281758118,-0.4483749999999999,-0.1836870744252873,73.05168914794922,66.70272064208984,-0.688,1.055,-0.2482787760416666,-0.3745555555555556,-0.2235324544270833,-0.240435034073478,-0.3043984962406015,-0.08039999999999994
508,1984,SC,0.04937,0.3588195527333598,-0.0450099999999999,1.05918233735886,1.03572905968787,-0.0461042592221931,0,4,0.0558,0.043,7.5,1,3271.868,8.0,61.0,61.0,0.0152019571232175,0.0077240238445034,-0.128120484440217,-0.0716138112445627,0.5446965852243891,0.5446965852243891,0.5446965852243891,0.5446965852243891,-0.0552399999999999,0.0986799999999999,0.0585899999999999,-0.1436899999999999,1,Reagan_1984,Mondale_1984,,,-1.0442414,,,-0.04937,,,1.59184199,0.692,-0.713,0.6411804472666403,0.04937,0.0,-0.54760059,0,0,0,0,0,0,-1.24468644904522,,,0.0959370737583923,0.39534375,0.0824091426517776,28.708335876464844,60.66398239135742,-0.688,1.055,0.1042628873142086,0.1953809523809523,0.1750536332638458,0.2781890301951033,0.3142874806800618,-0.0501249999999999
509,1984,SD,0.04119,0.3670048675643214,0.10347,1.05918233735886,1.03572905968787,-0.0461042592221931,0,4,0.0558,0.043,7.5,1,697.249,3.0,61.0,61.0,0.0443136744707184,-0.0291262408756426,0.0740395371388388,0.3239417997870537,0.5155848678768883,0.5155848678768883,0.5155848678768883,0.5155848678768883,0.0178699999999999,-0.07456,0.0553299999999999,0.17803,1,Reagan_1984,Mondale_1984,,,-1.0442414,,,-0.04119,,,1.59184199,0.692,-0.713,0.6329951324356786,0.04119,0.0,-0.54760059,0,0,0,0,0,0,-0.552978294893279,,,-0.0256957106492614,0.0455416666666666,,43.865333557128906,38.38028335571289,-0.688,1.055,0.1576364588725912,0.2226999999999999,0.1682382294362956,0.0551579032258064,-0.0685241935483871,0.06066999999999995
510,1984,TN,-0.0099899999999999,0.4181815190554701,-0.05136,1.05918233735886,1.03572905968787,-0.0461042592221931,0,4,0.0558,0.043,7.5,1,4686.737,11.0,61.0,61.0,-0.0378853271002881,-0.0040532383518296,-0.0195680014964073,-0.0603293840190133,0.5977838694478949,0.5977838694478949,0.5977838694478949,0.5977838694478949,-0.0552899999999999,0.07689,0.0696,-0.12825,1,Reagan_1984,Mondale_1984,,,-1.0442414,,,0.0099899999999999,,,1.59184199,0.692,-0.713,0.5818184809445299,-0.0099899999999999,0.0,-0.54760059,0,0,0,0,0,0,-0.605388235892985,,,-0.0637733566536712,0.2442454545454546,-0.0229389550259443,48.610294342041016,49.3909912109375,-0.688,1.055,0.2008172777187757,0.4308611111111111,0.2150591505788079,0.1904584829076296,0.2932537834691501,-0.053324999999999956
511,1984,TX,0.0460499999999999,0.3621369482698658,0.0188099999999999,1.05918233735886,1.03572905968787,-0.0461042592221931,0,4,0.0558,0.043,7.5,1,16007.086,29.0,61.0,61.0,-0.1019725799660081,-0.0857528147407884,-0.0469119244895495,-0.0788748645249444,0.6618711223136149,0.6618711223136149,0.6618711223136149,0.6618711223136149,-0.0055499999999999,0.0478799999999999,-0.0118699999999999,-0.0290699999999999,1,Reagan_1984,Mondale_1984,,,-1.0442414,,,-0.0460499999999999,,,1.59184199,0.692,-0.713,0.6378630517301341,0.0460499999999999,0.0,-0.54760059,0,0,1,0,0,0,-0.563246089134877,,,0.0291487817069244,0.4978958885941644,0.1130807711009307,37.031009674072266,59.854583740234375,-0.688,1.055,0.4062091487825773,0.5055080645161291,0.4425270377143355,0.4162537366681688,0.3776979495268138,0.0066300000000000005
512,1984,UT,0.15939,0.2487997899031825,0.22679,1.05918233735886,1.03572905968787,-0.0461042592221931,0,4,0.0558,0.043,7.5,1,1622.342,5.0,61.0,61.0,0.2426333943137328,0.1157547386274291,0.1036468652825696,0.0561717500693796,0.3172651480338738,0.3172651480338738,0.3172651480338738,0.3172651480338738,0.16024,0.10147,0.0997099999999999,0.12532,1,Reagan_1984,Mondale_1984,,,-1.0442414,,,-0.15939,,,1.59184199,0.692,-0.713,0.7512002100968175,0.15939,0.0,-0.54760059,0,0,0,0,0,0,-0.661344623548555,,,0.1237701844174194,0.0820875,0.1932280551851852,25.239974975585938,44.838340759277344,-0.688,1.055,0.4070654239256678,0.3976666666666667,0.3813278203639179,0.3815639375190743,0.4467970479704797,0.193515
513,1984,VT,-0.0051599999999999,0.413350892722209,-0.01686,1.05918233735886,1.03572905968787,-0.0461042592221931,0,4,0.0558,0.043,7.5,1,526.66,3.0,61.0,61.0,0.3087558219845593,0.5134570838505728,0.3405387440580144,0.2447895985666557,0.2511427203630473,0.2511427203630473,0.2511427203630473,0.2511427203630473,0.06789,0.01428,0.0438399999999999,-0.03114,1,Reagan_1984,Mondale_1984,,,-1.0442414,,,0.0051599999999999,,,1.59184199,0.692,-0.713,0.586649107277791,-0.0051599999999999,0.0,-0.54760059,0,0,0,0,0,0,0.682886329074456,,,-0.1894525814505004,-0.501,,64.27153015136719,49.48252868652344,-0.688,1.055,-0.4014517261904762,-0.2353333333333333,-0.3317451041666666,-0.4275950710108605,-0.491063157894737,0.025515000000000003
514,1984,VA,0.0349499999999999,0.3732431206078015,0.0152999999999999,1.05918233735886,1.03572905968787,-0.0461042592221931,0,4,0.0558,0.043,7.5,1,5643.87,12.0,61.0,61.0,0.0827873443528015,0.187522833410034,0.0955462869844522,0.0724204133331419,0.4771111979948051,0.4771111979948051,0.4771111979948051,0.4771111979948051,0.0172999999999999,0.07467,0.06756,-0.05937,1,Reagan_1984,Mondale_1984,,,-1.0442414,,,-0.0349499999999999,,,1.59184199,0.692,-0.713,0.6267568793921985,0.0349499999999999,0.0,-0.54760059,0,0,0,0,0,0,-1.29612090952862,,,0.1170906327593612,0.2063124999999999,0.1266378098551745,26.07233238220215,54.137325286865234,-0.688,1.055,0.1703083888344036,0.4560434782608695,0.1688462815473931,0.2114199872816095,0.2569273066169618,0.016299999999999898
515,1984,WA,-0.0261,0.4342885667840402,0.0180899999999999,1.05918233735886,1.03572905968787,-0.0461042592221931,0,4,0.0558,0.043,7.5,1,4343.656,10.0,61.0,61.0,0.0267018169178986,0.0062173545580879,0.0150074821728483,-0.0119172771664891,0.5331967254297081,0.5331967254297081,0.5331967254297081,0.5331967254297081,0.03064,-0.02222,-0.01549,0.04031,1,Reagan_1984,Mondale_1984,,,-1.0442414,,,0.0261,,,1.59184199,0.692,-0.713,0.5657114332159598,-0.0261,0.0,-0.54760059,0,0,0,0,0,0,0.839048617508037,,,-0.1000811154748534,-0.1143699494949495,-0.1272137174916299,53.13470458984375,50.22771453857422,-0.688,1.055,0.0400404721911472,0.3444102564102563,0.0067170049075264,-0.0063323548267368,0.0155375375375375,0.02436499999999995
516,1984,WV,-0.03909,0.4472756567540157,-0.07656,1.05918233735886,1.03572905968787,-0.0461042592221931,0,4,0.0558,0.043,7.5,1,1927.697,6.0,61.0,61.0,-0.0691812500338483,-0.0566329673573032,-0.1125065730867622,-0.1700818945186321,0.6290797923814551,0.6290797923814551,0.6290797923814551,0.6290797923814551,-0.0702599999999999,0.0182499999999999,-0.05287,-0.09481,1,Reagan_1984,Mondale_1984,,,-1.0442414,,,0.03909,,,1.59184199,0.692,-0.713,0.5527243432459843,-0.03909,0.0,-0.54760059,0,0,0,0,0,0,0.254272294291433,,,-0.1681993025190735,0.4277678571428571,-0.1327199874999999,61.62310028076172,64.797119140625,-0.688,1.055,0.1076649197107991,0.249047619047619,0.0857115788554725,0.0775864865812965,0.094893377859719,-0.07340999999999995
517,1984,WI,-0.04557,0.4537618122641135,-0.02696,1.05918233735886,1.03572905968787,-0.0461042592221931,0,4,0.0558,0.043,7.5,1,4735.563,11.0,61.0,61.0,0.0245794295686786,0.0095777917402999,0.0123964025282596,-0.0392773015596767,0.5353191127789281,0.5353191127789281,0.5353191127789281,0.5353191127789281,0.00182,-0.06805,0.0155699999999999,0.0410899999999999,1,Reagan_1984,Mondale_1984,,,-1.0442414,,,0.04557,,,1.59184199,0.692,-0.713,0.5462381877358864,-0.04557,0.0,-0.54760059,0,0,0,0,0,0,0.874161635613526,,,-0.0485435288708496,-0.1230359848484848,-0.0058421290821741,46.71246337890625,69.56707000732422,-0.688,1.055,0.160633840969568,0.1863243243243243,0.0919151004082618,0.1624965859590883,0.1948387824126268,-0.012570000000000001
518,1984,WY,0.12219,0.2859960023792809,0.1384699999999999,1.05918233735886,1.03572905968787,-0.0461042592221931,0,4,0.0558,0.043,7.5,1,504.896,3.0,61.0,61.0,0.2708360913973753,0.1991476300529664,0.1307531523945526,0.0063608556557903,0.2890624509502313,0.2890624509502313,0.2890624509502313,0.2890624509502313,0.1087799999999999,0.0758599999999999,0.10685,0.06261,1,Reagan_1984,Mondale_1984,,,-1.0442414,,,-0.12219,,,1.59184199,0.692,-0.713,0.7140039976207191,0.12219,0.0,-0.54760059,0,0,0,0,0,0,-0.479115697877424,,,0.1053572627807235,-0.20075,,27.534460067749023,45.25954818725586,-0.688,1.055,0.516926212121212,0.1938571428571428,0.4850976515151514,0.5655534335839599,0.6649314285714286,0.1236249999999999
519,1984,USA,0.0,0.4081907534640036,0.0,1.05918233735886,1.03572905968787,-0.0461042592221931,0,4,0.0558,0.043,7.5,1,,,61.0,61.0,,,,,0.5598985423476067,0.5598985423476067,0.5598985423476067,0.5598985423476067,0.0,0.0,0.0,0.0,1,Reagan_1984,Mondale_1984,,,-1.0442414,,,-0.0,,,1.59184199,0.692,-0.713,0.5918092465359964,0.0,,-0.54760059,0,0,0,0,0,0,,,,,,,,,-0.688,1.055,,,,,,0.0
520,1988,AL,0.0584299999999999,0.4025443160191109,0.02082,1.04478969001953,1.04140806961593,-0.0244203914255655,0,8,0.038,0.041,5.5,0,4023.844,9.0,,57.0,-0.0581933686189369,-0.2010855959775611,-0.1529749981025489,-0.1259571006057909,0.6086740509365755,0.6086740509365755,0.6086740509365755,0.6086740509365755,-0.0461,-0.05623,0.1214799999999999,0.07705,1,HW Bush_1988,Dukakis_1988,,,-1.1078261,,,-0.0584299999999999,,,1.45421752,0.557,-0.547,0.5974556839808891,0.0584299999999999,0.0,-0.34639142,0,0,0,0,1,0,-1.96805864081515,,,-0.0350414043682098,0.5618055555555556,0.0456987757568718,45.02992630004883,42.46370697021485,,,0.2961220721752115,0.3953478260869565,0.3633924306454288,0.2972553990610328,0.2066,-0.01264
521,1988,AK,0.0826,0.378366825657466,0.09875,1.04478969001953,1.04140806961593,-0.0244203914255655,0,8,0.038,0.041,5.5,0,541.983,3.0,,57.0,0.1293708854429938,0.0951272897951982,0.2714053232778006,0.2542418329918678,0.4211097968746446,0.4211097968746446,0.4211097968746446,0.4211097968746446,0.1201299999999999,0.12936,0.0088699999999999,-0.03061,1,HW Bush_1988,Dukakis_1988,,,-1.1078261,,,-0.0826,,,1.45421752,0.557,-0.547,0.621633174342534,0.0826,0.0,-0.34639142,0,0,0,0,0,0,0.420245911678592,,,-0.0989150581084442,-0.251,,52.98939895629883,57.88622283935547,,,0.0353561249999999,-0.1844444444444444,0.0196452890624998,0.0332016317016316,0.0484545454545454,0.10943999999999995
522,1988,AZ,0.0684,0.3925650846900749,0.0793599999999999,1.04478969001953,1.04140806961593,-0.0244203914255655,0,8,0.038,0.041,5.5,0,3535.183,7.0,,57.0,0.2253348226329053,0.179693360085205,0.1277614632596457,0.0374514385461597,0.3251458596847331,0.3251458596847331,0.3251458596847331,0.3251458596847331,0.1292599999999999,0.0965699999999999,0.0519899999999999,-0.01721,1,HW Bush_1988,Dukakis_1988,,,-1.1078261,,,-0.0684,,,1.45421752,0.557,-0.547,0.607434915309925,0.0684,0.0,-0.34639142,0,0,0,0,0,0,-0.682899766305711,,,0.0234816896405792,0.0542440476190475,0.1647497011619047,37.73720169067383,41.43862915039063,,,0.2038585576343812,0.41905,0.2733372689421729,0.2646822766567333,0.4513612440191387,0.1043099999999999
523,1988,AR,0.0328899999999999,0.4280835728688489,0.0204699999999999,1.04478969001953,1.04140806961593,-0.0244203914255655,0,8,0.038,0.041,5.5,0,2342.656,6.0,,57.0,-0.0398915982539358,-0.2636276055471267,0.0363920792885923,0.303556821227018,0.5903722805715743,0.5903722805715743,0.5903722805715743,0.5903722805715743,-0.04966,-0.1397899999999999,0.07361,0.1602599999999999,1,HW Bush_1988,Dukakis_1988,,,-1.1078261,,,-0.0328899999999999,,,1.45421752,0.557,-0.547,0.571916427131151,0.0328899999999999,0.0,-0.34639142,0,0,0,0,1,0,-1.69688166274646,,,-0.1278623993212127,0.4429999999999999,-0.030069200200267,56.59660720825195,63.490943908691406,,,0.1643700364963504,0.1855882352941176,0.2421258280109489,0.2170935469644163,0.1550682414698162,-0.01459500000000005
524,1988,CA,-0.02096,0.4819268946362411,-0.00956,1.04478969001953,1.04140806961593,-0.0244203914255655,0,8,0.038,0.041,5.5,0,28464.249,47.0,,57.0,0.0211075557309333,0.0316896115790609,0.0456026255029682,0.0460959716766823,0.5293731265867051,0.5293731265867051,0.5293731265867051,0.5293731265867051,0.04185,0.01962,-0.04814,-0.02918,1,HW Bush_1988,Dukakis_1988,,,-1.1078261,,,0.02096,,,1.45421752,0.557,-0.547,0.5180731053637588,-0.02096,0.0,-0.34639142,0,0,0,0,0,0,1.45821473823764,,,-0.127931736433258,-0.1643984399090348,-0.0658663402779846,56.605247497558594,47.74895095825195,,,0.0807608639516518,0.1309843137254902,0.0818745696110823,-0.03851747015559,-0.0332278842637408,0.016145
525,1988,CO,0.00051,0.4604617561850285,0.05185,1.04478969001953,1.04140806961593,-0.0244203914255655,0,8,0.038,0.041,5.5,0,3262.281,8.0,,57.0,0.1078440154180135,0.167513367646065,0.0795342564266639,0.0640832559790247,0.4426366668996249,0.4426366668996249,0.4426366668996249,0.4426366668996249,0.0864699999999999,0.06979,0.0262499999999999,-0.01794,1,HW Bush_1988,Dukakis_1988,,,-1.1078261,,,-0.00051,,,1.45421752,0.557,-0.547,0.5395382438149715,0.00051,0.0,-0.34639142,0,0,0,0,0,0,-0.194806116785617,,,-0.0839440888772583,-0.2977142857142857,0.1259670820233815,51.12382507324219,43.03948974609375,,,0.1099693128510819,0.31572,0.1330302126053162,0.3559922562715664,0.3496613527585725,0.06915999999999994
526,1988,CT,-0.01322,0.4741884954356701,0.0181799999999999,1.04478969001953,1.04140806961593,-0.0244203914255655,0,8,0.038,0.041,5.5,0,3271.953,8.0,,57.0,-0.006194820662702,0.0590516474169133,0.0166889445846509,-0.0071647074499202,0.5566755029803405,0.5566755029803405,0.5566755029803405,0.5566755029803405,0.0027099999999999,0.03654,-0.02443,-0.01836,1,HW Bush_1988,Dukakis_1988,,,-1.1078261,,,0.01322,,,1.45421752,0.557,-0.547,0.5258115045643299,-0.01322,0.0,-0.34639142,0,0,0,0,0,0,0.85768293742771,,,-0.331029107050476,-0.5027569444444444,-0.1363353389497161,81.91377258300781,68.48591613769531,,,0.0465132443239472,-0.0263958333333333,-0.0447592828513445,-0.1326288334484891,-0.0869177877428998,0.0104449999999999
527,1988,DC,-0.39149,0.8524575260565678,-0.45329,1.04478969001953,1.04140806961593,-0.0244203914255655,0,8,0.038,0.041,5.5,0,630.432,3.0,,57.0,,,,,,,,,-0.40103,-0.3213399999999999,-0.40154,-0.13195,1,HW Bush_1988,Dukakis_1988,,,-1.1078261,,,0.39149,,,1.45421752,0.557,-0.547,0.1475424739434322,-0.39149,3.0,-0.34639142,0,0,0,0,0,0,,,,,,,,,,,,,,,,-0.42716
528,1988,DE,0.02338,0.4375881040413072,0.00773,1.04478969001953,1.04140806961593,-0.0244203914255655,0,8,0.038,0.041,5.5,0,647.622,3.0,,57.0,-0.1137232173063887,-0.0591485447876255,0.0292554136249243,0.1357782923929475,0.6642038996240273,0.6642038996240273,0.6642038996240273,0.6642038996240273,-0.04019,-0.01702,-0.0145299999999999,0.02475,1,HW Bush_1988,Dukakis_1988,,,-1.1078261,,,-0.02338,,,1.45421752,0.557,-0.547,0.5624118959586928,0.02338,0.0,-0.34639142,0,0,0,0,0,0,0.484109161419984,,,-0.0650218838566589,-0.23225,,48.76587677001953,44.24372100830078,,,0.0024732407407407,0.2731111111111111,0.0189454259259258,0.0447979797979797,0.0762626262626262,-0.016229999999999998
529,1988,FL,0.07349,0.3874792835414841,0.06151,1.04478969001953,1.04140806961593,-0.0244203914255655,0,8,0.038,0.041,5.5,0,12306.395,21.0,,57.0,0.0114871681945165,0.0151078188531612,-0.033054448046452,-0.0735395748121218,0.5389935141231219,0.5389935141231219,0.5389935141231219,0.5389935141231219,0.0376499999999999,-0.01636,0.10336,0.07787,1,HW Bush_1988,Dukakis_1988,,,-1.1078261,,,-0.07349,,,1.45421752,0.557,-0.547,0.6125207164585158,0.07349,0.0,-0.34639142,0,0,0,0,1,0,-1.16396714373806,,,-0.0083004833266449,0.197843137254902,0.0470937927565569,41.69766616821289,46.11957550048828,,,0.3060801215284084,0.3081830985915492,0.2039976242271544,0.2452361714085001,0.2566005479452055,0.04957999999999995
530,1988,GA,0.06301,0.3979638365523965,0.01017,1.04478969001953,1.04140806961593,-0.0244203914255655,0,8,0.038,0.041,5.5,0,6316.142,12.0,,57.0,-0.1773410668589571,-0.1909885876582697,-0.188555929492228,-0.2051743025527567,0.7278217491765956,0.7278217491765956,0.7278217491765956,0.7278217491765956,-0.1294199999999999,-0.1589399999999999,0.13491,0.1691099999999999,1,HW Bush_1988,Dukakis_1988,,,-1.1078261,,,-0.06301,,,1.45421752,0.557,-0.547,0.6020361634476035,0.06301,0.0,-0.34639142,0,0,0,0,1,0,-1.55224820500599,,,0.0010247000765991,0.4286538461538461,0.0291550723661581,40.53562927246094,58.4004020690918,,,0.1972743692199889,0.4183055555555556,0.272515738055028,0.2749848058252427,0.24579,-0.05962499999999995
531,1988,HI,-0.08709,0.5480627598015892,-0.03477,1.04478969001953,1.04140806961593,-0.0244203914255655,0,8,0.038,0.041,5.5,0,1079.828,4.0,,57.0,-0.0300253047298385,-0.3222274015366716,-0.4401014576523933,-0.4101844215125144,0.580505987047477,0.580505987047477,0.580505987047477,0.580505987047477,-0.0636999999999999,-0.00239,0.00694,-0.03238,1,HW Bush_1988,Dukakis_1988,,,-1.1078261,,,0.08709,,,1.45421752,0.557,-0.547,0.4519372401984107,-0.08709,4.0,-0.34639142,0,0,0,0,0,0,1.41145226000338,,,-0.3243952750289917,0.09,-0.2159509104444444,81.08711242675781,68.52783203125,,,-0.0505275058091965,-0.3309230769230769,-0.0243940452735504,-0.2450252064976166,-0.2865338078291816,-0.049234999999999945
532,1988,ID,0.0938499999999999,0.3671217714936695,0.14095,1.04478969001953,1.04140806961593,-0.0244203914255655,0,8,0.038,0.041,5.5,0,985.664,4.0,,57.0,0.1104027024399079,0.1191971546199933,0.089719869718958,0.074863677892519,0.4400779798777305,0.4400779798777305,0.4400779798777305,0.4400779798777305,0.1722699999999999,0.12777,0.0937,0.01318,1,HW Bush_1988,Dukakis_1988,,,-1.1078261,,,-0.0938499999999999,,,1.45421752,0.557,-0.547,0.6328782285063306,0.0938499999999999,0.0,-0.34639142,0,0,0,0,0,0,-0.47386865020668,,,0.0910169857574463,0.166375,0.1915360613306982,29.321441650390625,37.88564300537109,,,0.1921886842501385,0.313,0.2282762151272618,0.2122671036096057,0.1844837382810182,0.15660999999999994
533,1988,IL,-0.02854,0.4895072300364114,-0.0270799999999999,1.04478969001953,1.04140806961593,-0.0244203914255655,0,8,0.038,0.041,5.5,0,11390.183,24.0,,57.0,0.0124059958764153,0.0082499464121955,-0.0213108157674427,0.0547754372018698,0.5380746864412231,0.5380746864412231,0.5380746864412231,0.5380746864412231,-0.00946,0.0204699999999999,-0.02483,-0.0475499999999999,1,HW Bush_1988,Dukakis_1988,,,-1.1078261,,,0.02854,,,1.45421752,0.557,-0.547,0.5104927699635886,-0.02854,0.0,-0.34639142,0,0,0,0,0,0,0.388338655030135,,,-0.1422183039805603,-0.1747982371794871,-0.0709658040484308,58.385536193847656,46.1578369140625,,,-0.0341885055071021,-0.1328804347826086,-0.0169317156340147,-0.0140231011033298,-0.0474766532900406,-0.01826999999999995
534,1988,IN,0.06223,0.3987400887506799,0.02892,1.04478969001953,1.04140806961593,-0.0244203914255655,0,8,0.038,0.041,5.5,0,5491.735,12.0,,57.0,0.0400297689795486,0.0548065547511495,0.067519063655659,0.0164247323917892,0.5104509133380898,0.5104509133380898,0.5104509133380898,0.5104509133380898,0.0451099999999999,0.04893,0.0469299999999999,-0.02001,1,HW Bush_1988,Dukakis_1988,,,-1.1078261,,,-0.06223,,,1.45421752,0.557,-0.547,0.6012599112493201,0.06223,0.0,-0.34639142,0,0,1,0,0,0,-0.169371535551224,,,-0.093714437968521,-0.2154970238095238,0.0382075681206107,52.34133529663086,32.21092987060547,,,0.084336618096383,0.385,0.1155551994234752,0.1779895277107094,0.189539156055073,0.03701499999999995
535,1988,IA,-0.0905099999999999,0.5514848114008251,-0.05457,1.04478969001953,1.04140806961593,-0.0244203914255655,0,8,0.038,0.041,5.5,0,2768.388,8.0,,57.0,0.0692743104834033,0.0569492084686625,0.0333272719859266,0.0001669104734033,0.4812063718342351,0.4812063718342351,0.4812063718342351,0.4812063718342351,0.01777,0.0156,-0.03053,-0.07017,1,HW Bush_1988,Dukakis_1988,,,-1.1078261,,,0.0905099999999999,,,1.45421752,0.557,-0.547,0.4485151885991749,-0.0905099999999999,8.0,-0.34639142,0,0,0,0,0,0,0.365940559464408,,,-0.1634663788020324,-0.42471875,-0.0072298171928247,61.03331756591797,50.48651885986328,,,0.0355207019866168,0.1159655172413792,0.1303573623821335,0.1800380811911784,0.12709203539823,-0.0184
536,1988,KS,0.0282499999999999,0.4327249829781352,0.07848,1.04478969001953,1.04140806961593,-0.0244203914255655,0,8,0.038,0.041,5.5,0,2461.996,7.0,,57.0,0.1532087517132212,0.0808888843360361,0.0969659000271753,0.0758338312919497,0.3972719306044172,0.3972719306044172,0.3972719306044172,0.3972719306044172,0.0818899999999999,0.0492,0.07849,0.0292799999999999,1,HW Bush_1988,Dukakis_1988,,,-1.1078261,,,-0.0282499999999999,,,1.45421752,0.557,-0.547,0.5672750170218648,0.0282499999999999,0.0,-0.34639142,0,0,0,0,0,0,-0.312841261326646,,,-0.0280461622165679,-0.2423214285714285,0.1096941046153846,44.15822982788086,34.96547317504883,,,0.2292857323877561,0.5839375,0.3562813199568493,0.5302768812951538,0.5073832199546486,0.08018499999999995
537,1988,KY,0.0195099999999999,0.4414623218821145,0.01212,1.04478969001953,1.04140806961593,-0.0244203914255655,0,8,0.038,0.041,5.5,0,3679.999,9.0,,57.0,-0.0466311309492821,-0.0277237308516445,-0.035925215866332,-0.0663846594429905,0.5971118132669206,0.5971118132669206,0.5971118132669206,0.5971118132669206,-0.04533,-0.0261,0.0278599999999999,0.03822,1,HW Bush_1988,Dukakis_1988,,,-1.1078261,,,-0.0195099999999999,,,1.45421752,0.557,-0.547,0.5585376781178855,0.0195099999999999,0.0,-0.34639142,0,0,0,0,0,0,-0.444857408294781,,,-0.0652647933419036,0.2963055555555555,0.0502120554561101,48.796146392822266,63.37022018432617,,,0.1639516112668313,0.3901785714285714,0.0413472301383661,0.2452123654130099,0.3291455696202531,-0.016605
538,1988,LA,0.0071499999999999,0.4538249165782335,0.02238,1.04478969001953,1.04140806961593,-0.0244203914255655,0,8,0.038,0.041,5.5,0,4288.863,10.0,,57.0,-0.1877003725558524,-0.2238238908654106,-0.1901014576523932,-0.1474930234490639,0.738181054873491,0.738181054873491,0.738181054873491,0.738181054873491,-0.0247499999999999,-0.0191599999999999,0.0794699999999999,0.0415399999999999,1,HW Bush_1988,Dukakis_1988,,,-1.1078261,,,-0.0071499999999999,,,1.45421752,0.557,-0.547,0.5461750834217665,0.0071499999999999,0.0,-0.34639142,0,0,0,0,1,0,-0.78601045550825,,,-0.016665569668045,0.4064681818181818,0.1176024035714285,42.74006271362305,53.62173080444336,,,0.5753644522144522,0.2473947368421052,0.5092305710955711,0.4516701664945792,0.5394845637583893,-0.00118499999999995
539,1988,ME,0.0186799999999999,0.4422898129653169,0.01888,1.04478969001953,1.04140806961593,-0.0244203914255655,0,8,0.038,0.041,5.5,0,1203.84,4.0,,57.0,0.1512884180519831,0.2240579934757958,0.1424569544754492,0.2447104225908782,0.3991922642656553,0.3991922642656553,0.3991922642656553,0.3991922642656553,-0.03377,0.0147499999999999,-0.0029,0.00413,1,HW Bush_1988,Dukakis_1988,,,-1.1078261,,,-0.0186799999999999,,,1.45421752,0.557,-0.547,0.5577101870346831,0.0186799999999999,0.0,-0.34639142,0,0,0,0,0,0,0.796275417289768,,,-0.3014861707595825,-0.4264375,-0.097150831369248,78.23234558105469,54.37767791748047,,,-0.2235070114942528,0.2898666666666666,-0.0942232383490073,-0.0558324867168797,-0.2328383838383838,-0.007445
540,1988,MD,-0.02439,0.4853556976888299,-0.06423,1.04478969001953,1.04140806961593,-0.0244203914255655,0,8,0.038,0.041,5.5,0,4657.904,10.0,,57.0,-0.0785221416004396,-0.11433951079259,-0.1206609717845882,-0.1037488971322453,0.6290028239180782,0.6290028239180782,0.6290028239180782,0.6290028239180782,-0.06905,-0.0199099999999999,0.0033099999999999,-0.04432,1,HW Bush_1988,Dukakis_1988,,,-1.1078261,,,0.02439,,,1.45421752,0.557,-0.547,0.51464430231117,-0.02439,0.0,-0.34639142,0,0,0,0,0,0,0.817777057234436,,,-0.2970963509506226,-0.1474454545454545,-0.1051476684320175,77.68531799316406,64.26055908203125,,,-0.1283036565709945,-0.0296086956521739,-0.1199712761336987,-0.1414005657152159,-0.2008933823529411,-0.06664
541,1988,MA,-0.0788499999999999,0.5398224225265307,-0.07783,1.04478969001953,1.04140806961593,-0.0244203914255655,0,8,0.038,0.041,5.5,0,5979.982,13.0,,57.0,-0.276664529925411,-0.1706705918347156,-0.1386721840006138,-0.1468505690167426,0.8271452122430495,0.8271452122430495,0.8271452122430495,0.8271452122430495,-0.0519499999999999,-0.07071,-0.1629399999999999,-0.0071199999999999,1,HW Bush_1988,Dukakis_1988,,,-1.1078261,,,0.0788499999999999,,,1.45421752,0.557,-0.547,0.4601775774734693,-0.0788499999999999,13.0,-0.34639142,0,1,0,0,0,0,1.58431550128576,,,-0.4273123045191955,-0.3366277472527472,-0.2493689796944858,93.9118881225586,69.37876892089844,,,-0.2181325184243066,-0.2700232558139535,-0.3495352321851261,-0.5160969158280833,-0.4308255597014925,-0.06488999999999995
542,1988,MI,0.0007499999999999,0.4602195003994486,0.0036499999999999,1.04478969001953,1.04140806961593,-0.0244203914255655,0,8,0.038,0.041,5.5,0,9217.998,20.0,,57.0,-0.0281927661265368,-0.0167782731090386,-0.044355538530528,-0.0173979917113771,0.5786734484441753,0.5786734484441753,0.5786734484441753,0.5786734484441753,-0.0174,0.03788,-0.04444,-0.03423,1,HW Bush_1988,Dukakis_1988,,,-1.1078261,,,-0.0007499999999999,,,1.45421752,0.557,-0.547,0.5397804996005513,0.0007499999999999,0.0,-0.34639142,0,0,0,0,0,0,0.909815673686282,,,-0.2617278727514648,-0.1954215909090909,-0.1568787941087269,73.2779541015625,65.3849868774414,,,0.2164236729276691,0.1162077922077922,0.1576593725408855,0.0128024235470155,0.0343718475073313,-0.0068750000000000495
543,1988,MN,-0.07454,0.5355085992524404,-0.0927199999999999,1.04478969001953,1.04140806961593,-0.0244203914255655,0,8,0.038,0.041,5.5,0,4296.166,10.0,,57.0,-0.0481097012569403,-0.0142025226805082,0.0083567912136057,0.0349458790580278,0.5985903835745788,0.5985903835745788,0.5985903835745788,0.5985903835745788,-0.075,-0.05598,-0.08965,-0.0367399999999999,1,HW Bush_1988,Dukakis_1988,,,-1.1078261,,,0.07454,,,1.45421752,0.557,-0.547,0.4644914007475595,-0.07454,10.0,-0.34639142,0,0,0,0,0,0,0.744025318640167,,,-0.1955955740660094,-0.4742999999999999,-0.0959055973008164,65.03702545166016,67.99798583984375,,,0.0990901244658389,-0.0343095238095238,0.0357427100550552,0.0328775890286297,0.064,-0.08385999999999995
544,1988,MS,0.06618,0.3947891704481721,0.03098,1.04478969001953,1.04140806961593,-0.0244203914255655,0,8,0.038,0.041,5.5,0,2580.352,7.0,,57.0,-0.0521707655501444,-0.0893168336986539,-0.0267715428175959,-0.070736731061103,0.6026514478677829,0.6026514478677829,0.6026514478677829,0.6026514478677829,-0.04608,0.00077,0.18152,0.0302099999999999,1,HW Bush_1988,Dukakis_1988,,,-1.1078261,,,-0.06618,,,1.45421752,0.557,-0.547,0.6052108295518279,0.06618,0.0,-0.34639142,0,0,0,0,1,0,-1.90243090226935,,,-0.0400646561959076,0.6060357142857142,0.0245793101075269,45.655887603759766,58.29979705810547,,,0.3846782950692627,0.5814594594594596,0.3261354988859827,0.450968907556091,0.4539920948616601,-0.007550000000000001
545,1988,MO,-0.01906,0.4800308831902278,0.00844,1.04478969001953,1.04140806961593,-0.0244203914255655,0,8,0.038,0.041,5.5,0,5081.736,11.0,,57.0,-0.0296647456921351,-0.0295773753659508,-0.0116399948454563,-0.0278850795478969,0.5801454280097736,0.5801454280097736,0.5801454280097736,0.5801454280097736,-0.01721,-0.0079799999999999,0.0050899999999999,0.0164199999999999,1,HW Bush_1988,Dukakis_1988,,,-1.1078261,,,0.01906,,,1.45421752,0.557,-0.547,0.5199691168097722,-0.01906,0.0,-0.34639142,0,0,0,0,0,0,-0.119589718350377,,,-0.1273406719920349,-0.0377007575757575,-0.0293467669290242,56.53159332275391,51.17706298828125,,,-0.0056465417873425,0.1687222222222222,0.0181758066225625,0.0053637563028137,0.037766488106741,-0.004385
546,1988,MT,-0.0091499999999999,0.4701181027861572,0.0211999999999999,1.04478969001953,1.04140806961593,-0.0244203914255655,0,8,0.038,0.041,5.5,0,800.202,4.0,,57.0,0.0091010899159044,0.0142731353711085,0.0217309500914173,-0.0071179720510757,0.541379592401734,0.541379592401734,0.541379592401734,0.541379592401734,0.0837899999999999,0.0482799999999999,-0.01301,-0.0270799999999999,1,HW Bush_1988,Dukakis_1988,,,-1.1078261,,,0.0091499999999999,,,1.45421752,0.557,-0.547,0.5298818972138428,-0.0091499999999999,0.0,-0.34639142,0,0,0,0,0,0,0.316496767692663,,,-0.0705474241322326,0.01625,-0.008323281671415,49.45442962646485,54.42698287963867,,,0.1284296740890688,0.3446363636363636,0.0721260887314439,0.1475589225589225,0.1566531986531986,0.0524949999999999
547,1988,NE,0.0664299999999999,0.3945430205153375,0.11824,1.04478969001953,1.04140806961593,-0.0244203914255655,0,8,0.038,0.041,5.5,0,1571.477,5.0,,57.0,0.1960933392272466,0.2681998171522826,0.3358722550941462,0.2428843258557348,0.3543873430903918,0.3543873430903918,0.3543873430903918,0.3543873430903918,0.16279,0.11662,0.0871699999999999,0.00162,1,HW Bush_1988,Dukakis_1988,,,-1.1078261,,,-0.0664299999999999,,,1.45421752,0.557,-0.547,0.6054569794846625,0.0664299999999999,0.0,-0.34639142,0,0,0,0,0,0,-0.0348550434151084,,,0.0137957083554077,0.2268,0.1127829119658119,38.94419860839844,38.46621322631836,,,0.3130389155844155,-0.0216923076923077,0.3436951471861471,0.3347540677502606,0.2874441624365482,0.140515
548,1988,NV,0.06916,0.3918141083541434,0.0813499999999999,1.04478969001953,1.04140806961593,-0.0244203914255655,0,8,0.038,0.041,5.5,0,1075.022,4.0,,57.0,0.0750961031201976,0.1127307818092145,0.0635872076898027,-0.2098398890324166,0.4753845791974408,0.4753845791974408,0.4753845791974408,0.4753845791974408,0.1464099999999999,0.0331299999999999,0.0189599999999999,0.0482199999999999,1,HW Bush_1988,Dukakis_1988,,,-1.1078261,,,-0.06916,,,1.45421752,0.557,-0.547,0.6081858916458566,0.06916,0.0,-0.34639142,0,0,0,0,0,0,-0.641188868094613,,,-0.0334939469669341,0.0383333333333333,0.1127180803030303,44.83709335327149,53.61598205566406,,,0.0834793887749521,0.1375882352941176,0.1336047487353021,0.1873807780648866,0.0863294573643411,0.1138799999999999
549,1988,NH,0.09331,0.3676636727286612,0.0974499999999999,1.04478969001953,1.04140806961593,-0.0244203914255655,0,8,0.038,0.041,5.5,0,1082.577,4.0,,57.0,0.1995149292629173,0.2040045868997748,0.1340834536508909,0.026438856113667,0.3509657530547211,0.3509657530547211,0.3509657530547211,0.3509657530547211,0.1178199999999999,0.06785,0.02949,0.0295999999999999,1,HW Bush_1988,Dukakis_1988,,,-1.1078261,,,-0.09331,,,1.45421752,0.557,-0.547,0.6323363272713388,0.09331,0.0,-0.34639142,0,0,0,0,0,0,0.114573625404985,,,-0.0140849433786773,-0.4267499999999999,0.2447745599999999,42.41848373413086,25.37726593017578,,,0.1916792250976922,0.0973157894736842,0.2237269503889257,0.2367613098504595,0.2093908629441624,0.1076349999999999
550,1988,NJ,0.02998,0.4309884238646482,0.0134,1.04478969001953,1.04140806961593,-0.0244203914255655,0,8,0.038,0.041,5.5,0,7712.333,16.0,,57.0,0.0243822249385242,0.019885065630993,-0.0086592703173407,0.0233042728180564,0.5260984573791142,0.5260984573791142,0.5260984573791142,0.5260984573791142,0.0212299999999999,0.02145,0.00823,-0.00805,1,HW Bush_1988,Dukakis_1988,,,-1.1078261,,,-0.02998,,,1.45421752,0.557,-0.547,0.5690115761353518,0.02998,0.0,-0.34639142,0,0,0,0,0,0,1.58127678562863,,,-0.2562158631617737,-0.2956684027777777,-0.0935852846729436,72.5910873413086,49.20384979248047,,,-0.1138884244819868,-0.0699180327868852,-0.1341360781719636,-0.0915290944391995,-0.089959034381858,0.017314999999999952
551,1988,NM,-0.0139299999999999,0.4749008425951464,0.0116899999999999,1.04478969001953,1.04140806961593,-0.0244203914255655,0,8,0.038,0.041,5.5,0,1490.337,5.0,,57.0,0.0867751768811788,0.1200936856948684,0.0461479976963354,0.0292579103468777,0.4637055054364596,0.4637055054364596,0.4637055054364596,0.4637055054364596,0.0462199999999999,0.02289,0.00761,-0.0112,1,HW Bush_1988,Dukakis_1988,,,-1.1078261,,,0.0139299999999999,,,1.45421752,0.557,-0.547,0.5250991574048536,-0.0139299999999999,0.0,-0.34639142,0,0,0,0,0,0,0.0025604798090665,,,-0.0671112115538787,-0.0454375,0.020086648783266,49.0262336730957,46.637115478515625,,,-0.0601684226190476,0.1645384615384615,0.050421105300863,0.1967242722584494,0.1809569620253164,0.0289549999999999
552,1988,NY,-0.0597199999999999,0.5206859423682372,-0.05163,1.04478969001953,1.04140806961593,-0.0244203914255655,0,8,0.038,0.041,5.5,0,17941.309,36.0,,57.0,-0.0155920983325377,-0.0040265846140474,-0.0128527511625615,-0.0001589526453631,0.5660727806501762,0.5660727806501762,0.5660727806501762,0.5660727806501762,-0.03815,-0.0118099999999999,-0.03094,-0.03982,1,HW Bush_1988,Dukakis_1988,,,-1.1078261,,,0.0597199999999999,,,1.45421752,0.557,-0.547,0.4793140576317628,-0.0597199999999999,36.0,-0.34639142,0,0,0,0,0,0,1.80624682093784,,,-0.2635468010179138,-0.2785248022412656,-0.1647577657041646,73.5046157836914,63.36750030517578,,,-0.1193962057030453,-0.1811888111888111,-0.124343215320031,-0.2223976500615302,-0.2284571199605089,-0.04489
553,1988,NC,0.0425499999999999,0.4184246213144999,0.0284699999999999,1.04478969001953,1.04140806961593,-0.0244203914255655,0,8,0.038,0.041,5.5,0,6480.594,13.0,,57.0,-0.0155321443506392,0.0019364098711343,0.0045141581888932,-0.0428837187511252,0.5660128266682777,0.5660128266682777,0.5660128266682777,0.5660128266682777,-0.04186,-0.0450899999999999,0.08843,0.0735599999999999,1,HW Bush_1988,Dukakis_1988,,,-1.1078261,,,-0.0425499999999999,,,1.45421752,0.557,-0.547,0.5815753786855,0.0425499999999999,0.0,-0.34639142,0,0,0,0,1,0,-1.06266434435851,,,-0.0585580731686401,0.3385755494505494,0.0533259551404797,47.96040344238281,43.51875305175781,,,0.113615202387182,0.3323829787234041,0.1669105893205052,0.1956126745688583,0.1772209631728045,-0.00669500000000005
554,1988,ND,0.02692,0.4340464427213233,0.0655399999999999,1.04478969001953,1.04140806961593,-0.0244203914255655,0,8,0.038,0.041,5.5,0,655.331,3.0,,57.0,-0.2130154888686406,-0.2608183099190143,-0.1609361596135564,-0.0582084837036271,0.7634961711862791,0.7634961711862791,0.7634961711862791,0.7634961711862791,0.1569499999999999,0.04047,0.01644,0.0250699999999999,1,HW Bush_1988,Dukakis_1988,,,-1.1078261,,,-0.02692,,,1.45421752,0.557,-0.547,0.5659535572786767,0.02692,0.0,-0.34639142,0,0,0,0,0,0,-0.978667188962078,,,-0.2270530717968749,0.2125,,68.95703125,58.95868682861328,,,-0.040826027168234,0.7114615384615384,-0.0345658061650992,0.0089132653061224,0.0484183673469387,0.1112449999999999
555,1988,OH,0.01571,0.4452593534974925,0.0029,1.04478969001953,1.04140806961593,-0.0244203914255655,0,8,0.038,0.041,5.5,0,10798.552,23.0,,57.0,0.054428661119151,0.0291056183148671,0.0061927865258692,0.0577042817280874,0.4960520211984874,0.4960520211984874,0.4960520211984874,0.4960520211984874,0.0044899999999999,0.00905,-0.0075,-0.0061499999999999,1,HW Bush_1988,Dukakis_1988,,,-1.1078261,,,-0.01571,,,1.45421752,0.557,-0.547,0.5547406465025075,0.01571,0.0,-0.34639142,0,0,0,0,0,0,0.338944368307432,,,-0.1310923454708862,-0.1319126409017713,0.003920218214453,56.99909973144531,58.838226318359375,,,0.2251695959859791,0.2228450704225352,0.2425438882602897,0.1699501850535706,0.1428139685362037,0.00369499999999995
556,1988,OK,0.0448699999999999,0.4161018772755833,0.0992899999999999,1.04478969001953,1.04140806961593,-0.0244203914255655,0,8,0.038,0.041,5.5,0,3167.057,8.0,,57.0,-0.0460867216014083,-0.0587666685274046,-0.0750045119168169,-0.0156952051604651,0.5965674039190468,0.5965674039190468,0.5965674039190468,0.5965674039190468,0.0808599999999999,0.0165899999999999,0.13652,0.0827,1,HW Bush_1988,Dukakis_1988,,,-1.1078261,,,-0.0448699999999999,,,1.45421752,0.557,-0.547,0.5838981227244167,0.0448699999999999,0.0,-0.34639142,0,0,0,0,0,0,-0.321606870280357,,,-0.0392540089270019,0.34840625,0.0639266295049857,45.55487060546875,41.17035675048828,,,0.2375428622703615,0.5722,0.2341190937368067,0.371553630547439,0.4364460589090857,0.0900749999999999
557,1988,OR,-0.0628699999999999,0.5238368079759795,-0.03076,1.04478969001953,1.04140806961593,-0.0244203914255655,0,8,0.038,0.041,5.5,0,2741.297,7.0,,57.0,-0.0165759736012929,-0.0182399225384944,-0.0096760031105224,-0.0860426765273455,0.5670566559189314,0.5670566559189314,0.5670566559189314,0.5670566559189314,0.00267,0.0113099999999999,-0.06445,-0.0420699999999999,1,HW Bush_1988,Dukakis_1988,,,-1.1078261,,,0.0628699999999999,,,1.45421752,0.557,-0.547,0.4761631920240204,-0.0628699999999999,7.0,-0.34639142,0,0,0,0,0,0,0.933652088850582,,,-0.192851416274414,-0.4787083333333333,-0.0319272705766401,64.695068359375,62.552955627441406,,,0.1091020494245896,-0.1187037037037036,0.1007216078030898,-0.0729818011958192,-0.1154682275026377,-0.014045
558,1988,PA,-0.02733,0.4883045300466226,-0.0548,1.04478969001953,1.04140806961593,-0.0244203914255655,0,8,0.038,0.041,5.5,0,11845.752,25.0,,57.0,0.0144285553315423,-0.0189739480918105,0.0235425861208146,0.0260302717360748,0.5360521269860962,0.5360521269860962,0.5360521269860962,0.5360521269860962,-0.01424,-0.0031299999999999,-0.01616,-0.05167,1,HW Bush_1988,Dukakis_1988,,,-1.1078261,,,0.02733,,,1.45421752,0.557,-0.547,0.5116954699533773,-0.02733,0.0,-0.34639142,0,0,0,0,0,0,0.645654523665813,,,-0.2012621763337707,-0.1906467857142857,-0.0402484457023886,65.74315643310547,57.35183334350586,,,0.0735448022511658,0.0475833333333333,0.058676251391919,0.0386778534361148,0.0338368959107806,-0.03452
559,1988,RI,-0.09781,0.5587787055331063,-0.07351,1.04478969001953,1.04140806961593,-0.0244203914255655,0,8,0.038,0.041,5.5,0,996.408,4.0,,57.0,0.1262782109684728,0.0253835247442627,0.035034114404381,-0.0393392806040566,0.4242024713491656,0.4242024713491656,0.4242024713491656,0.4242024713491656,-0.11452,-0.0462799999999999,-0.08684,-0.02723,1,HW Bush_1988,Dukakis_1988,,,-1.1078261,,,0.09781,,,1.45421752,0.557,-0.547,0.4412212944668937,-0.09781,4.0,-0.34639142,0,0,0,0,0,0,1.45765454721946,,,-0.408490018409729,-0.5365,-0.1535074815649867,91.56639099121094,57.70875549316406,,,-0.10426853125,-0.2300714285714285,-0.0787573522727272,-0.0784570707070707,-0.1125959595959596,-0.094015
560,1988,SC,0.0816899999999999,0.3792785443558168,0.04937,1.04478969001953,1.04140806961593,-0.0244203914255655,0,8,0.038,0.041,5.5,0,3412.096,8.0,,57.0,-0.0836576737681628,0.0101033625598703,0.0152019571232175,0.0077240238445034,0.6341383560858013,0.6341383560858013,0.6341383560858013,0.6341383560858013,-0.0450099999999999,-0.0552399999999999,0.0986799999999999,0.1046099999999999,1,HW Bush_1988,Dukakis_1988,,,-1.1078261,,,-0.0816899999999999,,,1.45421752,0.557,-0.547,0.6207214556441831,0.0816899999999999,0.0,-0.34639142,0,0,0,0,1,0,-1.33468068755846,,,-0.0609891884402465,0.31065625,0.0307549529906302,48.26335144042969,47.10261535644531,,,0.2615171870963461,0.5199642857142857,0.2300113918342721,0.1919443181042559,0.2092949907235621,0.00218000000000005
561,1988,SD,-0.00711,0.468076211914141,0.04119,1.04478969001953,1.04140806961593,-0.0244203914255655,0,8,0.038,0.041,5.5,0,698.165,3.0,,57.0,-0.0413328775309065,-0.0474746805005403,0.0443136744707184,-0.0291262408756426,0.591813559848545,0.591813559848545,0.591813559848545,0.591813559848545,0.10347,0.0178699999999999,-0.07456,0.02332,1,HW Bush_1988,Dukakis_1988,,,-1.1078261,,,0.00711,,,1.45421752,0.557,-0.547,0.5319237880858589,-0.00711,0.0,-0.34639142,0,0,0,0,0,0,-0.648779246261563,,,-0.0933332216081238,-0.0011458333333333,,52.29383087158203,39.08450698852539,,,-0.052432213114754,0.555,0.0929851039689387,0.1946130694702123,-0.0594949494949494,0.07233
562,1988,TN,0.0431599999999999,0.4178135949802923,-0.0099899999999999,1.04478969001953,1.04140806961593,-0.0244203914255655,0,8,0.038,0.041,5.5,0,4822.437,11.0,,57.0,-0.0272103111808028,-0.0260229209510002,-0.0378853271002881,-0.0040532383518296,0.5776909934984413,0.5776909934984413,0.5776909934984413,0.5776909934984413,-0.05136,-0.0552899999999999,0.07689,0.0452999999999999,1,HW Bush_1988,Dukakis_1988,,,-1.1078261,,,-0.0431599999999999,,,1.45421752,0.557,-0.547,0.5821864050197076,0.0431599999999999,0.0,-0.34639142,0,0,0,0,1,0,-0.633408798654917,,,-0.0945722589635467,0.2490253787878787,-0.0037648781702621,52.4482307434082,62.212162017822266,,,0.1052128169500884,0.4457674418604651,0.1819055716322357,0.1848258674667944,0.1524264016002556,-0.030674999999999952
563,1988,TX,0.02443,0.4365366706886273,0.0460499999999999,1.04478969001953,1.04140806961593,-0.0244203914255655,0,8,0.038,0.041,5.5,0,16667.022,29.0,,57.0,-0.0256108439284145,-0.0500723110096487,-0.1019725799660081,-0.0857528147407884,0.576091526246053,0.576091526246053,0.576091526246053,0.576091526246053,0.0188099999999999,-0.0055499999999999,0.0478799999999999,0.0515999999999999,1,HW Bush_1988,Dukakis_1988,,,-1.1078261,,,-0.02443,,,1.45421752,0.557,-0.547,0.5634633293113727,0.02443,0.0,-0.34639142,1,0,0,1,1,0,-0.641832254877547,,,-0.0071132115590667,0.4359096816976127,0.0917392589090871,41.54971694946289,43.657020568847656,,,0.2514144882650679,0.5718636363636364,0.3293224809472187,0.3899438161572846,0.3641008788689338,0.032429999999999896
564,1988,UT,0.1348499999999999,0.3261212516809927,0.15939,1.04478969001953,1.04140806961593,-0.0244203914255655,0,8,0.038,0.041,5.5,0,1689.372,5.0,,57.0,0.0892166110230793,0.1765933962895992,0.2426333943137328,0.1157547386274291,0.4612640712945591,0.4612640712945591,0.4612640712945591,0.4612640712945591,0.22679,0.16024,0.10147,-0.0008499999999999,1,HW Bush_1988,Dukakis_1988,,,-1.1078261,,,-0.1348499999999999,,,1.45421752,0.557,-0.547,0.6738787483190072,0.1348499999999999,0.0,-0.34639142,0,0,0,0,0,0,-0.754041595984858,,,0.0145981208856201,0.0045124999999999,0.1386907802721088,38.84420776367188,26.182090759277344,,,0.2522032239665412,0.3842857142857143,0.2831348572407232,0.4245232985401573,0.2869344175931352,0.19308999999999998
565,1988,VT,-0.02121,0.4821828692327555,-0.0051599999999999,1.04478969001953,1.04140806961593,-0.0244203914255655,0,8,0.038,0.041,5.5,0,549.763,3.0,,57.0,0.5504806823176385,0.2365199438635765,0.3087558219845593,0.5134570838505728,0.0,0.0,0.0,0.0,-0.01686,0.06789,0.01428,-0.07305,1,HW Bush_1988,Dukakis_1988,,,-1.1078261,,,0.02121,,,1.45421752,0.557,-0.547,0.5178171307672444,-0.02121,0.0,-0.34639142,0,0,0,0,0,0,0.972372584143194,,,-0.3580098457237244,-0.501,,85.27591705322266,66.5570068359375,,,-0.2241314795918367,-0.2522666666666666,-0.2658528826530612,-0.3135883256528418,-0.4683809523809524,-0.01100999999999995
566,1988,VA,0.06456,0.3964105394241759,0.0349499999999999,1.04478969001953,1.04140806961593,-0.0244203914255655,0,8,0.038,0.041,5.5,0,6036.909,12.0,,57.0,0.0118308085410766,0.0840672459254158,0.0827873443528015,0.187522833410034,0.5386498737765618,0.5386498737765618,0.5386498737765618,0.5386498737765618,0.0152999999999999,0.0172999999999999,0.07467,0.01765,1,HW Bush_1988,Dukakis_1988,,,-1.1078261,,,-0.06456,,,1.45421752,0.557,-0.547,0.6035894605758241,0.06456,0.0,-0.34639142,0,0,0,0,1,0,-0.66824249469724,,,-0.034895413777771,0.1281858974358974,0.1064923097638204,45.01173400878906,55.18108749389648,,,0.2149957918359512,0.661576923076923,0.19685392379254,0.2312566866318996,0.2946473296500921,0.025124999999999897
567,1988,WA,-0.0471099999999999,0.5080771175458582,-0.0261,1.04478969001953,1.04140806961593,-0.0244203914255655,0,8,0.038,0.041,5.5,0,4639.893,10.0,,57.0,-0.0423959445293136,-0.0287594188181413,0.0267018169178986,0.0062173545580879,0.5928766268469521,0.5928766268469521,0.5928766268469521,0.5928766268469521,0.0180899999999999,0.03064,-0.02222,-0.05674,1,HW Bush_1988,Dukakis_1988,,,-1.1078261,,,0.0471099999999999,,,1.45421752,0.557,-0.547,0.4919228824541418,-0.0471099999999999,10.0,-0.34639142,0,0,0,0,0,0,0.675896200349206,,,-0.2290395724038696,-0.2597366161616161,-0.1281992574648,69.20457458496094,65.88870239257812,,,0.0095587138635187,0.0709999999999999,0.016143332186806,-0.0862903076163807,-0.0931530494821634,-0.00400500000000005
568,1988,WV,-0.0627999999999999,0.5237689319762058,-0.03909,1.04478969001953,1.04140806961593,-0.0244203914255655,0,8,0.038,0.041,5.5,0,1830.215,6.0,,57.0,-0.2048020219418734,-0.0831763751456672,-0.0691812500338483,-0.0566329673573032,0.7552827042595119,0.7552827042595119,0.7552827042595119,0.7552827042595119,-0.07656,-0.0702599999999999,0.0182499999999999,0.0311699999999999,1,HW Bush_1988,Dukakis_1988,,,-1.1078261,,,0.0627999999999999,,,1.45421752,0.557,-0.547,0.4762310680237942,-0.0627999999999999,6.0,-0.34639142,0,0,0,0,0,0,0.190865311852708,,,-0.1907254455206298,0.3941666666666666,-0.1571826979166666,64.43014526367188,49.78564834594727,,,-0.0634076746456868,0.1284615384615384,-0.0204164094157515,-0.1036170160726764,-0.0430377358490566,-0.057825
569,1988,WI,-0.0572599999999999,0.5182346629456104,-0.04557,1.04478969001953,1.04140806961593,-0.0244203914255655,0,8,0.038,0.041,5.5,0,4822.388,11.0,,57.0,0.0375857018358422,0.0261555377934201,0.0245794295686786,0.0095777917402999,0.5128949804817963,0.5128949804817963,0.5128949804817963,0.5128949804817963,-0.02696,0.00182,-0.06805,-0.04739,1,HW Bush_1988,Dukakis_1988,,,-1.1078261,,,0.0572599999999999,,,1.45421752,0.557,-0.547,0.4817653370543896,-0.0572599999999999,11.0,-0.34639142,0,0,0,0,0,0,0.885089624294615,,,-0.1803531339696502,-0.1618598484848484,-0.0040278191137366,63.13762283325195,49.06034851074219,,,0.0984097441448804,-0.0780816326530612,0.1254558257906072,0.1559397130827303,0.1884174972314506,-0.036265
570,1988,WY,0.07522,0.3857512357742269,0.12219,1.04478969001953,1.04140806961593,-0.0244203914255655,0,8,0.038,0.041,5.5,0,465.101,3.0,,57.0,0.2451992764460719,0.2770764790603326,0.2708360913973753,0.1991476300529664,0.3052814058715665,0.3052814058715665,0.3052814058715665,0.3052814058715665,0.1384699999999999,0.1087799999999999,0.0758599999999999,0.01341,1,HW Bush_1988,Dukakis_1988,,,-1.1078261,,,-0.07522,,,1.45421752,0.557,-0.547,0.614248764225773,0.07522,0.0,-0.34639142,0,0,0,0,0,0,-0.469036377467518,,,0.0651179672569274,-0.2653333333333333,,32.548789978027344,44.015419006347656,,,0.2792571458773784,0.001111111111111,0.3885590274841437,0.5883801020408163,0.1817602040816326,0.13032999999999995
571,1988,USA,0.0,0.4609709540915077,0.0,1.04478969001953,1.04140806961593,-0.0244203914255655,0,8,0.038,0.041,5.5,0,,,,57.0,,,,,0.5504806823176385,0.5504806823176385,0.5504806823176385,0.5504806823176385,0.0,0.0,0.0,0.0,1,HW Bush_1988,Dukakis_1988,,,-1.1078261,,,-0.0,,,1.45421752,0.557,-0.547,0.5390290459084923,0.0,,-0.34639142,0,0,0,0,0,0,,,,,,,,,,,,,,,,0.0
572,1992,AL,0.07193,0.4617887354009701,0.0584299999999999,1.03973407208912,1.0230352605505,-0.0015282212218218,0,12,0.0438,0.03,7.5,1,4139.269,9.0,43.0,43.0,-0.1531018020131481,-0.0921345946292097,-0.0581933686189369,-0.2010855959775611,0.6867441939163271,0.6867441939163271,0.6867441939163271,0.6867441939163271,0.02082,-0.0461,-0.05623,0.10453,1,HW Bush_1992,Bill Clinton_1992,,,-0.9780986,-0.438,0.033,-0.07193,,,1.36312982,0.557,-0.547,0.5382112645990298,0.07193,0.0,-0.3850312199999999,0,0,0,0,0,1,-1.83878816018452,,,0.0083554848706817,0.591663888888889,0.0377976921935733,39.62211990356445,42.75114822387695,-0.649,0.992,0.4604295031524806,0.4073181818181818,0.4391137242335143,0.41680598426352,0.4860300546448086,0.03962499999999995
573,1992,AK,0.0994599999999999,0.4342573796132983,0.0826,1.03973407208912,1.0230352605505,-0.0015282212218218,0,12,0.0438,0.03,7.5,1,587.073,3.0,43.0,43.0,0.0528525869944313,0.160000086881322,0.1293708854429938,0.0951272897951982,0.4807898049087476,0.4807898049087476,0.4807898049087476,0.4807898049087476,0.09875,0.1201299999999999,0.12936,-0.0375299999999999,1,HW Bush_1992,Bill Clinton_1992,,,-0.9780986,-0.438,0.033,-0.0994599999999999,,,1.36312982,0.557,-0.547,0.5657426203867018,0.0994599999999999,0.0,-0.3850312199999999,0,0,0,0,0,0,0.930173839234477,,,-0.0940038170944213,-0.251,,52.37739562988281,53.50593948364258,-0.649,0.992,-0.0236027570564516,0.1163369565217391,-0.0199928175403225,0.0703035665622019,-0.0188379888268156,0.090675
574,1992,AZ,0.0467399999999999,0.4869809601698806,0.0684,1.03973407208912,1.0230352605505,-0.0015282212218218,0,12,0.0438,0.03,7.5,1,3867.333,8.0,43.0,43.0,0.176728429334174,0.2376484748878692,0.2253348226329053,0.179693360085205,0.356913962569005,0.356913962569005,0.356913962569005,0.356913962569005,0.0793599999999999,0.1292599999999999,0.0965699999999999,-0.0608599999999999,1,HW Bush_1992,Bill Clinton_1992,,,-0.9780986,-0.438,0.033,-0.0467399999999999,,,1.36312982,0.557,-0.547,0.5130190398301193,0.0467399999999999,0.0,-0.3850312199999999,0,0,0,0,0,0,-0.693342871373418,,,-0.0204348146710968,-0.1060044642857143,0.1396272558285714,43.20975875854492,36.744911193847656,-0.649,0.992,0.1629180426583513,0.1370526315789473,0.1871044842921386,0.1705252182777112,0.1604541062801932,0.07387999999999995
575,1992,AR,-0.0662,0.5999226706612252,0.0328899999999999,1.03973407208912,1.0230352605505,-0.0015282212218218,0,12,0.0438,0.03,7.5,1,2394.098,6.0,43.0,43.0,-0.0214772870483915,-0.0494020713655133,-0.0398915982539358,-0.2636276055471267,0.5551196789515705,0.5551196789515705,0.5551196789515705,0.5551196789515705,0.0204699999999999,-0.04966,-0.1397899999999999,0.08255,1,HW Bush_1992,Bill Clinton_1992,,,-0.9780986,-0.438,0.033,0.0662,,,1.36312982,0.557,-0.547,0.4000773293387748,-0.0662,6.0,-0.3850312199999999,0,1,0,0,0,1,-1.67700335934952,,,-0.0403757701339721,0.4932499999999999,-0.0656409011682242,45.69465637207031,66.43862915039062,-0.649,0.992,0.2978499212823815,0.2794848484848484,0.2581806631959352,0.1588924812749439,0.2101474358974358,0.026679999999999898
576,1992,CA,-0.0514499999999999,0.5851672876937908,-0.02096,1.03973407208912,1.0230352605505,-0.0015282212218218,0,12,0.0438,0.03,7.5,1,30875.92,54.0,43.0,43.0,0.0176755518049944,-0.0088191115031075,0.0211075557309333,0.0316896115790609,0.5159668400981845,0.5159668400981845,0.5159668400981845,0.5159668400981845,-0.00956,0.04185,0.01962,-0.06281,1,HW Bush_1992,Bill Clinton_1992,,,-0.9780986,-0.438,0.033,0.0514499999999999,,,1.36312982,0.557,-0.547,0.4148327123062092,-0.0514499999999999,54.0,-0.3850312199999999,0,0,0,0,0,0,2.07754000571025,,,-0.0947635559230041,-0.166228280141844,-0.054596880366369,52.47206878662109,49.33556365966797,-0.649,0.992,-0.0716532763647473,0.0400997375328084,-0.0032674378487238,-0.022455172102871,-0.0542424637638382,-0.01526
577,1992,CO,0.0056999999999999,0.5280206552282498,0.00051,1.03973407208912,1.0230352605505,-0.0015282212218218,0,12,0.0438,0.03,7.5,1,3459.995,8.0,43.0,43.0,0.0254561928366973,0.0416910154835654,0.1078440154180135,0.167513367646065,0.5081861990664817,0.5081861990664817,0.5081861990664817,0.5081861990664817,0.05185,0.0864699999999999,0.06979,-0.0859599999999999,1,HW Bush_1992,Bill Clinton_1992,,,-0.9780986,-0.438,0.033,-0.0056999999999999,,,1.36312982,0.557,-0.547,0.4719793447717502,0.0056999999999999,8.0,-0.3850312199999999,0,0,0,0,0,0,-0.324134065220532,,,-0.056928880628662,-0.29278125,0.1133032951957641,47.75738525390625,43.249786376953125,-0.649,0.992,0.105745036431733,0.2624545454545455,0.1515051212566466,0.1879063918789895,0.1039427609427609,0.026180000000000002
578,1992,CT,-0.00753,0.5412511670742668,-0.01322,1.03973407208912,1.0230352605505,-0.0015282212218218,0,12,0.0438,0.03,7.5,1,3274.997,8.0,43.0,43.0,0.0609599519563985,0.0396080752387488,-0.006194820662702,0.0590516474169133,0.4726824399467804,0.4726824399467804,0.4726824399467804,0.4726824399467804,0.0181799999999999,0.0027099999999999,0.03654,-0.01593,1,HW Bush_1992,Bill Clinton_1992,,,-0.9780986,-0.438,0.033,0.00753,,,1.36312982,0.557,-0.547,0.4587488329257332,-0.00753,8.0,-0.3850312199999999,0,0,0,0,0,0,1.39216440721911,,,-0.2049611964648438,-0.48859375,-0.1031664639976406,66.2041015625,58.73685836791992,-0.649,0.992,-0.012310640537798,-0.0015306122448979,0.0348459221841705,-0.0409375605531649,-0.0519388379204892,0.00247999999999995
579,1992,DC,-0.3692500000000001,0.9029706961939272,-0.39149,1.03973407208912,1.0230352605505,-0.0015282212218218,0,12,0.0438,0.03,7.5,1,584.183,3.0,43.0,43.0,,,,,,,,,-0.45329,-0.40103,-0.3213399999999999,0.0095399999999999,1,HW Bush_1992,Bill Clinton_1992,,,-0.9780986,-0.438,0.033,0.3692500000000001,,,1.36312982,0.557,-0.547,0.0970293038060726,-0.3692500000000001,3.0,-0.3850312199999999,0,0,0,0,0,0,,,,,,,,,-0.649,0.992,,,,,,-0.42239000000000004
580,1992,DE,-0.01826,0.5519799270472528,0.02338,1.03973407208912,1.0230352605505,-0.0015282212218218,0,12,0.0438,0.03,7.5,1,690.158,3.0,43.0,43.0,-0.1334067329369057,-0.141711966215116,-0.1137232173063887,-0.0591485447876255,0.6670491248400847,0.6670491248400847,0.6670491248400847,0.6670491248400847,0.00773,-0.04019,-0.01702,0.06357,1,HW Bush_1992,Bill Clinton_1992,,,-0.9780986,-0.438,0.033,0.01826,,,1.36312982,0.557,-0.547,0.4480200729527471,-0.01826,3.0,-0.3850312199999999,0,0,0,0,0,0,0.278691301752229,,,-0.1524753291898345,-0.219,,59.663692474365234,42.978816986083984,-0.649,0.992,0.1255703174603175,0.1379230769230769,0.0515541865079365,-0.1774242424242424,-0.347,0.015555000000000001
581,1992,FL,0.04557,0.4881521655164098,0.07349,1.03973407208912,1.0230352605505,-0.0015282212218218,0,12,0.0438,0.03,7.5,1,13504.775,25.0,43.0,43.0,0.0231437401395713,0.0637657458258158,0.0114871681945165,0.0151078188531612,0.5104986517636076,0.5104986517636076,0.5104986517636076,0.5104986517636076,0.06151,0.0376499999999999,-0.01636,0.03584,1,HW Bush_1992,Bill Clinton_1992,,,-0.9780986,-0.438,0.033,-0.04557,,,1.36312982,0.557,-0.547,0.5118478344835902,0.04557,0.0,-0.3850312199999999,0,0,0,0,0,1,-0.221148474894365,,,-0.032808167724533,0.0591937229437229,0.062451644472804,44.75163650512695,61.57408142089844,-0.649,0.992,0.1806838146028486,0.1540775862068965,0.2208202469214565,0.264601052971485,0.2495600094421721,0.0675
582,1992,GA,0.0302999999999999,0.5034212845109663,0.06301,1.03973407208912,1.0230352605505,-0.0015282212218218,0,12,0.0438,0.03,7.5,1,6759.474,13.0,43.0,43.0,-0.0796999920112786,-0.1335529041630573,-0.1773410668589571,-0.1909885876582697,0.6133423839144576,0.6133423839144576,0.6133423839144576,0.6133423839144576,0.01017,-0.1294199999999999,-0.1589399999999999,0.19243,1,HW Bush_1992,Bill Clinton_1992,,,-0.9780986,-0.438,0.033,-0.0302999999999999,,,1.36312982,0.557,-0.547,0.4965787154890336,0.0302999999999999,13.0,-0.3850312199999999,0,0,0,0,0,1,-1.38588992980368,,,-0.0305541146410369,0.413125,0.0353894048497457,44.47075271606445,58.59246444702149,-0.649,0.992,0.303870406687069,0.5949732620320856,0.2930898063797805,0.4145058083866176,0.4566087321578506,0.03659
583,1992,HI,-0.03348,0.567199777308213,-0.08709,1.03973407208912,1.0230352605505,-0.0015282212218218,0,12,0.0438,0.03,7.5,1,1149.926,4.0,43.0,43.0,-0.1135902287384834,-0.1620342348912271,-0.0300253047298385,-0.3222274015366716,0.6472326206416624,0.6472326206416624,0.6472326206416624,0.6472326206416624,-0.03477,-0.0636999999999999,-0.00239,-0.02339,1,HW Bush_1992,Bill Clinton_1992,,,-0.9780986,-0.438,0.033,0.03348,,,1.36312982,0.557,-0.547,0.432800222691787,-0.03348,4.0,-0.3850312199999999,0,0,0,0,0,0,1.97705809885806,,,-0.2772226509558105,0.047125,-0.2875629999999999,75.20880126953125,70.9632797241211,-0.649,0.992,-0.3340869312169312,-0.1085555555555555,-0.2821660799514536,-0.3871939931271477,-0.4731439999999999,-0.06093
584,1992,ID,0.1303299999999999,0.4033851697884342,0.0938499999999999,1.03973407208912,1.0230352605505,-0.0015282212218218,0,12,0.0438,0.03,7.5,1,1066.49,4.0,43.0,43.0,-0.0484085314320197,0.0398803813689274,0.1104027024399079,0.1191971546199933,0.5820509233351987,0.5820509233351987,0.5820509233351987,0.5820509233351987,0.14095,0.1722699999999999,0.12777,-0.0784199999999999,1,HW Bush_1992,Bill Clinton_1992,,,-0.9780986,-0.438,0.033,-0.1303299999999999,,,1.36312982,0.557,-0.547,0.5966148302115657,0.1303299999999999,0.0,-0.3850312199999999,0,0,0,0,0,0,-0.68079628873345,,,-0.0004974102479552,0.16425,0.1235189905797101,40.72530364990234,43.80030059814453,-0.649,0.992,0.2348750995024875,0.3382882882882883,0.2209675167060555,0.1160815861239809,0.2424809688581314,0.11739999999999995
585,1992,IL,-0.0521599999999999,0.585882182122468,-0.02854,1.03973407208912,1.0230352605505,-0.0015282212218218,0,12,0.0438,0.03,7.5,1,11635.197,22.0,43.0,43.0,-0.0159768767200086,-0.0005173558378951,0.0124059958764153,0.0082499464121955,0.5496192686231877,0.5496192686231877,0.5496192686231877,0.5496192686231877,-0.0270799999999999,-0.00946,0.0204699999999999,-0.0190799999999999,1,HW Bush_1992,Bill Clinton_1992,,,-0.9780986,-0.438,0.033,0.0521599999999999,,,1.36312982,0.557,-0.547,0.414117817877532,-0.0521599999999999,22.0,-0.3850312199999999,0,0,0,0,0,0,0.272662346397847,,,-0.1345895073605346,-0.1189183333333333,-0.0671149664439672,57.43489074707031,46.76373672485352,-0.649,0.992,-0.1015264936430246,0.0220787401574803,-0.0701642310274303,-0.0372226883943301,-0.0676703540524451,-0.02780999999999995
586,1992,IN,0.0720699999999999,0.4616510546606123,0.06223,1.03973407208912,1.0230352605505,-0.0015282212218218,0,12,0.0438,0.03,7.5,1,5648.649,12.0,43.0,43.0,-0.0152333216187261,0.01606966125411,0.0400297689795486,0.0548065547511495,0.5488757135219051,0.5488757135219051,0.5488757135219051,0.5488757135219051,0.02892,0.0451099999999999,0.04893,0.01712,1,HW Bush_1992,Bill Clinton_1992,,,-0.9780986,-0.438,0.033,-0.0720699999999999,,,1.36312982,0.557,-0.547,0.5383489453393877,0.0720699999999999,0.0,-0.3850312199999999,0,0,1,0,0,0,-0.153501199932105,,,-0.0740128103387451,-0.1831517857142857,0.0284908598410705,49.886260986328125,54.005279541015625,-0.649,0.992,0.1622860112213125,0.5531818181818182,0.1334731855207187,0.09827468776463,0.0894970414201183,0.045575000000000004
587,1992,IA,-0.00361,0.5373252911356213,-0.0905099999999999,1.03973407208912,1.0230352605505,-0.0015282212218218,0,12,0.0438,0.03,7.5,1,2806.923,7.0,43.0,43.0,0.0235584705690906,0.0445961453444941,0.0692743104834033,0.0569492084686625,0.5100839213340883,0.5100839213340883,0.5100839213340883,0.5100839213340883,-0.05457,0.01777,0.0156,-0.1082799999999999,1,HW Bush_1992,Bill Clinton_1992,,,-0.9780986,-0.438,0.033,0.00361,,,1.36312982,0.557,-0.547,0.4626747088643786,-0.00361,7.0,-0.3850312199999999,0,0,0,0,0,0,0.792669596361055,,,-0.0993397134807586,-0.3530625,0.0166802134554169,53.04231643676758,48.07649230957031,-0.649,0.992,0.0965841300733776,-0.0662272727272727,0.0764761483360509,0.1851774749764275,0.2660090744101633,-0.07253999999999995
588,1992,KS,0.0691299999999999,0.4645894441238242,0.0282499999999999,1.03973407208912,1.0230352605505,-0.0015282212218218,0,12,0.0438,0.03,7.5,1,2526.042,6.0,43.0,43.0,0.0294860291656016,0.1399657880892522,0.1532087517132212,0.0808888843360361,0.5041563627375774,0.5041563627375774,0.5041563627375774,0.5041563627375774,0.07848,0.0818899999999999,0.0492,-0.0536399999999999,1,HW Bush_1992,Bill Clinton_1992,,,-0.9780986,-0.438,0.033,-0.0691299999999999,,,1.36312982,0.557,-0.547,0.5354105558761758,0.0691299999999999,0.0,-0.3850312199999999,0,0,0,0,0,0,-0.494028072859854,,,-0.0347339333071136,-0.2646785714285714,0.0985250649572649,44.99161148071289,49.311790466308594,-0.649,0.992,0.2625016872890888,0.4239565217391305,0.2238347311627954,0.2637408901613742,0.2996764705882352,0.05336499999999995
589,1992,KY,0.0150299999999999,0.5186877769476606,0.0195099999999999,1.03973407208912,1.0230352605505,-0.0015282212218218,0,12,0.0438,0.03,7.5,1,3756.358,8.0,43.0,43.0,0.0629094534233427,0.0471609741720798,-0.0466311309492821,-0.0277237308516445,0.4707329384798362,0.4707329384798362,0.4707329384798362,0.4707329384798362,0.01212,-0.04533,-0.0261,0.06484,1,HW Bush_1992,Bill Clinton_1992,,,-0.9780986,-0.438,0.033,-0.0150299999999999,,,1.36312982,0.557,-0.547,0.4813122230523394,0.0150299999999999,8.0,-0.3850312199999999,0,0,0,0,0,0,-0.389528078160313,,,-0.0686778017123412,0.2738611111111111,0.0699109387951807,49.22145080566406,63.37022018432617,-0.649,0.992,0.3558349346754771,0.342975,0.2739213612288055,0.2652209860529199,0.1700039456317124,0.01581499999999995
590,1992,LA,0.00707,0.5266513786041565,0.0071499999999999,1.03973407208912,1.0230352605505,-0.0015282212218218,0,12,0.0438,0.03,7.5,1,4270.849,9.0,43.0,43.0,-0.4663198223420506,0.1010188401552016,-0.1877003725558524,-0.2238238908654106,0.9999622142452296,0.9999622142452296,0.9999622142452296,0.9999622142452296,0.02238,-0.0247499999999999,-0.0191599999999999,0.0318999999999999,1,HW Bush_1992,Bill Clinton_1992,,,-0.9780986,-0.438,0.033,-0.00707,,,1.36312982,0.557,-0.547,0.4733486213958435,0.00707,9.0,-0.3850312199999999,0,0,0,0,0,1,-0.874385358915307,,,0.0223146220645904,0.3827431818181818,0.1298523493303571,37.88263320922852,56.29610824584961,-0.649,0.992,0.0977155235835592,0.2938717948717949,0.2664160246053549,0.4646890365720433,0.4153651925820257,0.01476499999999995
591,1992,ME,-0.0268399999999999,0.5605587286454831,0.0186799999999999,1.03973407208912,1.0230352605505,-0.0015282212218218,0,12,0.0438,0.03,7.5,1,1235.748,4.0,43.0,43.0,-0.0165364417032246,0.0352716839826527,0.1512884180519831,0.2240579934757958,0.5501788336064036,0.5501788336064036,0.5501788336064036,0.5501788336064036,0.01888,-0.03377,0.0147499999999999,0.05245,1,HW Bush_1992,Bill Clinton_1992,,,-0.9780986,-0.438,0.033,0.0268399999999999,,,1.36312982,0.557,-0.547,0.4394412713545169,-0.0268399999999999,4.0,-0.3850312199999999,0,0,0,0,0,0,0.653316580473861,,,-0.2314424018072509,-0.4121249999999999,-0.1626539671156004,69.50399780273438,56.76559448242188,-0.649,0.992,-0.2046646321839081,-0.1465714285714286,-0.1678540607553366,-0.2206018518518518,-0.2646919191919192,0.01877999999999995
592,1992,MD,-0.0492799999999999,0.5829990003921766,-0.02439,1.03973407208912,1.0230352605505,-0.0015282212218218,0,12,0.0438,0.03,7.5,1,4902.545,10.0,43.0,43.0,0.0113522035009279,-0.0667842559602163,-0.0785221416004396,-0.11433951079259,0.522290188402251,0.522290188402251,0.522290188402251,0.522290188402251,-0.06423,-0.06905,-0.0199099999999999,0.04466,1,HW Bush_1992,Bill Clinton_1992,,,-0.9780986,-0.438,0.033,0.0492799999999999,,,1.36312982,0.557,-0.547,0.4170009996078234,-0.0492799999999999,10.0,-0.3850312199999999,0,0,0,0,0,0,0.803421831135573,,,-0.2054456072644043,-0.150925,-0.0916299519791666,66.26446533203125,65.57919311523438,-0.649,0.992,-0.1132941040503792,0.0486101694915254,-0.025171880773084,-0.0972024990312812,-0.1091499436302142,-0.044309999999999995
593,1992,MA,-0.0872,0.6209234684003614,-0.0788499999999999,1.03973407208912,1.0230352605505,-0.0015282212218218,0,12,0.0438,0.03,7.5,1,5993.474,12.0,43.0,43.0,-0.1810910841666528,-0.2447787490236851,-0.276664529925411,-0.1706705918347156,0.7147334760698318,0.7147334760698318,0.7147334760698318,0.7147334760698318,-0.07783,-0.0519499999999999,-0.07071,-0.0268999999999999,1,HW Bush_1992,Bill Clinton_1992,,,-0.9780986,-0.438,0.033,0.0872,,,1.36312982,0.557,-0.547,0.3790765315996386,-0.0872,12.0,-0.3850312199999999,0,0,0,0,0,0,1.45630448280798,,,-0.3485778556167602,-0.3429436813186812,-0.2579327131450571,84.10057067871094,60.74330520629883,-0.649,0.992,-0.2411174387564034,-0.2169999999999999,-0.2410850063883952,-0.3071380260008189,-0.2618837719298246,-0.07833999999999995
594,1992,MI,-0.01243,0.5461515964697112,0.0007499999999999,1.03973407208912,1.0230352605505,-0.0015282212218218,0,12,0.0438,0.03,7.5,1,9470.323,18.0,43.0,43.0,-0.0145065643543809,0.0014984949952497,-0.0281927661265368,-0.0167782731090386,0.5481489562575599,0.5481489562575599,0.5481489562575599,0.5481489562575599,0.0036499999999999,-0.0174,0.03788,0.01815,1,HW Bush_1992,Bill Clinton_1992,,,-0.9780986,-0.438,0.033,0.01243,,,1.36312982,0.557,-0.547,0.4538484035302887,-0.01243,18.0,-0.3850312199999999,0,0,0,0,0,0,0.889436596204826,,,-0.1631729588378143,-0.217275,-0.1437882397673804,60.99675369262695,47.22604370117188,-0.649,0.992,0.2254694099043658,0.1546330275229357,0.2139292137691776,0.1505515306122449,0.22695,0.0021999999999999
595,1992,MN,-0.04349,0.5772134022448636,-0.07454,1.03973407208912,1.0230352605505,-0.0015282212218218,0,12,0.0438,0.03,7.5,1,4471.503,10.0,43.0,43.0,0.533642391903179,0.5334544396317948,-0.0481097012569403,-0.0142025226805082,0.0,0.0,0.0,0.0,-0.0927199999999999,-0.075,-0.05598,0.00046,1,HW Bush_1992,Bill Clinton_1992,,,-0.9780986,-0.438,0.033,0.04349,,,1.36312982,0.557,-0.547,0.4227865977551364,-0.04349,10.0,-0.3850312199999999,0,0,0,0,0,0,0.756087751222061,,,-0.1611795092134094,-0.4661499999999999,-0.0727551905695735,60.74834442138672,51.54323959350586,-0.649,0.992,0.09266547806799,0.0354489795918367,0.0388765974004765,0.0196843955856742,0.1181196808510638,-0.08362999999999995
596,1992,MS,0.0829999999999999,0.450715105326158,0.06618,1.03973407208912,1.0230352605505,-0.0015282212218218,0,12,0.0438,0.03,7.5,1,2610.193,7.0,43.0,43.0,-0.278526877191697,-0.130151497345247,-0.0521707655501444,-0.0893168336986539,0.812169269094876,0.812169269094876,0.812169269094876,0.812169269094876,0.03098,-0.04608,0.00077,0.11226,1,HW Bush_1992,Bill Clinton_1992,,,-0.9780986,-0.438,0.033,-0.0829999999999999,,,1.36312982,0.557,-0.547,0.549284894673842,0.0829999999999999,0.0,-0.3850312199999999,0,0,0,0,0,1,-2.1189591571899,,,0.0390630091322326,0.5916026785714286,0.0075727825806451,35.79557037353516,44.00653839111328,-0.649,0.992,0.657972366185696,0.6537391304347826,0.5911286139446059,0.5069613825304229,0.4267796208530806,0.04858
597,1992,MO,-0.0313499999999999,0.5650696610031356,-0.01906,1.03973407208912,1.0230352605505,-0.0015282212218218,0,12,0.0438,0.03,7.5,1,5193.686,11.0,43.0,43.0,-0.0045624238820921,-0.0245401285936359,-0.0296647456921351,-0.0295773753659508,0.5382048157852711,0.5382048157852711,0.5382048157852711,0.5382048157852711,0.00844,-0.01721,-0.0079799999999999,-0.00185,1,HW Bush_1992,Bill Clinton_1992,,,-0.9780986,-0.438,0.033,0.0313499999999999,,,1.36312982,0.557,-0.547,0.4349303389968644,-0.0313499999999999,11.0,-0.3850312199999999,0,0,0,0,0,0,-0.373888182914606,,,-0.1250090776702118,-0.1278636363636363,0.0263229979108632,56.24104690551758,48.7885627746582,-0.649,0.992,0.1604228221726882,0.1440555555555555,0.0905502176065275,0.0645538250260933,0.1164604409060659,-0.0053100000000000005
598,1992,MT,0.0164799999999999,0.517240571248753,-0.0091499999999999,1.03973407208912,1.0230352605505,-0.0015282212218218,0,12,0.0438,0.03,7.5,1,822.436,3.0,43.0,43.0,0.0385851516579626,0.0040513724142228,0.0091010899159044,0.0142731353711085,0.4950572402452163,0.4950572402452163,0.4950572402452163,0.4950572402452163,0.0211999999999999,0.0837899999999999,0.0482799999999999,-0.0929399999999999,1,HW Bush_1992,Bill Clinton_1992,,,-0.9780986,-0.438,0.033,-0.0164799999999999,,,1.36312982,0.557,-0.547,0.482759428751247,0.0164799999999999,3.0,-0.3850312199999999,0,0,0,0,0,0,0.343841414556443,,,-0.0944335541270446,-0.0057499999999999,0.0196495817663817,52.430946350097656,46.29979705810547,-0.649,0.992,0.0827509935897436,0.2051565836298932,0.0796319913967611,0.1427138605442177,0.1149583333333334,0.006025
599,1992,NE,0.1467699999999999,0.3869465363456711,0.0664299999999999,1.03973407208912,1.0230352605505,-0.0015282212218218,0,12,0.0438,0.03,7.5,1,1602.406,5.0,43.0,43.0,0.0612801025018168,0.1831698154425541,0.1960933392272466,0.2681998171522826,0.4723622894013621,0.4723622894013621,0.4723622894013621,0.4723622894013621,0.11824,0.16279,0.11662,-0.09636,1,HW Bush_1992,Bill Clinton_1992,,,-0.9780986,-0.438,0.033,-0.1467699999999999,,,1.36312982,0.557,-0.547,0.6130534636543289,0.1467699999999999,0.0,-0.3850312199999999,0,0,0,0,0,0,-0.0637400002115703,,,-0.1029446922837066,0.144,0.0792861504273504,53.49154281616211,55.39570617675781,-0.649,0.992,0.3903963787878788,0.1377058823529411,0.2130486367832847,0.2563728998957425,0.3774107744107744,0.09233499999999994
600,1992,NV,0.0154699999999999,0.5182477751961773,0.06916,1.03973407208912,1.0230352605505,-0.0015282212218218,0,12,0.0438,0.03,7.5,1,1330.694,4.0,43.0,43.0,0.0449159250223592,0.0076621568111966,0.0750961031201976,0.1127307818092145,0.4887264668808197,0.4887264668808197,0.4887264668808197,0.4887264668808197,0.0813499999999999,0.1464099999999999,0.0331299999999999,-0.0772499999999999,1,HW Bush_1992,Bill Clinton_1992,,,-0.9780986,-0.438,0.033,-0.0154699999999999,,,1.36312982,0.557,-0.547,0.4817522248038227,0.0154699999999999,4.0,-0.3850312199999999,0,0,0,0,0,0,-0.60823201202063,,,-0.0281078462257385,0.080125,0.1214344424242424,44.16591644287109,56.38130569458008,-0.649,0.992,0.0797225817883511,0.0623385826771653,0.0354152529760277,0.1209078014184396,0.1341560283687943,0.07525499999999995
601,1992,NH,0.0257499999999999,0.507965513554495,0.09331,1.03973407208912,1.0230352605505,-0.0015282212218218,0,12,0.0438,0.03,7.5,1,1112.766,4.0,43.0,43.0,0.0472084772072475,0.1214095470719747,0.1995149292629173,0.2040045868997748,0.4864339146959314,0.4864339146959314,0.4864339146959314,0.4864339146959314,0.0974499999999999,0.1178199999999999,0.06785,-0.0245099999999999,1,HW Bush_1992,Bill Clinton_1992,,,-0.9780986,-0.438,0.033,-0.0257499999999999,,,1.36312982,0.557,-0.547,0.4920344864455049,0.0257499999999999,4.0,-0.3850312199999999,0,0,0,0,0,0,0.209935853547859,,,-0.0596592934474944,-0.460125,0.1165421761006289,48.09762954711914,28.716463088989254,-0.649,0.992,0.0648417058664503,0.2001290322580645,0.1409238255161977,0.1176798782670963,0.0448631578947368,0.09537999999999995
602,1992,NJ,0.0195199999999999,0.5142031835209345,0.02998,1.03973407208912,1.0230352605505,-0.0015282212218218,0,12,0.0438,0.03,7.5,1,7827.77,15.0,43.0,43.0,0.0548072349268505,0.0471936074037445,0.0243822249385242,0.019885065630993,0.4788351569763284,0.4788351569763284,0.4788351569763284,0.4788351569763284,0.0134,0.0212299999999999,0.02145,0.00875,1,HW Bush_1992,Bill Clinton_1992,,,-0.9780986,-0.438,0.033,-0.0195199999999999,,,1.36312982,0.557,-0.547,0.4857968164790655,0.0195199999999999,15.0,-0.3850312199999999,0,0,0,0,0,0,2.16074597952748,,,-0.1951246327275085,-0.290875,-0.0905636150310055,64.97834014892578,53.913482666015625,-0.649,0.992,0.0178925294242583,-0.0143521126760563,-0.0457489106949686,-0.0083920681145019,0.0131458863443596,0.02169
603,1992,NM,-0.0177,0.5514215676975641,-0.0139299999999999,1.03973407208912,1.0230352605505,-0.0015282212218218,0,12,0.0438,0.03,7.5,1,1580.75,5.0,43.0,43.0,0.1286403603670594,0.0639783775756982,0.0867751768811788,0.1200936856948684,0.4050020315361196,0.4050020315361196,0.4050020315361196,0.4050020315361196,0.0116899999999999,0.0462199999999999,0.02289,-0.0601499999999999,1,HW Bush_1992,Bill Clinton_1992,,,-0.9780986,-0.438,0.033,0.0177,,,1.36312982,0.557,-0.547,0.4485784323024359,-0.0177,5.0,-0.3850312199999999,0,0,0,0,0,0,-0.039787372459644,,,-0.0853079330343627,-0.0202,0.0150700222325773,51.29377746582031,64.5623779296875,-0.649,0.992,0.1073530049201761,-0.1981774891774891,0.1918136740325947,0.190147046728011,0.0095510204081632,-0.0011200000000000003
604,1992,NY,-0.06106,0.5947834771949159,-0.0597199999999999,1.03973407208912,1.0230352605505,-0.0015282212218218,0,12,0.0438,0.03,7.5,1,18082.032,33.0,43.0,43.0,-0.0132516942539477,-0.0272076330832493,-0.0155920983325377,-0.0040265846140474,0.5468940861571268,0.5468940861571268,0.5468940861571268,0.5468940861571268,-0.05163,-0.03815,-0.0118099999999999,-0.0215699999999999,1,HW Bush_1992,Bill Clinton_1992,,,-0.9780986,-0.438,0.033,0.06106,,,1.36312982,0.557,-0.547,0.4052165228050841,-0.06106,33.0,-0.3850312199999999,0,0,0,0,0,0,1.65980617285699,,,-0.2515172253456116,-0.2628973150782361,-0.1713636380257694,72.00557708740234,64.11612701416016,-0.649,0.992,-0.128622634075603,-0.3453758620689655,-0.1385004755247662,-0.2238188038970287,-0.2183214285714285,-0.05567499999999995
605,1992,NC,0.0382999999999999,0.4954153572081328,0.0425499999999999,1.03973407208912,1.0230352605505,-0.0015282212218218,0,12,0.0438,0.03,7.5,1,6831.85,14.0,43.0,43.0,-0.0014790214052031,-0.0249806275052095,-0.0155321443506392,0.0019364098711343,0.5351214133083821,0.5351214133083821,0.5351214133083821,0.5351214133083821,0.0284699999999999,-0.04186,-0.0450899999999999,0.0844099999999999,1,HW Bush_1992,Bill Clinton_1992,,,-0.9780986,-0.438,0.033,-0.0382999999999999,,,1.36312982,0.557,-0.547,0.5045846427918672,0.0382999999999999,0.0,-0.3850312199999999,0,0,0,0,0,1,-1.18118287149224,,,-0.0165960488815307,0.2846140109890109,0.0798915890150237,42.73139953613281,43.53873443603516,-0.649,0.992,0.0903441558373802,0.3183387096774193,0.1615646839723081,0.2212334535834535,0.1835738095238095,0.0355099999999999
606,1992,ND,0.1124699999999999,0.4212529522709122,0.02692,1.03973407208912,1.0230352605505,-0.0015282212218218,0,12,0.0438,0.03,7.5,1,635.427,3.0,43.0,43.0,-0.1182704356452988,-0.1821734848812631,-0.2130154888686406,-0.2608183099190143,0.6519128275484778,0.6519128275484778,0.6519128275484778,0.6519128275484778,0.0655399999999999,0.1569499999999999,0.04047,-0.1300299999999999,1,HW Bush_1992,Bill Clinton_1992,,,-0.9780986,-0.438,0.033,-0.1124699999999999,,,1.36312982,0.557,-0.547,0.5787470477290877,0.1124699999999999,0.0,-0.3850312199999999,0,0,0,0,0,0,-1.04952958904888,,,-0.1989576127713013,0.2834375,,65.45597839355469,60.24204254150391,-0.649,0.992,0.0826180734309385,0.5242,0.0609701015012582,0.0463279372260709,0.0131104199066873,0.04622999999999995
607,1992,OH,0.0220399999999999,0.5116816334695452,0.01571,1.03973407208912,1.0230352605505,-0.0015282212218218,0,12,0.0438,0.03,7.5,1,11007.609,21.0,43.0,43.0,0.0018136379441792,0.0363950733456445,0.054428661119151,0.0291056183148671,0.5318287539589998,0.5318287539589998,0.5318287539589998,0.5318287539589998,0.0029,0.0044899999999999,0.00905,0.01122,1,HW Bush_1992,Bill Clinton_1992,,,-0.9780986,-0.438,0.033,-0.0220399999999999,,,1.36312982,0.557,-0.547,0.4883183665304548,0.0220399999999999,21.0,-0.3850312199999999,0,0,0,0,0,0,0.123131112675585,,,-0.1128190011244201,-0.1151304347826087,-0.0046196354515412,54.72200775146485,41.34006118774414,-0.649,0.992,0.2710068005575505,0.1243353658536585,0.2481068800455868,0.1307411142227659,0.2148791689447785,0.009304999999999999
608,1992,OK,0.0899399999999999,0.4437788169738132,0.0448699999999999,1.03973407208912,1.0230352605505,-0.0015282212218218,0,12,0.0438,0.03,7.5,1,3204.174,8.0,43.0,43.0,-0.0722700307449205,0.0046948512558067,-0.0460867216014083,-0.0587666685274046,0.6059124226480995,0.6059124226480995,0.6059124226480995,0.6059124226480995,0.0992899999999999,0.0808599999999999,0.0165899999999999,-0.03599,1,HW Bush_1992,Bill Clinton_1992,,,-0.9780986,-0.438,0.033,-0.0899399999999999,,,1.36312982,0.557,-0.547,0.5562211830261867,0.0899399999999999,0.0,-0.3850312199999999,0,0,0,0,0,0,-0.370400733554977,,,-0.0309106267853546,0.3218125,0.0785152645477208,44.51517868041992,56.65995788574219,-0.649,0.992,0.3547004897489262,0.4823428571428571,0.3156493145698571,0.3402866009636249,0.3710448260288309,0.07207999999999991
609,1992,OR,-0.0326199999999999,0.5663389151659282,-0.0628699999999999,1.03973407208912,1.0230352605505,-0.0015282212218218,0,12,0.0438,0.03,7.5,1,2973.934,7.0,43.0,43.0,-0.1273336914010971,-0.1166353120470751,-0.0165759736012929,-0.0182399225384944,0.6609760833042762,0.6609760833042762,0.6609760833042762,0.6609760833042762,-0.03076,0.00267,0.0113099999999999,-0.0655399999999999,1,HW Bush_1992,Bill Clinton_1992,,,-0.9780986,-0.438,0.033,0.0326199999999999,,,1.36312982,0.557,-0.547,0.4336610848340718,-0.0326199999999999,7.0,-0.3850312199999999,0,0,0,0,0,0,1.1466420363328,,,-0.2275276866247558,-0.4014642857142857,-0.0978100676375404,69.01617431640625,64.09764099121094,-0.649,0.992,-0.2002733632756132,0.1167115384615384,-0.1521530257359223,-0.2011082035364263,-0.2024816176470588,-0.04681499999999995
610,1992,PA,-0.02177,0.5554852946101531,-0.02733,1.03973407208912,1.0230352605505,-0.0015282212218218,0,12,0.0438,0.03,7.5,1,11980.819,23.0,43.0,43.0,0.079290980820904,0.02781873184073,0.0144285553315423,-0.0189739480918105,0.4543514110822749,0.4543514110822749,0.4543514110822749,0.4543514110822749,-0.0548,-0.01424,-0.0031299999999999,-0.0130899999999999,1,HW Bush_1992,Bill Clinton_1992,,,-0.9780986,-0.438,0.033,0.02177,,,1.36312982,0.557,-0.547,0.4445147053898469,-0.02177,23.0,-0.3850312199999999,0,0,0,0,0,0,0.438276383309855,,,-0.1341494845576477,-0.1885629629629629,-0.0381009343191097,57.38005828857422,59.87142562866211,-0.649,0.992,0.0705876844911735,0.094036036036036,0.0724968865842309,0.1151542919084438,0.0893139158576051,-0.041065000000000004
611,1992,RI,-0.08472,0.6184372281820818,-0.09781,1.03973407208912,1.0230352605505,-0.0015282212218218,0,12,0.0438,0.03,7.5,1,1000.571,4.0,43.0,43.0,0.0090896120032178,0.1747021314122313,0.1262782109684728,0.0253835247442627,0.5245527798999611,0.5245527798999611,0.5245527798999611,0.5245527798999611,-0.07351,-0.11452,-0.0462799999999999,0.01671,1,HW Bush_1992,Bill Clinton_1992,,,-0.9780986,-0.438,0.033,0.08472,,,1.36312982,0.557,-0.547,0.3815627718179182,-0.08472,4.0,-0.3850312199999999,0,0,0,0,0,0,1.55717737343717,,,-0.1857012753205871,-0.59775,-0.1539310506631299,63.80406951904297,67.75653839111328,-0.649,0.992,-0.2146199772727273,-0.1960625,-0.2929958256899351,-0.2326541478615946,-0.1349042553191489,-0.08566
612,1992,SC,0.0800699999999999,0.4536466162923915,0.0816899999999999,1.03973407208912,1.0230352605505,-0.0015282212218218,0,12,0.0438,0.03,7.5,1,3600.576,8.0,43.0,43.0,-0.0486955121676008,-0.0222390600972594,-0.0836576737681628,0.0101033625598703,0.5823379040707798,0.5823379040707798,0.5823379040707798,0.5823379040707798,0.04937,-0.0450099999999999,-0.0552399999999999,0.1266999999999999,1,HW Bush_1992,Bill Clinton_1992,,,-0.9780986,-0.438,0.033,-0.0800699999999999,,,1.36312982,0.557,-0.547,0.5463533837076084,0.0800699999999999,0.0,-0.3850312199999999,0,0,0,0,0,1,-1.38473549189631,,,-0.0605602779427337,0.29534375,0.0423761185021178,48.209903717041016,47.10261535644531,-0.649,0.992,0.2531293026433494,0.4083333333333334,0.3461813058160566,0.3153327393647517,0.2862103703703704,0.06552999999999995
613,1992,SD,0.0563299999999999,0.4773896623166135,-0.00711,1.03973407208912,1.0230352605505,-0.0015282212218218,0,12,0.0438,0.03,7.5,1,708.698,3.0,43.0,43.0,-0.1418933681882325,-0.1839149803402489,-0.0413328775309065,-0.0474746805005403,0.6755357600914115,0.6755357600914115,0.6755357600914115,0.6755357600914115,0.04119,0.10347,0.0178699999999999,-0.11058,1,HW Bush_1992,Bill Clinton_1992,,,-0.9780986,-0.438,0.033,-0.0563299999999999,,,1.36312982,0.557,-0.547,0.5226103376833865,0.0563299999999999,0.0,-0.3850312199999999,0,0,0,0,0,0,-0.778530514222094,,,-0.102007554530487,-0.0018333333333333,,53.37476348876953,41.19502639770508,-0.649,0.992,-0.0225935670117917,0.4387692307692308,-0.0078987722893298,-0.0240495400232631,-0.0471398963730569,0.01704
614,1992,TN,0.0077399999999999,0.5259803664707596,0.0431599999999999,1.03973407208912,1.0230352605505,-0.0015282212218218,0,12,0.0438,0.03,7.5,1,5013.999,11.0,43.0,43.0,-0.0276569619765068,-0.0779862168515577,-0.0272103111808028,-0.0260229209510002,0.5612993538796858,0.5612993538796858,0.5612993538796858,0.5612993538796858,-0.0099899999999999,-0.05136,-0.0552899999999999,0.0945199999999999,1,HW Bush_1992,Bill Clinton_1992,,,-0.9780986,-0.438,0.033,-0.0077399999999999,,,1.36312982,0.557,-0.547,0.4740196335292403,0.0077399999999999,11.0,-0.3850312199999999,0,0,0,1,0,1,-0.678737779253575,,,-0.0634006811560821,0.2178617424242424,0.0331250354885497,48.5638542175293,61.14482116699219,-0.649,0.992,0.2775931037431378,0.2822857142857142,0.1592304568658283,0.1729331743748024,0.2137369826435247,0.016585
615,1992,TX,0.0561399999999999,0.477578368341145,0.02443,1.03973407208912,1.0230352605505,-0.0015282212218218,0,12,0.0438,0.03,7.5,1,17650.479,32.0,43.0,43.0,-0.0070342480030245,-0.0652096960771377,-0.0256108439284145,-0.0500723110096487,0.5406766399062035,0.5406766399062035,0.5406766399062035,0.5406766399062035,0.0460499999999999,0.0188099999999999,-0.0055499999999999,0.00562,1,HW Bush_1992,Bill Clinton_1992,,,-0.9780986,-0.438,0.033,-0.0561399999999999,,,1.36312982,0.557,-0.547,0.522421631658855,0.0561399999999999,0.0,-0.3850312199999999,1,0,0,0,0,1,-0.691038207260715,,,-0.0128662938893127,0.4127801909529106,0.109774191831229,42.2666244506836,62.20824813842773,-0.649,0.992,0.3812987319782353,0.5023809523809524,0.3962912895838409,0.4574233119528598,0.4725636538281431,0.03523999999999995
616,1992,UT,0.1712599999999999,0.3624642088601967,0.1348499999999999,1.03973407208912,1.0230352605505,-0.0015282212218218,0,12,0.0438,0.03,7.5,1,1821.498,5.0,43.0,43.0,-0.0166696903396709,0.1007663384173478,0.0892166110230793,0.1765933962895992,0.5503120822428499,0.5503120822428499,0.5503120822428499,0.5503120822428499,0.15939,0.22679,0.16024,-0.09194,1,HW Bush_1992,Bill Clinton_1992,,,-0.9780986,-0.438,0.033,-0.1712599999999999,,,1.36312982,0.557,-0.547,0.6375357911398033,0.1712599999999999,0.0,-0.3850312199999999,0,0,0,0,0,0,-0.769630051844602,,,0.0515149748583984,-0.0061,0.0946572937037036,34.243896484375,27.19796371459961,-0.649,0.992,0.1530697425474254,0.5021153846153846,0.0665375264606708,0.1531692847903426,0.29225,0.14711999999999995
617,1992,VT,-0.0688199999999999,0.6025420135850691,-0.02121,1.03973407208912,1.0230352605505,-0.0015282212218218,0,12,0.0438,0.03,7.5,1,570.115,3.0,43.0,43.0,0.4628884676653382,0.21924536895035,0.5504806823176385,0.2365199438635765,0.0707539242378407,0.0707539242378407,0.0707539242378407,0.0707539242378407,-0.0051599999999999,-0.01686,0.06789,-0.0043499999999999,1,HW Bush_1992,Bill Clinton_1992,,,-0.9780986,-0.438,0.033,0.0688199999999999,,,1.36312982,0.557,-0.547,0.3974579864149309,-0.0688199999999999,3.0,-0.3850312199999999,0,0,0,0,0,0,1.38840798993485,,,-0.3172955221044922,-0.4772499999999999,,80.202392578125,63.004207611083984,-0.649,0.992,-0.2572050892857143,0.1681666666666667,-0.3192645089285714,-0.3774328822438065,-0.2207433155080213,-0.01318499999999995
618,1992,VA,0.0592699999999999,0.4744498706585656,0.06456,1.03973407208912,1.0230352605505,-0.0015282212218218,0,12,0.0438,0.03,7.5,1,6383.315,13.0,43.0,43.0,-0.0836386842595082,0.1066593668005251,0.0118308085410766,0.0840672459254158,0.6172810761626872,0.6172810761626872,0.6172810761626872,0.6172810761626872,0.0349499999999999,0.0152999999999999,0.0172999999999999,0.04926,1,HW Bush_1992,Bill Clinton_1992,,,-0.9780986,-0.438,0.033,-0.0592699999999999,,,1.36312982,0.557,-0.547,0.5255501293414344,0.0592699999999999,0.0,-0.3850312199999999,0,0,0,0,0,1,-0.464473057794688,,,-0.0131668465454101,0.0923589743589743,0.0667845693258238,42.3040771484375,57.52155685424805,-0.649,0.992,0.1002331654726448,0.4568383838383838,0.0653631001858523,0.0999367119026107,0.1870536218250235,0.04975499999999995
619,1992,WA,-0.0422,0.5759170107251123,-0.0471099999999999,1.03973407208912,1.0230352605505,-0.0015282212218218,0,12,0.0438,0.03,7.5,1,5139.011,11.0,43.0,43.0,-0.0049858244717686,-0.0374610366480755,-0.0423959445293136,-0.0287594188181413,0.5386282163749476,0.5386282163749476,0.5386282163749476,0.5386282163749476,-0.0261,0.0180899999999999,0.03064,-0.0651999999999999,1,HW Bush_1992,Bill Clinton_1992,,,-0.9780986,-0.438,0.033,0.0422,,,1.36312982,0.557,-0.547,0.4240829892748877,-0.0422,11.0,-0.3850312199999999,0,0,0,0,0,0,0.65543515834611,,,-0.202101201308136,-0.241275,-0.156394788272794,65.84770965576172,66.6788558959961,-0.649,0.992,-0.0863464437450256,0.1896168478260869,-0.0196752898281083,-0.0434391304347825,-0.0742666666666666,-0.03660499999999995
620,1992,WV,-0.04397,0.5776883808194074,-0.0627999999999999,1.03973407208912,1.0230352605505,-0.0015282212218218,0,12,0.0438,0.03,7.5,1,1805.462,5.0,43.0,43.0,-0.1371850575174169,-0.2344529224058463,-0.2048020219418734,-0.0831763751456672,0.6708274494205959,0.6708274494205959,0.6708274494205959,0.6708274494205959,-0.03909,-0.07656,-0.0702599999999999,0.0137600000000001,1,HW Bush_1992,Bill Clinton_1992,,,-0.9780986,-0.438,0.033,0.04397,,,1.36312982,0.557,-0.547,0.4223116191805925,-0.04397,5.0,-0.3850312199999999,0,0,0,0,0,0,-0.0141362922700593,,,-0.2715995795372009,0.4039999999999999,-0.1345314041666666,74.50809478759766,65.45942687988281,-0.649,0.992,-0.1128593868668994,0.1401818181818182,-0.0181529599649628,-0.0961852419083629,-0.1947323420074349,-0.05094499999999995
621,1992,WI,0.0057699999999999,0.5279450850211544,-0.0572599999999999,1.03973407208912,1.0230352605505,-0.0015282212218218,0,12,0.0438,0.03,7.5,1,5004.636,11.0,43.0,43.0,0.0553562827560167,0.0241103465529771,0.0375857018358422,0.0261555377934201,0.4782861091471622,0.4782861091471622,0.4782861091471622,0.4782861091471622,-0.04557,-0.02696,0.00182,-0.0302999999999999,1,HW Bush_1992,Bill Clinton_1992,,,-0.9780986,-0.438,0.033,-0.0057699999999999,,,1.36312982,0.557,-0.547,0.4720549149788455,0.0057699999999999,11.0,-0.3850312199999999,0,0,0,0,0,0,0.664659828284786,,,-0.138244812967987,-0.2479772727272727,-0.0045985431791519,57.89038848876953,48.20085525512695,-0.649,0.992,0.0986204132976734,0.0330434782608695,0.2022213991663688,0.2045854775136625,0.1500500510725229,-0.05141499999999995
622,1992,WY,0.0716399999999999,0.4620797657060342,0.07522,1.03973407208912,1.0230352605505,-0.0015282212218218,0,12,0.0438,0.03,7.5,1,463.491,3.0,43.0,43.0,0.0845771930799845,0.2102158204880538,0.2451992764460719,0.2770764790603326,0.4490651988231944,0.4490651988231944,0.4490651988231944,0.4490651988231944,0.12219,0.1384699999999999,0.1087799999999999,-0.0632499999999999,1,HW Bush_1992,Bill Clinton_1992,,,-0.9780986,-0.438,0.033,-0.0716399999999999,,,1.36312982,0.557,-0.547,0.5379202342939657,0.0716399999999999,0.0,-0.3850312199999999,0,0,0,0,0,0,-0.711769895509625,,,-0.0389937422044372,-0.26175,,45.522438049316406,44.38793182373047,-0.649,0.992,0.5951735151515152,0.231215859030837,0.488813754756871,0.5559187184343435,0.6524687499999999,0.09870499999999999
623,1992,USA,0.0,0.5337196190498229,0.0,1.03973407208912,1.0230352605505,-0.0015282212218218,0,12,0.0438,0.03,7.5,1,,,43.0,43.0,,,,,0.533642391903179,0.533642391903179,0.533642391903179,0.533642391903179,0.0,0.0,0.0,0.0,1,HW Bush_1992,Bill Clinton_1992,,,-0.9780986,-0.438,0.033,-0.0,,,1.36312982,0.557,-0.547,0.4662803809501771,0.0,,-0.3850312199999999,0,0,0,0,0,0,,,,,,,,,-0.649,0.992,,,,,,0.0
624,1996,AL,0.0841,0.4626612884631105,0.07193,1.0324434118645,1.03250026672525,-0.061603539544716,0,4,0.0442,0.029,5.4,1,4290.403,9.0,54.0,54.0,-0.040367005876073,-0.0553605703599567,-0.1531018020131481,-0.0921345946292097,0.4980752136229756,0.4980752136229756,0.4980752136229756,0.4980752136229756,0.0584299999999999,0.02082,-0.0461,0.0511099999999999,0,Bill Clinton_1996,Dole_1996,,,-1.1246868,-0.438,0.033,-0.0841,,,1.41678699,0.322,-0.279,0.5373387115368895,0.0841,0.0,-0.29210019,0,0,0,0,1,0,-1.74383681598115,,,0.0903926456249237,0.608913888888889,,29.399242401123047,45.52942657470703,-0.96,0.804,0.3922928673247311,0.5348644067796611,0.4670670574387053,0.4203898873758612,0.4371710110584518,0.06517999999999995
625,1996,AK,0.15105,0.3957149749416618,0.0994599999999999,1.0324434118645,1.03250026672525,-0.061603539544716,0,4,0.0442,0.029,5.4,1,604.918,3.0,54.0,54.0,0.0925838698735274,0.0487756272664532,0.0528525869944313,0.160000086881322,0.3651243378733751,0.3651243378733751,0.3651243378733751,0.3651243378733751,0.0826,0.09875,0.1201299999999999,0.0007099999999999,0,Bill Clinton_1996,Dole_1996,,,-1.1246868,-0.438,0.033,-0.15105,,,1.41678699,0.322,-0.279,0.6042850250583383,0.15105,0.0,-0.29210019,0,0,0,0,0,0,0.811436464063607,,,0.0316464789735412,-0.251,,36.719764709472656,54.70424270629883,-0.96,0.804,0.16657762421875,0.1087114093959731,0.0841514542464717,0.1556400815238284,0.3227495508027588,0.09102999999999994
626,1996,AZ,0.0345199999999999,0.5122377115185426,0.0467399999999999,1.0324434118645,1.03250026672525,-0.061603539544716,0,4,0.0442,0.029,5.4,1,4432.308,8.0,54.0,54.0,0.072135649363538,0.0863099738524316,0.176728429334174,0.2376484748878692,0.3855725583833645,0.3855725583833645,0.3855725583833645,0.3855725583833645,0.0684,0.0793599999999999,0.1292599999999999,-0.03262,0,Bill Clinton_1996,Dole_1996,,,-1.1246868,-0.438,0.033,-0.0345199999999999,,,1.41678699,0.322,-0.279,0.4877622884814574,0.0345199999999999,8.0,-0.29210019,0,0,0,0,0,0,-0.862728689627295,,,0.0360785132979583,-0.1575803571428571,,36.167476654052734,21.3135986328125,-0.96,0.804,0.3122063958662158,0.3307292576419213,0.2764119622428722,0.4110112129931085,0.4308057077199631,0.057569999999999955
627,1996,AR,-0.0467699999999999,0.5935282486475548,-0.0662,1.0324434118645,1.03250026672525,-0.061603539544716,0,4,0.0442,0.029,5.4,1,2504.858,6.0,54.0,54.0,-0.0163641633836283,-0.0687254007104828,-0.0214772870483915,-0.0494020713655133,0.4740723711305309,0.4740723711305309,0.4740723711305309,0.4740723711305309,0.0328899999999999,0.0204699999999999,-0.04966,-0.08667,0,Bill Clinton_1996,Dole_1996,,,-1.1246868,-0.438,0.033,0.0467699999999999,,,1.41678699,0.322,-0.279,0.4064717513524452,-0.0467699999999999,6.0,-0.29210019,1,0,0,0,1,0,-1.66823554344636,,,0.0415322368561554,0.4215833333333333,,35.48787307739258,55.60865020751953,-0.96,0.804,0.2953858416970803,0.2627105263157895,0.3372633633667883,0.3731298767561848,0.372032480785097,-0.016655000000000048
628,1996,CA,-0.0253999999999999,0.5721627162512299,-0.0514499999999999,1.0324434118645,1.03250026672525,-0.061603539544716,0,4,0.0442,0.029,5.4,1,31780.829,54.0,54.0,54.0,-0.0354217643934209,-0.0284556407762043,0.0176755518049944,-0.0088191115031075,0.4931299721403235,0.4931299721403235,0.4931299721403235,0.4931299721403235,-0.02096,-0.00956,0.04185,-0.0418899999999999,0,Bill Clinton_1996,Dole_1996,,,-1.1246868,-0.438,0.033,0.0253999999999999,,,1.41678699,0.322,-0.279,0.42783728374877,-0.0253999999999999,54.0,-0.29210019,0,0,0,0,0,0,2.1053714254877,,,-0.0773053282575225,-0.1535766999401308,,50.29655075073242,40.91232681274414,-0.96,0.804,0.0008444682886527,0.0989695121951219,0.0215142511072525,0.0223500710941154,-0.013608249400248,-0.036204999999999946
629,1996,CO,0.05435,0.4924079236977256,0.0056999999999999,1.0324434118645,1.03250026672525,-0.061603539544716,0,4,0.0442,0.029,5.4,1,3812.716,8.0,54.0,54.0,0.1111513692146127,0.049507139630289,0.0254561928366973,0.0416910154835654,0.3465568385322898,0.3465568385322898,0.3465568385322898,0.3465568385322898,0.00051,0.05185,0.0864699999999999,-0.04615,0,Bill Clinton_1996,Dole_1996,,,-1.1246868,-0.438,0.033,-0.05435,,,1.41678699,0.322,-0.279,0.5075920763022743,0.05435,0.0,-0.29210019,0,0,0,0,0,0,-0.439056942865109,,,-0.0416231340653228,-0.2605590277777778,,45.850093841552734,46.23502731323242,-0.96,0.804,0.217484110648621,0.1725714285714286,0.2283849553243105,0.2701968494635743,0.1738759324296868,0.00310499999999995
630,1996,CT,-0.0568799999999999,0.6036350688231273,-0.00753,1.0324434118645,1.03250026672525,-0.061603539544716,0,4,0.0442,0.029,5.4,1,3267.03,8.0,54.0,54.0,0.0060422556928886,0.1087942597440505,0.0609599519563985,0.0396080752387488,0.4516659520540139,0.4516659520540139,0.4516659520540139,0.4516659520540139,-0.01322,0.0181799999999999,0.0027099999999999,-0.02571,0,Bill Clinton_1996,Dole_1996,,,-1.1246868,-0.438,0.033,0.0568799999999999,,,1.41678699,0.322,-0.279,0.3963649311768726,-0.0568799999999999,8.0,-0.29210019,0,0,0,0,0,0,1.79885704664654,,,-0.1469486562550354,-0.4341874999999999,,58.97499847412109,49.39030075073242,-0.96,0.804,-0.123909666920345,-0.0901470588235294,-0.0649010520963054,-0.1343296991368961,-0.2534161958568738,-0.010375
631,1996,DC,-0.35448,0.9012354820886426,-0.3692500000000001,1.0324434118645,1.03250026672525,-0.061603539544716,0,4,0.0442,0.029,5.4,1,538.273,3.0,54.0,54.0,,,,,,,,,-0.39149,-0.45329,-0.40103,0.0840399999999999,0,Bill Clinton_1996,Dole_1996,,,-1.1246868,-0.438,0.033,0.35448,,,1.41678699,0.322,-0.279,0.0987645179113574,-0.35448,3.0,-0.29210019,0,0,0,0,0,0,,,,,,,,,-0.96,0.804,,,,,,-0.38037000000000004
632,1996,DE,-0.0394799999999999,0.5862365663256995,-0.01826,1.0324434118645,1.03250026672525,-0.061603539544716,0,4,0.0442,0.029,5.4,1,727.09,3.0,54.0,54.0,0.1847370580562765,0.0925039746803594,-0.1334067329369057,-0.141711966215116,0.272971149690626,0.272971149690626,0.272971149690626,0.272971149690626,0.02338,0.00773,-0.04019,-0.02599,0,Bill Clinton_1996,Dole_1996,,,-1.1246868,-0.438,0.033,0.0394799999999999,,,1.41678699,0.322,-0.279,0.4137634336743004,-0.0394799999999999,3.0,-0.29210019,0,0,0,0,0,0,0.425542638739654,,,-0.0403758619712066,-0.2981666666666666,,45.69466781616211,58.494720458984375,-0.96,0.804,0.1833990900415074,0.284,0.180220620072638,0.1618694400186001,0.1355494042728019,0.0025600000000000015
633,1996,FL,0.01521,0.5315496119510641,0.04557,1.0324434118645,1.03250026672525,-0.061603539544716,0,4,0.0442,0.029,5.4,1,14426.911,25.0,54.0,54.0,0.052194270614446,0.0533145092090118,0.0231437401395713,0.0637657458258158,0.4055139371324565,0.4055139371324565,0.4055139371324565,0.4055139371324565,0.07349,0.06151,0.0376499999999999,-0.01594,0,Bill Clinton_1996,Dole_1996,,,-1.1246868,-0.438,0.033,-0.01521,,,1.41678699,0.322,-0.279,0.4684503880489359,0.01521,25.0,-0.29210019,0,0,0,0,1,0,-0.468496958126333,,,-0.0223307637648773,-0.0511110389610389,,43.44601821899414,57.25102996826172,-0.96,0.804,0.2500688603123138,0.208536312849162,0.2712395620675945,0.330256785671748,0.2388438273233533,0.05953
634,1996,GA,0.05308,0.4936773080144583,0.0302999999999999,1.0324434118645,1.03250026672525,-0.061603539544716,0,4,0.0442,0.029,5.4,1,7332.225,13.0,54.0,54.0,0.0029268503829678,-0.0220224132668825,-0.0796999920112786,-0.1335529041630573,0.4547813573639347,0.4547813573639347,0.4547813573639347,0.4547813573639347,0.06301,0.01017,-0.1294199999999999,0.0201299999999999,0,Bill Clinton_1996,Dole_1996,,,-1.1246868,-0.438,0.033,-0.05308,,,1.41678699,0.322,-0.279,0.5063226919855417,0.05308,0.0,-0.29210019,0,0,0,0,1,0,-1.44793854663181,,,0.0141366081698608,0.2964111721611722,,38.90171813964844,65.73440551757812,-0.96,0.804,0.3195444952166403,0.6716565217391305,0.335682004040532,0.4225341757146958,0.347491889704769,0.046654999999999947
635,1996,HI,-0.0959999999999999,0.6427615180824882,-0.03348,1.0324434118645,1.03250026672525,-0.061603539544716,0,4,0.0442,0.029,5.4,1,1184.434,4.0,54.0,54.0,-0.1894298115563726,-0.2349018338867011,-0.1135902287384834,-0.1620342348912271,0.6471380193032752,0.6471380193032752,0.6471380193032752,0.6471380193032752,-0.08709,-0.03477,-0.0636999999999999,0.0012899999999999,0,Bill Clinton_1996,Dole_1996,,,-1.1246868,-0.438,0.033,0.0959999999999999,,,1.41678699,0.322,-0.279,0.3572384819175118,-0.0959999999999999,4.0,-0.29210019,0,0,0,0,0,0,1.94534053389735,,,-0.3112949996520996,0.055625,,79.45465087890625,70.9632797241211,-0.96,0.804,-0.0863887747504499,-0.306,-0.1307437636755732,-0.2640608514234212,-0.1288266836897542,-0.060285000000000005
636,1996,ID,0.15475,0.3920097242428407,0.1303299999999999,1.0324434118645,1.03250026672525,-0.061603539544716,0,4,0.0442,0.029,5.4,1,1187.706,4.0,54.0,54.0,0.1072427844139169,0.0358618564665825,-0.0484085314320197,0.0398803813689274,0.3504654233329856,0.3504654233329856,0.3504654233329856,0.3504654233329856,0.0938499999999999,0.14095,0.1722699999999999,-0.01062,0,Bill Clinton_1996,Dole_1996,,,-1.1246868,-0.438,0.033,-0.15475,,,1.41678699,0.322,-0.279,0.6079902757571594,0.15475,0.0,-0.29210019,0,0,0,0,0,0,-0.606262310026556,,,0.1647576778906631,0.1894375,,20.13241004943848,21.378273010253903,-0.96,0.804,0.4766944770149252,0.5093396226415094,0.3625573691044774,0.4383069667362335,0.4195533274118611,0.1120899999999999
637,1996,IL,-0.0492899999999999,0.5960509218545778,-0.0521599999999999,1.0324434118645,1.03250026672525,-0.061603539544716,0,4,0.0442,0.029,5.4,1,11953.003,22.0,54.0,54.0,-0.0230716688446478,-0.0341713946489797,-0.0159768767200086,-0.0005173558378951,0.4807798765915504,0.4807798765915504,0.4807798765915504,0.4807798765915504,-0.02854,-0.0270799999999999,-0.00946,-0.0250799999999999,0,Bill Clinton_1996,Dole_1996,,,-1.1246868,-0.438,0.033,0.0492899999999999,,,1.41678699,0.322,-0.279,0.4039490781454222,-0.0492899999999999,22.0,-0.29210019,0,0,0,0,0,0,0.292947952172033,,,-0.0978023275628662,-0.1194860326086956,,52.85073852539063,35.01949691772461,-0.96,0.804,-0.2941947983592325,-0.0626954643628509,-0.0918221274173518,0.5332133658827568,0.9901537659438666,-0.04034999999999995
638,1996,IN,0.07824,0.4685159364495435,0.0720699999999999,1.0324434118645,1.03250026672525,-0.061603539544716,0,4,0.0442,0.029,5.4,1,5834.908,12.0,54.0,54.0,0.0250090681482157,-0.020406536301013,-0.0152333216187261,0.01606966125411,0.4326991395986868,0.4326991395986868,0.4326991395986868,0.4326991395986868,0.06223,0.02892,0.0451099999999999,0.0431499999999999,0,Bill Clinton_1996,Dole_1996,,,-1.1246868,-0.438,0.033,-0.07824,,,1.41678699,0.322,-0.279,0.5314840635504565,0.07824,0.0,-0.29210019,0,0,0,0,0,0,-0.248927785806527,,,0.0197455978791809,-0.107235119047619,,38.20276641845703,44.40121841430664,-0.96,0.804,0.2949003379465722,0.3799763779527559,0.334922577620427,0.3615795561484355,0.3561084210526315,0.06714999999999995
639,1996,IA,-0.0105699999999999,0.5573338892373273,-0.00361,1.0324434118645,1.03250026672525,-0.061603539544716,0,4,0.0442,0.029,5.4,1,2848.473,7.0,54.0,54.0,0.0366847909687717,0.1234739122706921,0.0235584705690906,0.0445961453444941,0.4210234167781308,0.4210234167781308,0.4210234167781308,0.4210234167781308,-0.0905099999999999,-0.05457,0.01777,0.05096,0,Bill Clinton_1996,Dole_1996,,,-1.1246868,-0.438,0.033,0.0105699999999999,,,1.41678699,0.322,-0.279,0.4426661107626727,-0.0105699999999999,7.0,-0.29210019,0,0,0,0,0,0,0.5985503137781,,,-0.0047735049481963,-0.2875223214285714,,41.25815963745117,40.71277618408203,-0.96,0.804,0.1873798245786517,0.1318823529411765,0.1622422143344416,0.2349334979144195,0.2017954211867123,-0.04705999999999995
640,1996,KS,0.14748,0.3992763445201585,0.0691299999999999,1.0324434118645,1.03250026672525,-0.061603539544716,0,4,0.0442,0.029,5.4,1,2598.266,6.0,54.0,54.0,0.0928067401595887,0.0745048773415069,0.0294860291656016,0.1399657880892522,0.3649014675873138,0.3649014675873138,0.3649014675873138,0.3649014675873138,0.0282499999999999,0.07848,0.0818899999999999,-0.00935,0,Bill Clinton_1996,Dole_1996,,,-1.1246868,-0.438,0.033,-0.14748,,,1.41678699,0.322,-0.279,0.6007236554798414,0.14748,0.0,-0.29210019,0,1,0,0,0,0,-0.615777080326531,,,0.0331645790721893,-0.2424464285714285,,36.53059005737305,31.65421295166016,-0.96,0.804,0.4022756248975268,0.6765109489051095,0.3611853321338028,0.4403739215790528,0.3900339394147903,0.0486899999999999
641,1996,KY,0.04147,0.5052905118434284,0.0150299999999999,1.0324434118645,1.03250026672525,-0.061603539544716,0,4,0.0442,0.029,5.4,1,3881.051,8.0,54.0,54.0,0.0454915897969706,-0.0040597041763817,0.0629094534233427,0.0471609741720798,0.412216617949932,0.412216617949932,0.412216617949932,0.412216617949932,0.0195099999999999,0.01212,-0.04533,0.0029099999999999,0,Bill Clinton_1996,Dole_1996,,,-1.1246868,-0.438,0.033,-0.04147,,,1.41678699,0.322,-0.279,0.4947094881565715,0.04147,8.0,-0.29210019,0,0,0,0,0,0,-0.541907878312632,,,0.0364389132185363,0.2576944444444444,,36.12256622314453,61.33112716674805,-0.96,0.804,0.3630357059845385,0.2738925619834711,0.3929984309625662,0.4368820737432368,0.4431033390506213,0.0172699999999999
642,1996,LA,-0.0188499999999999,0.5656083827159214,0.00707,1.0324434118645,1.03250026672525,-0.061603539544716,0,4,0.0442,0.029,5.4,1,4338.763,9.0,54.0,54.0,-0.1137203636816688,0.1098830960626364,-0.4663198223420506,0.1010188401552016,0.5714285714285714,0.5714285714285714,0.5714285714285714,0.5714285714285714,0.0071499999999999,0.02238,-0.0247499999999999,-0.0153099999999999,0,Bill Clinton_1996,Dole_1996,,,-1.1246868,-0.438,0.033,0.0188499999999999,,,1.41678699,0.322,-0.279,0.4343916172840786,-0.0188499999999999,9.0,-0.29210019,0,0,0,0,1,0,-0.969261008769609,,,0.0349986298699188,0.3740714646464646,,36.30204391479492,45.94818878173828,-0.96,0.804,0.6944690053658364,0.5626341463414634,0.4268547918728949,0.6233742112286813,0.692101071463985,0.00710999999999995
643,1996,ME,-0.0798599999999999,0.6266212041685532,-0.0268399999999999,1.0324434118645,1.03250026672525,-0.061603539544716,0,4,0.0442,0.029,5.4,1,1241.436,4.0,54.0,54.0,-0.044331966018888,-0.0397558261858661,-0.0165364417032246,0.0352716839826527,0.5020401737657906,0.5020401737657906,0.5020401737657906,0.5020401737657906,0.0186799999999999,0.01888,-0.03377,-0.0457199999999999,0,Bill Clinton_1996,Dole_1996,,,-1.1246868,-0.438,0.033,0.0798599999999999,,,1.41678699,0.322,-0.279,0.3733787958314468,-0.0798599999999999,4.0,-0.29210019,0,0,0,0,0,0,0.684087083729259,,,-0.0925931359477233,-0.407375,,52.20160675048828,53.13521194458008,-0.96,0.804,-0.145748631954023,-0.0512474226804123,-0.0820406849251132,-0.0827812527083634,-0.1569160768452983,-0.0040799999999999986
644,1996,MD,-0.0396199999999999,0.5863842348627238,-0.0492799999999999,1.0324434118645,1.03250026672525,-0.061603539544716,0,4,0.0442,0.029,5.4,1,5057.142,10.0,54.0,54.0,-0.034757347056836,-0.0027283266970355,0.0113522035009279,-0.0667842559602163,0.4924655548037386,0.4924655548037386,0.4924655548037386,0.4924655548037386,-0.02439,-0.06423,-0.06905,0.01495,0,Bill Clinton_1996,Dole_1996,,,-1.1246868,-0.438,0.033,0.0396199999999999,,,1.41678699,0.322,-0.279,0.4136157651372761,-0.0396199999999999,10.0,-0.29210019,0,0,0,0,0,0,1.4547690899332,,,-0.142116762611618,-0.2105795454545454,,58.37288284301758,69.74705505371094,-0.96,0.804,-0.0517272183802886,-0.1364333333333333,-0.0129149481603197,0.0285270085847547,-0.0964958668212097,-0.03683499999999995
645,1996,MA,-0.13964,0.6863983544917397,-0.0872,1.0324434118645,1.03250026672525,-0.061603539544716,0,4,0.0442,0.029,5.4,1,6085.393,12.0,54.0,54.0,-0.2391419403099471,-0.1126341230065026,-0.1810910841666528,-0.2447787490236851,0.6968501480568497,0.6968501480568497,0.6968501480568497,0.6968501480568497,-0.0788499999999999,-0.07783,-0.0519499999999999,-0.00937,0,Bill Clinton_1996,Dole_1996,,,-1.1246868,-0.438,0.033,0.13964,,,1.41678699,0.322,-0.279,0.3136016455082603,-0.13964,12.0,-0.29210019,0,0,0,0,0,0,1.42284474546467,,,-0.2857685341995238,-0.3827000915750916,,76.27372741699219,56.63732147216797,-0.96,0.804,-0.3156659586872585,-0.0891764705882353,-0.3788035559202058,-0.3408619269160893,-0.3416173723506973,-0.08302499999999996
646,1996,MI,-0.0264799999999999,0.5732441336669677,-0.01243,1.0324434118645,1.03250026672525,-0.061603539544716,0,4,0.0442,0.029,5.4,1,9739.184,18.0,54.0,54.0,-0.0229810682611049,0.0189837864315746,-0.0145065643543809,0.0014984949952497,0.4806892760080075,0.4806892760080075,0.4806892760080075,0.4806892760080075,0.0007499999999999,0.0036499999999999,-0.0174,-0.01608,0,Bill Clinton_1996,Dole_1996,,,-1.1246868,-0.438,0.033,0.0264799999999999,,,1.41678699,0.322,-0.279,0.4267558663330323,-0.0264799999999999,18.0,-0.29210019,0,0,0,0,0,0,0.543865769906746,,,-0.0625082987484741,-0.1586135233918128,,48.45265197753906,34.276058197021484,-0.96,0.804,0.085538244899242,0.2335204081632652,0.1700155092282382,0.1624978558420934,0.0688742220626973,-0.00584000000000005
647,1996,MN,-0.04703,0.5937938877977481,-0.04349,1.0324434118645,1.03250026672525,-0.061603539544716,0,4,0.0442,0.029,5.4,1,4647.723,10.0,54.0,54.0,0.4577082077469026,,0.533642391903179,0.5334544396317948,0.0,0.0,0.0,0.0,-0.07454,-0.0927199999999999,-0.075,0.0492299999999999,0,Bill Clinton_1996,Dole_1996,,,-1.1246868,-0.438,0.033,0.04703,,,1.41678699,0.322,-0.279,0.4062061122022519,-0.04703,10.0,-0.29210019,0,0,0,0,0,0,1.19655663676443,,,-0.0942629511577606,-0.32075,,52.40968704223633,44.63849258422852,-0.96,0.804,0.0480583423019893,0.1689922480620155,0.1238978009639523,0.1218014105494838,0.0501521968083888,-0.059015
648,1996,MS,0.07423,0.472527762454129,0.0829999999999999,1.0324434118645,1.03250026672525,-0.061603539544716,0,4,0.0442,0.029,5.4,1,2709.925,7.0,54.0,54.0,-0.12255143727504,-0.1835231470631442,-0.278526877191697,-0.130151497345247,0.5802596450219426,0.5802596450219426,0.5802596450219426,0.5802596450219426,0.06618,0.03098,-0.04608,0.0520199999999999,0,Bill Clinton_1996,Dole_1996,,,-1.1246868,-0.438,0.033,-0.07423,,,1.41678699,0.322,-0.279,0.527472237545871,0.07423,0.0,-0.29210019,0,0,0,0,1,0,-2.19514540393241,,,0.1374642028215408,0.5540758928571429,,23.533525466918945,44.22786712646485,-0.96,0.804,0.4990688521486486,0.6194857142857143,0.6066564215063761,0.690315900057469,0.6347730873990827,0.07458999999999995
649,1996,MO,0.01129,0.5354703747642815,-0.0313499999999999,1.0324434118645,1.03250026672525,-0.061603539544716,0,4,0.0442,0.029,5.4,1,5367.888,11.0,54.0,54.0,-0.0597350143872269,-0.0239024741717445,-0.0045624238820921,-0.0245401285936359,0.5174432221341295,0.5174432221341295,0.5174432221341295,0.5174432221341295,-0.01906,0.00844,-0.01721,-0.0397899999999999,0,Bill Clinton_1996,Dole_1996,,,-1.1246868,-0.438,0.033,-0.01129,,,1.41678699,0.322,-0.279,0.4645296252357185,0.01129,11.0,-0.29210019,0,0,0,0,0,0,-0.395598683935326,,,-0.03752691789505,-0.0939090909090909,,45.33965301513672,60.77753448486328,-0.96,0.804,0.219114252229021,0.3909438202247191,0.2307726248723868,0.1874364954812334,0.1362587800810102,-0.02520499999999995
650,1996,MT,0.06363,0.4831258954927583,0.0164799999999999,1.0324434118645,1.03250026672525,-0.061603539544716,0,4,0.0442,0.029,5.4,1,876.656,3.0,54.0,54.0,-0.0776837325693239,0.0086923310032686,0.0385851516579626,0.0040513724142228,0.5353919403162265,0.5353919403162265,0.5353919403162265,0.5353919403162265,-0.0091499999999999,0.0211999999999999,0.0837899999999999,-0.00472,0,Bill Clinton_1996,Dole_1996,,,-1.1246868,-0.438,0.033,-0.06363,,,1.41678699,0.322,-0.279,0.5168741045072416,0.06363,0.0,-0.29210019,0,0,0,0,0,0,0.403992777703818,,,0.0186701226383972,0.0029583333333333,,38.33678436279297,31.63983917236328,-0.96,0.804,0.2279164208333332,0.2259386281588447,0.1932551815705127,0.2552148614780193,0.3136201991465148,0.0036650000000000007
651,1996,NE,0.15231,0.3944517749921696,0.1467699999999999,1.0324434118645,1.03250026672525,-0.061603539544716,0,4,0.0442,0.029,5.4,1,1647.657,5.0,54.0,54.0,0.1004964933727293,0.1280669874135047,0.0612801025018168,0.1831698154425541,0.3572117143741732,0.3572117143741732,0.3572117143741732,0.3572117143741732,0.0664299999999999,0.11824,0.16279,0.0285299999999999,0,Bill Clinton_1996,Dole_1996,,,-1.1246868,-0.438,0.033,-0.15231,,,1.41678699,0.322,-0.279,0.6055482250078303,0.15231,0.0,-0.29210019,0,0,0,0,0,0,-0.199193549600869,,,0.0093306432389831,0.07495,,39.50060272216797,51.803321838378906,-0.96,0.804,0.4434457488311689,0.3237333333333333,0.4212432380519481,0.4094548632112668,0.4722599802296402,0.1065999999999999
652,1996,NV,0.0408899999999999,0.5058653135524703,0.0154699999999999,1.0324434118645,1.03250026672525,-0.061603539544716,0,4,0.0442,0.029,5.4,1,1596.476,4.0,54.0,54.0,0.0683235984518622,-0.0078244640195839,0.0449159250223592,0.0076621568111966,0.3893846092950403,0.3893846092950403,0.3893846092950403,0.3893846092950403,0.06916,0.0813499999999999,0.1464099999999999,-0.06588,0,Bill Clinton_1996,Dole_1996,,,-1.1246868,-0.438,0.033,-0.0408899999999999,,,1.41678699,0.322,-0.279,0.4941346864475296,0.0408899999999999,4.0,-0.29210019,0,0,0,0,0,0,-0.535452938103333,,,0.0092409794857025,0.1006249999999999,,39.51177597045898,48.97509765625,-0.96,0.804,0.1659008907826086,0.1284957264957265,0.1461126698922613,0.1976604697362853,0.3067844587858754,0.04231499999999995
653,1996,NH,-0.0093499999999999,0.5561066616073325,0.0257499999999999,1.0324434118645,1.03250026672525,-0.061603539544716,0,4,0.0442,0.029,5.4,1,1160.768,4.0,54.0,54.0,0.0645154110939122,-0.0127275243244482,0.0472084772072475,0.1214095470719747,0.3931927966529903,0.3931927966529903,0.3931927966529903,0.3931927966529903,0.09331,0.0974499999999999,0.1178199999999999,-0.0717,0,Bill Clinton_1996,Dole_1996,,,-1.1246868,-0.438,0.033,0.0093499999999999,,,1.41678699,0.322,-0.279,0.4438933383926675,-0.0093499999999999,4.0,-0.29210019,0,0,0,0,0,0,0.148475472788071,,,0.076401855197525,-0.4811875,,31.14267349243164,26.898895263671875,-0.96,0.804,-0.0147816497250156,0.1522,0.0939444276627446,0.2639224362875616,0.2715750313052821,0.05952999999999995
654,1996,NJ,-0.05291,0.5996678530612719,0.0195199999999999,1.0324434118645,1.03250026672525,-0.061603539544716,0,4,0.0442,0.029,5.4,1,8009.624,15.0,54.0,54.0,0.0113319093641671,0.0526024963326956,0.0548072349268505,0.0471936074037445,0.4463762983827354,0.4463762983827354,0.4463762983827354,0.4463762983827354,0.02998,0.0134,0.0212299999999999,0.0061199999999999,0,Bill Clinton_1996,Dole_1996,,,-1.1246868,-0.438,0.033,0.05291,,,1.41678699,0.322,-0.279,0.4003321469387281,-0.05291,15.0,-0.29210019,0,0,0,0,0,0,2.04064141124514,,,-0.1682987316316223,-0.3690708333333333,,61.63549041748047,38.60035705566406,-0.96,0.804,-0.0270594978549833,0.0634794520547945,-0.0159103944987197,-0.0060855603781476,-0.0285967576188496,0.02474999999999995
655,1996,NM,0.0065199999999999,0.5402413056103159,-0.0177,1.0324434118645,1.03250026672525,-0.061603539544716,0,4,0.0442,0.029,5.4,1,1706.151,5.0,54.0,54.0,0.0419027581882462,0.0314176818826817,0.1286403603670594,0.0639783775756982,0.4158054495586563,0.4158054495586563,0.4158054495586563,0.4158054495586563,-0.0139299999999999,0.0116899999999999,0.0462199999999999,-0.02939,0,Bill Clinton_1996,Dole_1996,,,-1.1246868,-0.438,0.033,-0.0065199999999999,,,1.41678699,0.322,-0.279,0.4597586943896841,0.0065199999999999,5.0,-0.29210019,0,0,0,0,0,0,0.0219267046845597,,,-0.0688681802994537,-0.0404,,49.24517440795898,50.85932540893555,-0.96,0.804,0.1219578191013182,-0.0964801980198019,0.1548455698735671,0.1348999719552659,0.1115654078280577,-0.01581499999999995
656,1996,NY,-0.11341,0.6601749592111598,-0.06106,1.0324434118645,1.03250026672525,-0.061603539544716,0,4,0.0442,0.029,5.4,1,18143.805,33.0,54.0,54.0,-0.0608414343847907,-0.0273874296646412,-0.0132516942539477,-0.0272076330832493,0.5185496421316933,0.5185496421316933,0.5185496421316933,0.5185496421316933,-0.0597199999999999,-0.05163,-0.03815,-0.0094299999999999,0,Bill Clinton_1996,Dole_1996,,,-1.1246868,-0.438,0.033,0.11341,,,1.41678699,0.322,-0.279,0.3398250407888402,-0.11341,33.0,-0.29210019,0,0,0,1,0,0,1.78800877874501,,,-0.1894931735081482,-0.2487955542264752,,64.2765884399414,47.13199615478516,-0.96,0.804,-0.2119879587853415,-0.0800434782608695,-0.1763797201545655,-0.1978563401311709,-0.2249185528015479,-0.06038999999999995
657,1996,NC,0.07206,0.4747001333026536,0.0382999999999999,1.0324434118645,1.03250026672525,-0.061603539544716,0,4,0.0442,0.029,5.4,1,7307.658,14.0,54.0,54.0,0.0288689934878589,0.0108868670024103,-0.0014790214052031,-0.0249806275052095,0.4288392142590436,0.4288392142590436,0.4288392142590436,0.4288392142590436,0.0425499999999999,0.0284699999999999,-0.04186,0.0098299999999999,0,Bill Clinton_1996,Dole_1996,,,-1.1246868,-0.438,0.033,-0.07206,,,1.41678699,0.322,-0.279,0.5252998666973464,0.07206,0.0,-0.29210019,0,0,0,0,1,0,-1.36790220259697,,,-0.0130282335461425,0.2327898351648351,,42.28680419921875,56.34468460083008,-0.96,0.804,0.2969770692721822,0.2919369158878504,0.243025351861531,0.2827096058887088,0.2687720620392352,0.0404249999999999
658,1996,ND,0.08587,0.4608868099415835,0.1124699999999999,1.0324434118645,1.03250026672525,-0.061603539544716,0,4,0.0442,0.029,5.4,1,642.858,3.0,54.0,54.0,-0.0797085396627743,-0.0637170967147532,-0.1182704356452988,-0.1821734848812631,0.5374167474096769,0.5374167474096769,0.5374167474096769,0.5374167474096769,0.02692,0.0655399999999999,0.1569499999999999,0.0469299999999999,0,Bill Clinton_1996,Dole_1996,,,-1.1246868,-0.438,0.033,-0.08587,,,1.41678699,0.322,-0.279,0.5391131900584165,0.08587,0.0,-0.29210019,0,0,0,0,0,0,-1.19468399355192,,,-0.113371524539566,0.3204375,,54.79085922241211,42.75408935546875,-0.96,0.804,0.2943478963636364,0.2455999999999999,0.2772155390909091,0.2967952222910764,0.2960197375114458,0.06969499999999995
659,1996,OH,0.01079,0.5359694918172054,0.0220399999999999,1.0324434118645,1.03250026672525,-0.061603539544716,0,4,0.0442,0.029,5.4,1,11187.032,21.0,54.0,54.0,0.0495345608591937,0.0216202719941109,0.0018136379441792,0.0363950733456445,0.4081736468877088,0.4081736468877088,0.4081736468877088,0.4081736468877088,0.01571,0.0029,0.0044899999999999,0.0191399999999999,0,Bill Clinton_1996,Dole_1996,,,-1.1246868,-0.438,0.033,-0.01079,,,1.41678699,0.322,-0.279,0.4640305081827945,0.01079,21.0,-0.29210019,0,0,0,0,0,0,-0.0249041470659754,,,-0.0414554698875427,-0.0965210333145115,,45.829200744628906,33.8329963684082,-0.96,0.804,0.1579208580898362,0.1821627586206896,0.2241103709353572,0.2378170330782755,0.1514687600341021,0.018874999999999947
660,1996,OK,0.09077,0.4559939089329422,0.0899399999999999,1.0324434118645,1.03250026672525,-0.061603539544716,0,4,0.0442,0.029,5.4,1,3289.634,8.0,54.0,54.0,0.0588808628430544,-0.0758679392109811,-0.0722700307449205,0.0046948512558067,0.3988273449038481,0.3988273449038481,0.3988273449038481,0.3988273449038481,0.0448699999999999,0.0992899999999999,0.0808599999999999,-0.00935,0,Bill Clinton_1996,Dole_1996,,,-1.1246868,-0.438,0.033,-0.09077,,,1.41678699,0.322,-0.279,0.5440060910670578,0.09077,0.0,-0.29210019,0,0,0,0,0,0,-0.578921566912685,,,0.2520801403681373,0.28403125,,9.250916481018066,38.40184020996094,-0.96,0.804,0.48399911,0.3714444444444444,0.4577864822604089,0.4624173366935525,0.4602595935149006,0.0674049999999999
661,1996,OR,-0.00017,0.5469311571965823,-0.0326199999999999,1.0324434118645,1.03250026672525,-0.061603539544716,0,4,0.0442,0.029,5.4,1,3195.087,7.0,54.0,54.0,-0.106891339762434,-0.0719198901994034,-0.1273336914010971,-0.1166353120470751,0.5645995475093366,0.5645995475093366,0.5645995475093366,0.5645995475093366,-0.0628699999999999,-0.03076,0.00267,-0.0018599999999999,0,Bill Clinton_1996,Dole_1996,,,-1.1246868,-0.438,0.033,0.00017,,,1.41678699,0.322,-0.279,0.4530688428034177,-0.00017,7.0,-0.29210019,0,0,0,0,0,0,0.931986926318846,,,-0.1487970642737579,-0.3533769841269841,,59.2053337097168,53.05398941040039,-0.96,0.804,-0.0076853273611689,0.1255081300813008,-0.0398574409172366,-0.0007609466351388,0.0326260233963889,-0.0477449999999999
662,1996,PA,-0.00485,0.5516120536083254,-0.02177,1.0324434118645,1.03250026672525,-0.061603539544716,0,4,0.0442,0.029,5.4,1,12038.008,23.0,54.0,54.0,0.0087098516214383,0.0481140422554879,0.079290980820904,0.02781873184073,0.4489983561254642,0.4489983561254642,0.4489983561254642,0.4489983561254642,-0.02733,-0.0548,-0.01424,0.0330299999999999,0,Bill Clinton_1996,Dole_1996,,,-1.1246868,-0.438,0.033,0.00485,,,1.41678699,0.322,-0.279,0.4483879463916745,-0.00485,23.0,-0.29210019,0,0,0,0,0,0,0.572837349397832,,,-0.0690681405713653,-0.1379873107890499,,49.27009201049805,39.504493713378906,-0.96,0.804,0.0254222472987038,0.2464018691588785,0.105721635429778,0.1666347892249924,0.0725958309006165,-0.024550000000000002
663,1996,RI,-0.1432799999999999,0.690042133874984,-0.08472,1.0324434118645,1.03250026672525,-0.061603539544716,0,4,0.0442,0.029,5.4,1,987.858,4.0,54.0,54.0,-0.1550033988841209,0.018002646291547,0.0090896120032178,0.1747021314122313,0.6127116066310235,0.6127116066310235,0.6127116066310235,0.6127116066310235,-0.09781,-0.07351,-0.11452,-0.0112099999999999,0,Bill Clinton_1996,Dole_1996,,,-1.1246868,-0.438,0.033,0.1432799999999999,,,1.41678699,0.322,-0.279,0.3099578661250159,-0.1432799999999999,4.0,-0.29210019,0,0,0,0,0,0,1.78894314127117,,,-0.2128688721536255,-0.57425,,67.18949890136719,57.10093688964844,-0.96,0.804,-0.1930408201136363,-0.3564107142857143,-0.1546024043749999,-0.164388093881535,-0.1693620463489287,-0.091265
664,1996,SC,0.07897,0.4677928444217171,0.0800699999999999,1.0324434118645,1.03250026672525,-0.061603539544716,0,4,0.0442,0.029,5.4,1,3738.974,8.0,54.0,54.0,0.0958623306050229,0.0612928403756363,-0.0486955121676008,-0.0222390600972594,0.3618458771418796,0.3618458771418796,0.3618458771418796,0.3618458771418796,0.0816899999999999,0.04937,-0.0450099999999999,0.0306999999999999,0,Bill Clinton_1996,Dole_1996,,,-1.1246868,-0.438,0.033,-0.07897,,,1.41678699,0.322,-0.279,0.5322071555782828,0.07897,0.0,-0.29210019,0,0,0,0,1,0,-1.56732373632347,,,0.0229676154142761,0.23034375,,37.80126190185547,36.809173583984375,-0.96,0.804,0.5290811372971286,0.4926779141104294,0.5188961023564295,0.5754260587181518,0.5785030449236561,0.0808799999999999
665,1996,SD,0.0661,0.4806641460486552,0.0563299999999999,1.0324434118645,1.03250026672525,-0.061603539544716,0,4,0.0442,0.029,5.4,1,730.699,3.0,54.0,54.0,-0.1625635737434901,-0.1935473074010574,-0.1418933681882325,-0.1839149803402489,0.6202717814903927,0.6202717814903927,0.6202717814903927,0.6202717814903927,-0.00711,0.04119,0.10347,0.0151399999999999,0,Bill Clinton_1996,Dole_1996,,,-1.1246868,-0.438,0.033,-0.0661,,,1.41678699,0.322,-0.279,0.5193358539513447,0.0661,0.0,-0.29210019,0,0,0,0,0,0,-0.786316336395729,,,-0.017558870447998,-0.0006666666666666,,42.85137939453125,40.49151992797852,-0.96,0.804,0.1874351105263157,0.0553846153846153,0.1227112537100948,0.1780554547908232,0.2023214358974359,0.02460999999999995
666,1996,TN,0.0338899999999999,0.5128664234186056,0.0077399999999999,1.0324434118645,1.03250026672525,-0.061603539544716,0,4,0.0442,0.029,5.4,1,5313.576,11.0,54.0,54.0,0.0157261240344694,-0.018151517763238,-0.0276569619765068,-0.0779862168515577,0.4419820837124331,0.4419820837124331,0.4419820837124331,0.4419820837124331,0.0431599999999999,-0.0099899999999999,-0.05136,0.0177299999999999,0,Bill Clinton_1996,Dole_1996,,,-1.1246868,-0.438,0.033,-0.0338899999999999,,,1.41678699,0.322,-0.279,0.4871335765813944,0.0338899999999999,11.0,-0.29210019,0,0,1,0,1,0,-0.729861746540371,,,0.0693260717912292,0.1619772727272727,,32.02440643310547,39.55941390991211,-0.96,0.804,0.4568743055917854,0.4011467181467181,0.434779280476043,0.4099555948880963,0.3297580797283458,0.0254499999999999
667,1996,TX,0.07337,0.4733937661787773,0.0561399999999999,1.0324434118645,1.03250026672525,-0.061603539544716,0,4,0.0442,0.029,5.4,1,19006.24,32.0,54.0,54.0,0.0272222934164699,0.0157391585788551,-0.0070342480030245,-0.0652096960771377,0.4304859143304326,0.4304859143304326,0.4304859143304326,0.4304859143304326,0.02443,0.0460499999999999,0.0188099999999999,0.0100899999999999,0,Bill Clinton_1996,Dole_1996,,,-1.1246868,-0.438,0.033,-0.07337,,,1.41678699,0.322,-0.279,0.5266062338212227,0.07337,0.0,-0.29210019,0,0,0,0,1,0,-0.815290409530163,,,0.0470593077523041,0.3982360948191593,,34.799129486083984,40.120906829833984,-0.96,0.804,0.4788815029574318,0.4283352941176471,0.4673412492425918,0.5321440635228547,0.5370837110912934,0.040284999999999946
668,1996,UT,0.16695,0.3798051218074387,0.1712599999999999,1.0324434118645,1.03250026672525,-0.061603539544716,0,4,0.0442,0.029,5.4,1,2022.253,5.0,54.0,54.0,-0.0036266058659758,0.0489263578215278,-0.0166696903396709,0.1007663384173478,0.4613348136128784,0.4613348136128784,0.4613348136128784,0.4613348136128784,0.1348499999999999,0.15939,0.22679,0.0118699999999999,0,Bill Clinton_1996,Dole_1996,,,-1.1246868,-0.438,0.033,-0.16695,,,1.41678699,0.322,-0.279,0.6201948781925612,0.16695,0.0,-0.29210019,0,0,0,0,0,0,-0.998498111061008,,,0.1006233135478973,0.03795,,28.12437057495117,29.36368560791016,-0.96,0.804,0.1865447294715448,0.4324454976303318,0.2323826086382114,0.2682036239711463,0.2404534017884465,0.15305499999999989
669,1996,VT,-0.0850699999999999,0.6318283038406202,-0.0688199999999999,1.0324434118645,1.03250026672525,-0.061603539544716,0,4,0.0442,0.029,5.4,1,586.352,3.0,54.0,54.0,0.4577082077469026,0.3226130507886427,0.4628884676653382,0.21924536895035,0.0,0.0,0.0,0.0,-0.02121,-0.0051599999999999,-0.01686,-0.06366,0,Bill Clinton_1996,Dole_1996,,,-1.1246868,-0.438,0.033,0.0850699999999999,,,1.41678699,0.322,-0.279,0.3681716961593798,-0.0850699999999999,3.0,-0.29210019,0,0,0,0,0,0,1.30416630347008,,,-0.2792649273765564,-0.4267500000000001,,75.46329498291016,63.32938003540039,-0.96,0.804,-0.3033191446428571,0.0087,-0.2576978758928571,-0.4878873962976217,-0.5125176497381007,-0.045014999999999944
670,1996,VA,0.05737,0.4893940549293311,0.0592699999999999,1.0324434118645,1.03250026672525,-0.061603539544716,0,4,0.0442,0.029,5.4,1,6665.491,13.0,54.0,54.0,0.0490630976647773,0.0253784635282194,-0.0836386842595082,0.1066593668005251,0.4086451100821252,0.4086451100821252,0.4086451100821252,0.4086451100821252,0.06456,0.0349499999999999,0.0152999999999999,0.02432,0,Bill Clinton_1996,Dole_1996,,,-1.1246868,-0.438,0.033,-0.05737,,,1.41678699,0.322,-0.279,0.5106059450706689,0.05737,0.0,-0.29210019,0,0,0,0,1,0,-0.648972133006645,,,0.0333491719135284,0.0675176282051282,,36.50758743286133,41.90885925292969,-0.96,0.804,0.3311476070477571,0.5714732142857143,0.311900370059452,0.2925454629504989,0.2716886767660498,0.061914999999999956
671,1996,WA,-0.0251899999999999,0.5719465284478128,-0.0422,1.0324434118645,1.03250026672525,-0.061603539544716,0,4,0.0442,0.029,5.4,1,5509.963,11.0,54.0,54.0,-0.0342705005272953,-0.0489031345463378,-0.0049858244717686,-0.0374610366480755,0.4919787082741979,0.4919787082741979,0.4919787082741979,0.4919787082741979,-0.0471099999999999,-0.0261,0.0180899999999999,-0.0161,0,Bill Clinton_1996,Dole_1996,,,-1.1246868,-0.438,0.033,0.0251899999999999,,,1.41678699,0.322,-0.279,0.4280534715521872,-0.0251899999999999,11.0,-0.29210019,0,0,0,0,0,0,0.969919129618075,,,-0.0667277910998535,-0.1797681818181818,,48.97845458984375,58.01064682006836,-0.96,0.804,0.0748224607991886,0.1319166666666666,0.1512807106315395,0.0301737707689616,-0.0088134944981128,-0.04465499999999995
672,1996,WV,-0.0367899999999999,0.5835466517610786,-0.04397,1.0324434118645,1.03250026672525,-0.061603539544716,0,4,0.0442,0.029,5.4,1,1818.983,5.0,54.0,54.0,-0.2036907355928914,-0.2543841951711987,-0.1371850575174169,-0.2344529224058463,0.661398943339794,0.661398943339794,0.661398943339794,0.661398943339794,-0.0627999999999999,-0.03909,-0.07656,-0.00488,0,Bill Clinton_1996,Dole_1996,,,-1.1246868,-0.438,0.033,0.0367899999999999,,,1.41678699,0.322,-0.279,0.4164533482389214,-0.0367899999999999,5.0,-0.29210019,0,0,0,0,0,0,0.0700577784616864,,,-0.1839252962674713,0.4286,,63.58275985717773,65.42253112792969,-0.96,0.804,-0.0862788784361309,0.33725,0.0199543620955634,-0.0627258766101455,-0.2436739754425132,-0.053384999999999946
673,1996,WI,-0.0124299999999999,0.5591919666145019,0.0057699999999999,1.0324434118645,1.03250026672525,-0.061603539544716,0,4,0.0442,0.029,5.4,1,5173.828,11.0,54.0,54.0,0.0775988567064718,0.0387154947817217,0.0553562827560167,0.0241103465529771,0.3801093510404307,0.3801093510404307,0.3801093510404307,0.3801093510404307,-0.0572599999999999,-0.04557,-0.02696,0.0513399999999999,0,Bill Clinton_1996,Dole_1996,,,-1.1246868,-0.438,0.033,0.0124299999999999,,,1.41678699,0.322,-0.279,0.4408080333854981,-0.0124299999999999,11.0,-0.29210019,0,0,0,0,0,0,0.944851119139862,,,-0.0736565430937195,-0.3529564393939394,,49.84186553955078,35.298133850097656,-0.96,0.804,0.2564865173617675,0.1744385964912281,0.3026467920229476,0.333411723422543,0.2813846056433694,-0.025745
674,1996,WY,0.12164,0.4251208256510402,0.0716399999999999,1.0324434118645,1.03250026672525,-0.061603539544716,0,4,0.0442,0.029,5.4,1,480.085,3.0,54.0,54.0,0.0208094544575708,0.1219763728854941,0.0845771930799845,0.2102158204880538,0.4368987532893317,0.4368987532893317,0.4368987532893317,0.4368987532893317,0.07522,0.12219,0.1384699999999999,-0.05055,0,Bill Clinton_1996,Dole_1996,,,-1.1246868,-0.438,0.033,-0.12164,,,1.41678699,0.322,-0.279,0.5748791743489597,0.12164,0.0,-0.29210019,0,0,0,0,0,0,-0.89579838757582,,,0.0763734927982711,-0.2106666666666667,,31.14620780944824,28.52112579345703,-0.96,0.804,0.1751949296969698,0.3274545454545454,0.3030744850505051,0.3665369909865325,0.3032101076275152,0.07342999999999994
675,1996,USA,0.0,0.5467573284281513,0.0,1.0324434118645,1.03250026672525,-0.061603539544716,0,4,0.0442,0.029,5.4,1,,,54.0,54.0,,,,,0.4577082077469026,0.4577082077469026,0.4577082077469026,0.4577082077469026,0.0,0.0,0.0,0.0,0,Bill Clinton_1996,Dole_1996,,,-1.1246868,-0.438,0.033,-0.0,,,1.41678699,0.322,-0.279,0.4532426715718487,0.0,,-0.29210019,0,0,0,0,0,0,,,,,,,,,-0.96,0.804,,,,,,0.0
676,2000,AL,0.0779,0.423930580786689,0.0841,1.04944275145566,1.03980885702482,-0.0061103100001312,0,8,0.029,0.034,4.0,0,4452.173,9.0,,63.0,0.0366623027647805,0.0458878065218003,-0.040367005876073,-0.0553605703599567,0.4503917958202941,0.4503917958202941,0.4503917958202941,0.4503917958202941,0.07193,0.0584299999999999,0.02082,0.02567,0,Gore_2000,GW Bush_2000,,,-0.9922277,-0.316,0.155,-0.0779,,,1.3315176,0.693,-0.539,0.5760694192133109,0.0779,0.0,-0.3392898999999999,0,0,0,0,1,0,-1.79858097453181,,,0.0687535584713745,0.536,,32.09574890136719,67.07746887207031,-0.64,0.945,0.5286327380560207,0.489392156862745,0.516373982529208,0.5783648646780697,0.6684357661049265,0.078015
677,2000,AK,0.1811999999999999,0.3206305143627081,0.15105,1.04944275145566,1.03980885702482,-0.0061103100001312,0,8,0.029,0.034,4.0,0,627.963,3.0,,63.0,0.1309953086833651,0.1209215383587397,0.0925838698735274,0.0487756272664532,0.3560587899017094,0.3560587899017094,0.3560587899017094,0.3560587899017094,0.0994599999999999,0.0826,0.09875,0.06845,0,Gore_2000,GW Bush_2000,,,-0.9922277,-0.316,0.155,-0.1811999999999999,,,1.3315176,0.693,-0.539,0.6793694856372918,0.1811999999999999,0.0,-0.3392898999999999,0,0,0,0,0,0,0.536472114228148,,,0.154801098194046,-0.251,,21.373126983642575,51.57802963256836,-0.64,0.945,0.26990335390625,0.1419850746268656,0.2174609234374999,0.3820359550561797,0.59,0.12525499999999995
678,2000,AZ,0.03466,0.4671740083286014,0.0345199999999999,1.04944275145566,1.03980885702482,-0.0061103100001312,0,8,0.029,0.034,4.0,0,5160.586,8.0,,63.0,0.0721227125873286,0.1067003049918415,0.072135649363538,0.0863099738524316,0.414931385997746,0.414931385997746,0.414931385997746,0.414931385997746,0.0467399999999999,0.0684,0.0793599999999999,-0.03388,0,Gore_2000,GW Bush_2000,,,-0.9922277,-0.316,0.155,-0.03466,,,1.3315176,0.693,-0.539,0.5328259916713985,0.03466,0.0,-0.3392898999999999,0,0,0,0,0,0,-0.73490473232533,,,0.0034729889110565,-0.18696875,,40.23054122924805,24.624414443969727,-0.64,0.945,0.3869984422296296,0.2520846774193548,0.3071473012173868,0.3246016708069841,0.403982684479342,0.0406299999999999
679,2000,AR,0.0298399999999999,0.4719931048957919,-0.0467699999999999,1.04944275145566,1.03980885702482,-0.0061103100001312,0,8,0.029,0.034,4.0,0,2678.588,6.0,,63.0,0.1419849737836855,0.0365227509517334,-0.0163641633836283,-0.0687254007104828,0.345069124801389,0.345069124801389,0.345069124801389,0.345069124801389,-0.0662,0.0328899999999999,0.0204699999999999,-0.0796599999999999,0,Gore_2000,GW Bush_2000,,,-0.9922277,-0.316,0.155,-0.0298399999999999,,,1.3315176,0.693,-0.539,0.5280068951042081,0.0298399999999999,0.0,-0.3392898999999999,0,0,0,0,1,0,-1.6547637776783,,,0.0570995052509307,0.317625,,33.54799270629883,46.10160827636719,-0.64,0.945,0.1652120991101786,0.3364721030042918,0.3206405429249189,0.3304571033157304,0.2437985839460308,-0.05648499999999995
680,2000,CA,-0.0602,0.5620298999907178,-0.0253999999999999,1.04944275145566,1.03980885702482,-0.0061103100001312,0,8,0.029,0.034,4.0,0,33987.977,54.0,,63.0,-0.0480420953316212,-0.0220574548181947,-0.0354217643934209,-0.0284556407762043,0.5350961939166959,0.5350961939166959,0.5350961939166959,0.5350961939166959,-0.0514499999999999,-0.02096,-0.00956,-0.0044399999999999,0,Gore_2000,GW Bush_2000,,,-0.9922277,-0.316,0.155,0.0602,,,1.3315176,0.693,-0.539,0.4379701000092821,-0.0602,54.0,-0.3392898999999999,0,0,0,0,0,0,2.4912518652121,,,-0.0840807426821899,-0.145020888869902,,51.14085388183594,71.40757751464844,-0.64,0.945,-0.0202285859709098,-0.1489104744852283,-0.0211937242804125,-0.0318509391600467,-0.0506724971744383,-0.0384249999999999
681,2000,CO,0.04669,0.4551408005672097,0.05435,1.04944275145566,1.03980885702482,-0.0061103100001312,0,8,0.029,0.034,4.0,0,4326.921,8.0,,63.0,0.060114908741369,0.0836044465153919,0.1111513692146127,0.049507139630289,0.4269391898437056,0.4269391898437056,0.4269391898437056,0.4269391898437056,0.0056999999999999,0.00051,0.05185,0.05384,0,Gore_2000,GW Bush_2000,,,-0.9922277,-0.316,0.155,-0.04669,,,1.3315176,0.693,-0.539,0.5448591994327903,0.04669,0.0,-0.3392898999999999,0,0,0,0,0,0,-0.356919783306018,,,-0.0175918400151824,-0.0934965277777777,,42.85548782348633,24.52979850769043,-0.64,0.945,0.125007158663757,0.1166011560693641,0.1288178968713177,0.2788912461699783,0.3820863956856815,0.03002499999999995
682,2000,CT,-0.0907299999999999,0.5925565804885452,-0.0568799999999999,1.04944275145566,1.03980885702482,-0.0061103100001312,0,8,0.029,0.034,4.0,0,3411.777,8.0,,63.0,-0.0414706922956951,-0.0510982114792606,0.0060422556928886,0.1087942597440505,0.5285247908807698,0.5285247908807698,0.5285247908807698,0.5285247908807698,-0.00753,-0.01322,0.0181799999999999,-0.0436599999999999,0,Gore_2000,GW Bush_2000,,,-0.9922277,-0.316,0.155,0.0907299999999999,,,1.3315176,0.693,-0.539,0.4074434195114548,-0.0907299999999999,8.0,-0.3392898999999999,0,0,1,0,0,0,1.80759507575872,,,-0.1541054707145691,-0.39146875,,59.86682891845703,53.38777923583984,-0.64,0.945,-0.2063988235895484,-0.0870498614958448,-0.1177637217488302,-0.1303323731936945,-0.2062702535091965,-0.03220499999999995
683,2000,DC,-0.40305,0.9048769447777848,-0.35448,1.04944275145566,1.03980885702482,-0.0061103100001312,0,8,0.029,0.034,4.0,0,572.046,3.0,,63.0,,,,,,,,,-0.3692500000000001,-0.39149,-0.45329,0.0370099999999999,0,Gore_2000,GW Bush_2000,,,-0.9922277,-0.316,0.155,0.40305,,,1.3315176,0.693,-0.539,0.0951230552222152,-0.40305,3.0,-0.3392898999999999,0,0,0,0,0,0,,,,,,,,,-0.64,0.945,,,,,,-0.36186500000000005
684,2000,DE,-0.06557,0.5674006478528845,-0.0394799999999999,1.04944275145566,1.03980885702482,-0.0061103100001312,0,8,0.029,0.034,4.0,0,786.373,3.0,,63.0,0.1629709876218968,0.2179532518294167,0.1847370580562765,0.0925039746803594,0.3240831109631777,0.3240831109631777,0.3240831109631777,0.3240831109631777,-0.01826,0.02338,0.00773,-0.0628599999999999,0,Gore_2000,GW Bush_2000,,,-0.9922277,-0.316,0.155,0.06557,,,1.3315176,0.693,-0.539,0.4325993521471155,-0.06557,3.0,-0.3392898999999999,0,0,0,0,0,0,0.517799680949654,,,-0.028747829300537,-0.3773333333333333,,44.24566650390625,58.494720458984375,-0.64,0.945,0.2101883249999999,0.0596415094339622,0.1815057333333332,0.1802623871110832,0.216590913690175,-0.028869999999999948
685,2000,FL,0.0018799999999999,0.4999539059196644,0.01521,1.04944275145566,1.03980885702482,-0.0061103100001312,0,8,0.029,0.034,4.0,0,16047.515,25.0,,63.0,-0.0229477021167598,0.0654530153326018,0.052194270614446,0.0533145092090118,0.5100018007018345,0.5100018007018345,0.5100018007018345,0.5100018007018345,0.04557,0.07349,0.06151,-0.0582799999999999,0,Gore_2000,GW Bush_2000,,,-0.9922277,-0.316,0.155,-0.0018799999999999,,,1.3315176,0.693,-0.539,0.5000460940803355,0.0018799999999999,0.0,-0.3392898999999999,0,0,0,0,1,0,-0.546726355876897,,,-0.0092291414418792,-0.07162,,41.81338882446289,29.73151397705078,-0.64,0.945,0.2555717258948738,0.27867081604426,0.1967584155085157,0.1981454981073288,0.2534283628843404,0.03039
686,2000,GA,0.06167,0.4401624637709734,0.05308,1.04944275145566,1.03980885702482,-0.0061103100001312,0,8,0.029,0.034,4.0,0,8227.303,13.0,,63.0,0.12424319104301,0.0335283090739415,0.0029268503829678,-0.0220224132668825,0.3628109075420646,0.3628109075420646,0.3628109075420646,0.3628109075420646,0.0302999999999999,0.06301,0.01017,-0.0099299999999999,0,Gore_2000,GW Bush_2000,,,-0.9922277,-0.316,0.155,-0.06167,,,1.3315176,0.693,-0.539,0.5598375362290267,0.06167,0.0,-0.3392898999999999,0,0,0,0,1,0,-1.44112413498095,,,0.0295654472398376,0.1450714285714285,,36.97908782958984,63.303035736083984,-0.64,0.945,0.577806037338576,0.6478556485355648,0.5919143098586732,0.5376739468975156,0.539999015151527,0.04168999999999995
687,2000,HI,-0.0964399999999999,0.5982729628042934,-0.0959999999999999,1.04944275145566,1.03980885702482,-0.0061103100001312,0,8,0.029,0.034,4.0,0,1213.519,4.0,,63.0,-0.1991519365210985,-0.0896553218103081,-0.1894298115563726,-0.2349018338867011,0.6862060351061732,0.6862060351061732,0.6862060351061732,0.6862060351061732,-0.03348,-0.08709,-0.03477,-0.0089099999999999,0,Gore_2000,GW Bush_2000,,,-0.9922277,-0.316,0.155,0.0964399999999999,,,1.3315176,0.693,-0.539,0.4017270371957065,-0.0964399999999999,4.0,-0.3392898999999999,0,0,0,0,0,0,1.6077498851851,,,-0.1875911631568908,0.0605,,64.0395736694336,70.9632797241211,-0.64,0.945,-0.2579549790476191,-0.2352926829268292,-0.2704686470634921,-0.3170435984333178,-0.3029635772913818,-0.06473999999999995
688,2000,ID,0.21031,0.2915150954425599,0.15475,1.04944275145566,1.03980885702482,-0.0061103100001312,0,8,0.029,0.034,4.0,0,1299.43,4.0,,63.0,0.0340902551485298,0.100738107208649,0.1072427844139169,0.0358618564665825,0.4529638434365448,0.4529638434365448,0.4529638434365448,0.4529638434365448,0.1303299999999999,0.0938499999999999,0.14095,0.0609,0,Gore_2000,GW Bush_2000,,,-0.9922277,-0.316,0.155,-0.21031,,,1.3315176,0.693,-0.539,0.7084849045574401,0.21031,0.0,-0.3392898999999999,0,0,0,0,0,0,-0.861139923032816,,,0.1839034759648513,0.228625,,17.746599197387695,23.478370666503903,-0.64,0.945,0.4347384821961621,0.5121719457013574,0.3733458219438521,0.4595004453960418,0.6371902374985082,0.14253999999999994
689,2000,IL,-0.0599699999999999,0.5618001031583959,-0.0492899999999999,1.04944275145566,1.03980885702482,-0.0061103100001312,0,8,0.029,0.034,4.0,0,12434.161,22.0,,63.0,-0.0037688175461576,-0.0547389942173538,-0.0230716688446478,-0.0341713946489797,0.4908229161312323,0.4908229161312323,0.4908229161312323,0.4908229161312323,-0.0521599999999999,-0.02854,-0.0270799999999999,-0.0207499999999999,0,Gore_2000,GW Bush_2000,,,-0.9922277,-0.316,0.155,0.0599699999999999,,,1.3315176,0.693,-0.539,0.4381998968416041,-0.0599699999999999,22.0,-0.3392898999999999,0,0,0,0,0,0,0.307406028038264,,,-0.1101491090431213,-0.1237529644268774,,54.389305114746094,40.17237091064453,-0.64,0.945,-0.2521518073054031,-0.0856766541822721,-0.1787901835188051,-0.0472785481025084,-0.1441412180582836,-0.0507249999999999
690,2000,IN,0.08188,0.4199521746741806,0.07824,1.04944275145566,1.03980885702482,-0.0061103100001312,0,8,0.029,0.034,4.0,0,6091.866,12.0,,63.0,0.0303267992183535,0.044646782643204,0.0250090681482157,-0.020406536301013,0.4567272993667211,0.4567272993667211,0.4567272993667211,0.4567272993667211,0.0720699999999999,0.06223,0.02892,0.01601,0,Gore_2000,GW Bush_2000,,,-0.9922277,-0.316,0.155,-0.08188,,,1.3315176,0.693,-0.539,0.5800478253258193,0.08188,0.0,-0.3392898999999999,0,0,0,0,0,0,-0.383943208763772,,,0.0138614944277191,-0.0376875,,38.93600082397461,50.82719039916992,-0.64,0.945,0.3361966128661088,0.4069166666666666,0.3226279661852268,0.3821729148009594,0.3853548113502377,0.07515499999999994
691,2000,IA,0.0001999999999999,0.5016277918751817,-0.0105699999999999,1.04944275145566,1.03980885702482,-0.0061103100001312,0,8,0.029,0.034,4.0,0,2929.067,7.0,,63.0,0.1068791262755435,0.0505038533129557,0.0366847909687717,0.1234739122706921,0.3801749723095311,0.3801749723095311,0.3801749723095311,0.3801749723095311,-0.00361,-0.0905099999999999,-0.05457,0.07994,0,Gore_2000,GW Bush_2000,,,-0.9922277,-0.316,0.155,-0.0001999999999999,,,1.3315176,0.693,-0.539,0.4983722081248183,0.0001999999999999,7.0,-0.3392898999999999,0,0,0,0,0,0,0.349623007261167,,,0.0159720671385192,-0.2269642857142857,,38.672996520996094,51.129676818847656,-0.64,0.945,0.0317915088631238,0.0549311594202898,0.1727340408703883,0.3032851390582906,0.1477072886654815,-0.0070899999999999505
692,2000,KS,0.1109999999999999,0.3908309253647191,0.14748,1.04944275145566,1.03980885702482,-0.0061103100001312,0,8,0.029,0.034,4.0,0,2693.681,6.0,,63.0,0.1101183800172675,0.0827451572931983,0.0928067401595887,0.0745048773415069,0.3769357185678071,0.3769357185678071,0.3769357185678071,0.3769357185678071,0.0691299999999999,0.0282499999999999,0.07848,0.11923,0,Gore_2000,GW Bush_2000,,,-0.9922277,-0.316,0.155,-0.1109999999999999,,,1.3315176,0.693,-0.539,0.6091690746352809,0.1109999999999999,0.0,-0.3392898999999999,0,0,0,0,0,0,-0.698422113786908,,,0.1710063139382553,-0.0700773809523809,,19.35375022888184,27.02213287353516,-0.64,0.945,0.2632820668307087,0.679988603988604,0.3124725781847581,0.6187201859221979,0.7150321391840934,0.10830499999999996
693,2000,KY,0.07911,0.4227221299598383,0.04147,1.04944275145566,1.03980885702482,-0.0061103100001312,0,8,0.029,0.034,4.0,0,4049.021,8.0,,63.0,0.0697722505439444,0.0911596128355421,0.0454915897969706,-0.0040597041763817,0.4172818480411301,0.4172818480411301,0.4172818480411301,0.4172818480411301,0.0150299999999999,0.0195099999999999,0.01212,0.02196,0,Gore_2000,GW Bush_2000,,,-0.9922277,-0.316,0.155,-0.07911,,,1.3315176,0.693,-0.539,0.5772778700401617,0.07911,0.0,-0.3392898999999999,0,0,0,0,0,0,-0.385991632357439,,,0.2027555096851921,0.2281145833333333,,15.397395133972168,48.91022872924805,-0.64,0.945,0.3621123965346535,0.1874261083743842,0.3304884012623762,0.497891302387266,0.5204739494857099,0.02824999999999995
694,2000,LA,0.0412199999999999,0.4606075403365277,-0.0188499999999999,1.04944275145566,1.03980885702482,-0.0061103100001312,0,8,0.029,0.034,4.0,0,4471.885,9.0,,63.0,-0.2000886710563491,-0.2128090627159212,-0.1137203636816688,0.1098830960626364,0.6871427696414237,0.6871427696414237,0.6871427696414237,0.6871427696414237,0.00707,0.0071499999999999,0.02238,-0.0259999999999999,0,Gore_2000,GW Bush_2000,,,-0.9922277,-0.316,0.155,-0.0412199999999999,,,1.3315176,0.693,-0.539,0.5393924596634723,0.0412199999999999,0.0,-0.3392898999999999,0,0,0,0,1,0,-0.970136467301917,,,0.1319206777542114,0.3203381313131313,,24.22431945800781,45.70758056640625,-0.64,0.945,0.7186783745920746,0.3987652173913043,0.4694118799503527,0.4699907351166901,0.5947717801655292,-0.005889999999999951
695,2000,ME,-0.0256499999999999,0.5274784154100042,-0.0798599999999999,1.04944275145566,1.03980885702482,-0.0061103100001312,0,8,0.029,0.034,4.0,0,1277.072,4.0,,63.0,-0.2049959000581435,-0.1412728682898816,-0.044331966018888,-0.0397558261858661,0.6920499986432181,0.6920499986432181,0.6920499986432181,0.6920499986432181,-0.0268399999999999,0.0186799999999999,0.01888,-0.0985399999999999,0,Gore_2000,GW Bush_2000,,,-0.9922277,-0.316,0.155,0.0256499999999999,,,1.3315176,0.693,-0.539,0.4725215845899958,-0.0256499999999999,4.0,-0.3392898999999999,0,0,0,0,0,0,0.955061875700553,,,-0.1091253075529479,-0.3523125,,54.26172637939453,59.98493957519531,-0.64,0.945,-0.2345824328407224,-0.0197213114754098,-0.2446790307402845,-0.2484092342038467,-0.2147480681626455,-0.0533499999999999
696,2000,MD,-0.0828799999999999,0.5847082460059023,-0.0396199999999999,1.04944275145566,1.03980885702482,-0.0061103100001312,0,8,0.029,0.034,4.0,0,5311.034,10.0,,63.0,-0.0581845857957544,-0.0339491437912904,-0.034757347056836,-0.0027283266970355,0.5452386843808291,0.5452386843808291,0.5452386843808291,0.5452386843808291,-0.0492799999999999,-0.02439,-0.06423,-0.0152299999999999,0,Gore_2000,GW Bush_2000,,,-0.9922277,-0.316,0.155,0.0828799999999999,,,1.3315176,0.693,-0.539,0.4152917539940977,-0.0828799999999999,10.0,-0.3392898999999999,0,0,0,0,0,0,1.36032697683358,,,-0.182116102747879,-0.2571295454545454,,63.3573112487793,69.3326644897461,-0.64,0.945,-0.0919062996147764,-0.0331551724137931,-0.1583407931590719,-0.0462335462901736,-0.0496134966271693,-0.0444499999999999
697,2000,MA,-0.1460599999999999,0.6478934376063381,-0.13964,1.04944275145566,1.03980885702482,-0.0061103100001312,0,8,0.029,0.034,4.0,0,6361.104,12.0,,63.0,-0.2729466926696983,-0.1691255528753057,-0.2391419403099471,-0.1126341230065026,0.7600007912547729,0.7600007912547729,0.7600007912547729,0.7600007912547729,-0.0872,-0.0788499999999999,-0.07783,-0.06079,0,Gore_2000,GW Bush_2000,,,-0.9922277,-0.316,0.155,0.1460599999999999,,,1.3315176,0.693,-0.539,0.3521065623936619,-0.1460599999999999,12.0,-0.3392898999999999,0,0,0,0,0,0,1.81741444520626,,,-0.2910024606431579,-0.3776041666666667,,76.92594146728516,61.01919174194336,-0.64,0.945,-0.4078958819256757,-0.0753030303030303,-0.3766926004222973,-0.4812861058028462,-0.5031418366690263,-0.11341999999999999
698,2000,MI,-0.0245199999999999,0.5263460648173409,-0.0264799999999999,1.04944275145566,1.03980885702482,-0.0061103100001312,0,8,0.029,0.034,4.0,0,9952.45,18.0,,63.0,-0.0182475564365701,-0.0357708754080365,-0.0229810682611049,0.0189837864315746,0.5053016550216448,0.5053016550216448,0.5053016550216448,0.5053016550216448,-0.01243,0.0007499999999999,0.0036499999999999,-0.0272299999999999,0,Gore_2000,GW Bush_2000,,,-0.9922277,-0.316,0.155,0.0245199999999999,,,1.3315176,0.693,-0.539,0.4736539351826591,-0.0245199999999999,18.0,-0.3392898999999999,0,0,0,0,0,0,0.500082960772444,,,-0.0994933877864837,-0.0978260233918128,,53.061466217041016,33.08203125,-0.64,0.945,0.0014338797377132,0.1794697986577181,0.0907823088399972,0.0963258799773198,0.0491949064416308,-0.01945499999999995
699,2000,MN,-0.0110299999999999,0.5128641197581132,-0.04703,1.04944275145566,1.03980885702482,-0.0061103100001312,0,8,0.029,0.034,4.0,0,4933.692,10.0,,63.0,0.4870540985850746,-0.0676882450145226,0.4577082077469026,,0.0,0.0,0.0,0.0,-0.04349,-0.07454,-0.0927199999999999,0.02751,0,Gore_2000,GW Bush_2000,,,-0.9922277,-0.316,0.155,0.0110299999999999,,,1.3315176,0.693,-0.539,0.4871358802418868,-0.0110299999999999,10.0,-0.3392898999999999,0,0,0,0,0,0,1.43025237166354,,,-0.0837430265585327,-0.1711,,51.09877014160156,51.47895050048828,-0.64,0.945,0.2902095392247718,0.0426022727272727,0.2080950049622194,0.1415678644975178,0.1733573986268218,-0.04526
700,2000,MS,0.08788,0.4139451516075371,0.07423,1.04944275145566,1.03980885702482,-0.0061103100001312,0,8,0.029,0.034,4.0,0,2848.353,7.0,,63.0,-0.0434680708927558,0.0521339889890479,-0.12255143727504,-0.1835231470631442,0.5305221694778305,0.5305221694778305,0.5305221694778305,0.5305221694778305,0.0829999999999999,0.06618,0.03098,0.00805,0,Gore_2000,GW Bush_2000,,,-0.9922277,-0.316,0.155,-0.08788,,,1.3315176,0.693,-0.539,0.5860548483924629,0.08788,0.0,-0.3392898999999999,0,0,0,0,1,0,-2.02721515482312,,,0.091041383849411,0.4702589285714286,,29.31840133666992,60.73105239868164,-0.64,0.945,0.3714622557385835,0.4598653846153845,0.4641650487706556,0.57772219006959,0.5568560749905062,0.07861499999999995
701,2000,MO,0.01895,0.4828805134324933,0.01129,1.04944275145566,1.03980885702482,-0.0061103100001312,0,8,0.029,0.034,4.0,0,5607.285,11.0,,63.0,-0.0257130819196753,-0.071606612171629,-0.0597350143872269,-0.0239024741717445,0.51276718050475,0.51276718050475,0.51276718050475,0.51276718050475,-0.0313499999999999,-0.01906,0.00844,0.03035,0,Gore_2000,GW Bush_2000,,,-0.9922277,-0.316,0.155,-0.01895,,,1.3315176,0.693,-0.539,0.5171194865675066,0.01895,0.0,-0.3392898999999999,0,0,0,0,0,0,-0.167615824405107,,,-0.0075081116674041,0.0321136363636363,,41.59892654418945,61.05411911010742,-0.64,0.945,0.2462948313187651,0.365616,0.2861850764875842,0.3041873098760511,0.315658343968824,-0.010029999999999949
702,2000,MT,0.13839,0.3634363802133028,0.06363,1.04944275145566,1.03980885702482,-0.0061103100001312,0,8,0.029,0.034,4.0,0,903.773,3.0,,63.0,0.0314672563412305,0.0494433593137432,-0.0776837325693239,0.0086923310032686,0.4555868422438441,0.4555868422438441,0.4555868422438441,0.4555868422438441,0.0164799999999999,-0.0091499999999999,0.0211999999999999,0.07278,0,Gore_2000,GW Bush_2000,,,-0.9922277,-0.316,0.155,-0.13839,,,1.3315176,0.693,-0.539,0.6365636197866972,0.13839,0.0,-0.3392898999999999,0,0,0,0,0,0,0.298465032423588,,,-0.0137308802272796,0.1544999999999999,,42.37436294555664,30.35940361022949,-0.64,0.945,0.100505229326923,0.1950441176470588,0.1622980473557691,0.1773638510854598,0.0828641918494656,0.04005499999999995
703,2000,NE,0.1536199999999999,0.3482051913791497,0.15231,1.04944275145566,1.03980885702482,-0.0061103100001312,0,8,0.029,0.034,4.0,0,1713.82,5.0,,63.0,0.2768160856990779,0.1886341464361056,0.1004964933727293,0.1280669874135047,0.2102380128859967,0.2102380128859967,0.2102380128859967,0.2102380128859967,0.1467699999999999,0.0664299999999999,0.11824,0.08588,0,Gore_2000,GW Bush_2000,,,-0.9922277,-0.316,0.155,-0.1536199999999999,,,1.3315176,0.693,-0.539,0.6517948086208503,0.1536199999999999,0.0,-0.3392898999999999,0,0,0,0,0,0,-0.301485383109339,,,0.1219305927732086,-0.0675,,25.46921157836914,35.30181121826172,-0.64,0.945,0.4895658337878787,0.4583297872340425,0.4979757329978355,0.6104419952961377,0.5514902476384989,0.14953999999999995
704,2000,NV,0.0203999999999999,0.4814316150032757,0.0408899999999999,1.04944275145566,1.03980885702482,-0.0061103100001312,0,8,0.029,0.034,4.0,0,2018.741,4.0,,63.0,0.2633025540604496,0.0910661158813651,0.0683235984518622,-0.0078244640195839,0.2237515445246249,0.2237515445246249,0.2237515445246249,0.2237515445246249,0.0154699999999999,0.06916,0.0813499999999999,-0.02827,0,Gore_2000,GW Bush_2000,,,-0.9922277,-0.316,0.155,-0.0203999999999999,,,1.3315176,0.693,-0.539,0.5185683849967243,0.0203999999999999,0.0,-0.3392898999999999,0,0,0,0,0,0,-0.321234630075761,,,-0.0811443389463806,0.0434999999999999,,50.774940490722656,36.06028747558594,-0.64,0.945,0.1953780709040196,0.186486301369863,0.2004273771911402,0.29636358137806,0.2450229285882261,0.0281799999999999
705,2000,NH,0.00851,0.4933219980478119,-0.0093499999999999,1.04944275145566,1.03980885702482,-0.0061103100001312,0,8,0.029,0.034,4.0,0,1239.882,4.0,,63.0,0.0923633260733771,0.0283334560090331,0.0645154110939122,-0.0127275243244482,0.3946907725116975,0.3946907725116975,0.3946907725116975,0.3946907725116975,0.0257499999999999,0.09331,0.0974499999999999,-0.1026599999999999,0,Gore_2000,GW Bush_2000,,,-0.9922277,-0.316,0.155,-0.00851,,,1.3315176,0.693,-0.539,0.506678001952188,0.00851,0.0,-0.3392898999999999,0,0,0,0,0,0,0.588537060114319,,,0.0307525353329468,-0.5369375000000001,,36.83116149902344,47.785491943359375,-0.64,0.945,0.1678882902009239,0.116391304347826,0.2553082435529532,0.22126715075431,-0.0079503582433691,0.0082
706,2000,NJ,-0.08028,0.5821140941672093,-0.05291,1.04944275145566,1.03980885702482,-0.0061103100001312,0,8,0.029,0.034,4.0,0,8430.621,15.0,,63.0,-0.0254426286451086,0.0095514639807362,0.0113319093641671,0.0526024963326956,0.5124967272301832,0.5124967272301832,0.5124967272301832,0.5124967272301832,0.0195199999999999,0.02998,0.0134,-0.08289,0,Gore_2000,GW Bush_2000,,,-0.9922277,-0.316,0.155,0.08028,,,1.3315176,0.693,-0.539,0.4178859058327907,-0.08028,15.0,-0.3392898999999999,0,0,0,0,0,0,2.07636138579346,,,-0.1387754485089111,-0.36705,,57.95651245117188,38.72401428222656,-0.64,0.945,-0.0869561453168596,-0.0355931818181818,-0.0875968571772551,-0.0800475441795564,-0.1173765225066195,-0.01669500000000005
707,2000,NM,0.00151,0.5003192602930914,0.0065199999999999,1.04944275145566,1.03980885702482,-0.0061103100001312,0,8,0.029,0.034,4.0,0,1821.204,5.0,,63.0,0.0060783304143658,-0.0085856189886113,0.0419027581882462,0.0314176818826817,0.4809757681707088,0.4809757681707088,0.4809757681707088,0.4809757681707088,-0.0177,-0.0139299999999999,0.0116899999999999,0.0204499999999999,0,Gore_2000,GW Bush_2000,,,-0.9922277,-0.316,0.155,-0.00151,,,1.3315176,0.693,-0.539,0.4996807397069086,0.00151,5.0,-0.3392898999999999,0,0,0,0,0,0,0.127954554470055,,,-0.0113867960415649,-0.0187571428571428,,42.08226013183594,51.05074691772461,-0.64,0.945,0.029851218757556,0.0669146341463414,0.1091320962260552,0.1532122181299015,0.1170635253177923,-0.00559000000000005
708,2000,NY,-0.12905,0.630878852342418,-0.11341,1.04944275145566,1.03980885702482,-0.0061103100001312,0,8,0.029,0.034,4.0,0,19001.78,33.0,,63.0,-0.0885752814617162,-0.0877525455926664,-0.0608414343847907,-0.0273874296646412,0.5756293800467909,0.5756293800467909,0.5756293800467909,0.5756293800467909,-0.06106,-0.0597199999999999,-0.05163,-0.05369,0,Gore_2000,GW Bush_2000,,,-0.9922277,-0.316,0.155,0.12905,,,1.3315176,0.693,-0.539,0.3691211476575819,-0.12905,33.0,-0.3392898999999999,0,0,0,0,0,0,1.88544808103925,,,-0.1598465529795074,-0.2256007639419404,,60.58224105834961,47.06890487670898,-0.64,0.945,-0.0817122874233398,-0.0789897025171624,-0.126974970422344,-0.1948935543139729,-0.156739823709776,-0.08723500000000001
709,2000,NC,0.0664699999999999,0.4353600301849695,0.07206,1.04944275145566,1.03980885702482,-0.0061103100001312,0,8,0.029,0.034,4.0,0,8081.614,14.0,,63.0,0.0377909054728015,0.0421473745509498,0.0288689934878589,0.0108868670024103,0.4492631931122731,0.4492631931122731,0.4492631931122731,0.4492631931122731,0.0382999999999999,0.0425499999999999,0.0284699999999999,0.02951,0,Gore_2000,GW Bush_2000,,,-0.9922277,-0.316,0.155,-0.0664699999999999,,,1.3315176,0.693,-0.539,0.5646399698150305,0.0664699999999999,0.0,-0.3392898999999999,0,0,0,0,1,0,-1.38460359188601,,,0.0210357579618072,0.1538392857142857,,38.04199600219727,64.9920425415039,-0.64,0.945,0.3215457566349168,0.3082840095465393,0.2848359373348541,0.3258198300888341,0.3524391409205564,0.05517999999999995
710,2000,ND,0.1491,0.3527260342938372,0.08587,1.04944275145566,1.03980885702482,-0.0061103100001312,0,8,0.029,0.034,4.0,0,642.023,3.0,,63.0,-0.0905527051933006,-0.059262573257281,-0.0797085396627743,-0.0637170967147532,0.5776068037783753,0.5776068037783753,0.5776068037783753,0.5776068037783753,0.1124699999999999,0.02692,0.0655399999999999,0.05895,0,Gore_2000,GW Bush_2000,,,-0.9922277,-0.316,0.155,-0.1491,,,1.3315176,0.693,-0.539,0.6472739657061628,0.1491,0.0,-0.3392898999999999,0,0,0,0,0,0,-1.30680424342919,,,-0.1216687737770843,0.337,,55.82480239868164,32.2283935546875,-0.64,0.945,0.2703537068181818,0.5231986754966886,0.2383496570454545,0.2546707576109129,0.294523370638578,0.09916999999999995
711,2000,OH,0.0200099999999999,0.4818156833904182,0.01079,1.04944275145566,1.03980885702482,-0.0061103100001312,0,8,0.029,0.034,4.0,0,11363.543,21.0,,63.0,0.0107473182331891,0.0198159269321358,0.0495345608591937,0.0216202719941109,0.4763067803518854,0.4763067803518854,0.4763067803518854,0.4763067803518854,0.0220399999999999,0.01571,0.0029,-0.0049199999999999,0,Gore_2000,GW Bush_2000,,,-0.9922277,-0.316,0.155,-0.0200099999999999,,,1.3315176,0.693,-0.539,0.5181843166095819,0.0200099999999999,0.0,-0.3392898999999999,0,0,0,0,0,0,-0.0548456351673776,,,-0.032417767640686,-0.0807694805194805,,44.70298767089844,33.21467590332031,-0.64,0.945,-0.0015068412341008,0.1798451178451178,0.0504761702928035,0.1706036108388625,0.1472300071442924,0.01641499999999995
712,2000,OK,0.11264,0.3891932877788108,0.09077,1.04944275145566,1.03980885702482,-0.0061103100001312,0,8,0.029,0.034,4.0,0,3454.365,8.0,,63.0,0.1183282026866426,0.1277812382909147,0.0588808628430544,-0.0758679392109811,0.368725895898432,0.368725895898432,0.368725895898432,0.368725895898432,0.0899399999999999,0.0448699999999999,0.0992899999999999,0.0459,0,Gore_2000,GW Bush_2000,,,-0.9922277,-0.316,0.155,-0.11264,,,1.3315176,0.693,-0.539,0.6108067122211891,0.11264,0.0,-0.3392898999999999,0,0,0,0,0,0,-0.763613598047515,,,0.144149861655693,0.2169375,,22.70040702819824,39.70503234863281,-0.64,0.945,0.663393535,0.5502299270072993,0.5855995382991459,0.5530813605376985,0.6340807238394964,0.09035499999999995
713,2000,OR,-0.00053,0.5023589198553057,-0.00017,1.04944275145566,1.03980885702482,-0.0061103100001312,0,8,0.029,0.034,4.0,0,3429.708,7.0,,63.0,-0.1241759509817602,-0.0641372469461051,-0.106891339762434,-0.0719198901994034,0.6112300495668349,0.6112300495668349,0.6112300495668349,0.6112300495668349,-0.0326199999999999,-0.0628699999999999,-0.03076,0.0626999999999999,0,Gore_2000,GW Bush_2000,,,-0.9922277,-0.316,0.155,0.00053,,,1.3315176,0.693,-0.539,0.4976410801446943,-0.00053,7.0,-0.3392898999999999,0,0,0,0,0,0,1.14583978871399,,,-0.093498130668869,-0.2985912698412699,,52.31438064575195,54.09758758544922,-0.64,0.945,0.097375966314935,-0.0451855203619909,0.0290186604662698,-0.1575062379041113,-0.080381861575179,-0.01639499999999995
714,2000,PA,-0.01965,0.5214847871680315,-0.00485,1.04944275145566,1.03980885702482,-0.0061103100001312,0,8,0.029,0.034,4.0,0,12284.173,23.0,,63.0,0.0030595595129767,-0.0207704060113274,0.0087098516214383,0.0481140422554879,0.4839945390720979,0.4839945390720979,0.4839945390720979,0.4839945390720979,-0.02177,-0.02733,-0.0548,0.02248,0,Gore_2000,GW Bush_2000,,,-0.9922277,-0.316,0.155,0.01965,,,1.3315176,0.693,-0.539,0.4785152128319685,-0.01965,23.0,-0.3392898999999999,0,0,0,0,0,0,0.464800048518762,,,-0.0543852647447967,-0.0413840579710144,,47.4404182434082,35.747886657714844,-0.64,0.945,0.1057619481435045,0.1548478087649402,0.1049414292919531,0.1211791833504609,0.1002065094081623,-0.01331
715,2000,RI,-0.15466,0.6564911606759932,-0.1432799999999999,1.04944275145566,1.03980885702482,-0.0061103100001312,0,8,0.029,0.034,4.0,0,1050.268,4.0,,63.0,-0.239594375561928,-0.1898932194006913,-0.1550033988841209,0.018002646291547,0.7266484741470027,0.7266484741470027,0.7266484741470027,0.7266484741470027,-0.08472,-0.09781,-0.07351,-0.0454699999999999,0,Gore_2000,GW Bush_2000,,,-0.9922277,-0.316,0.155,0.15466,,,1.3315176,0.693,-0.539,0.3435088393240068,-0.15466,4.0,-0.3392898999999999,0,0,0,0,0,0,1.78603698805305,,,-0.2936555158981323,-0.412875,,77.25654602050781,58.102783203125,-0.64,0.945,-0.3316206515625,-0.3679675925925925,-0.2992327513749999,-0.3476532831293584,-0.3641403197158082,-0.11399999999999996
716,2000,SC,0.0833599999999999,0.4184697276651538,0.07897,1.04944275145566,1.03980885702482,-0.0061103100001312,0,8,0.029,0.034,4.0,0,4024.223,8.0,,63.0,0.0973565715657823,0.1652306794107445,0.0958623306050229,0.0612928403756363,0.3896975270192923,0.3896975270192923,0.3896975270192923,0.3896975270192923,0.0800699999999999,0.0816899999999999,0.04937,-0.0027199999999999,0,Gore_2000,GW Bush_2000,,,-0.9922277,-0.316,0.155,-0.0833599999999999,,,1.3315176,0.693,-0.539,0.5815302723348462,0.0833599999999999,0.0,-0.3392898999999999,0,0,0,0,1,0,-1.57814655225709,,,-0.0331332715346526,0.13328125,,44.79214859008789,55.433292388916016,-0.64,0.945,0.3700628081780025,0.5151287671232877,0.4048627127225498,0.5010475443416047,0.4439654691540439,0.07951999999999995
717,2000,SD,0.1179799999999999,0.3838528742762613,0.0661,1.04944275145566,1.03980885702482,-0.0061103100001312,0,8,0.029,0.034,4.0,0,755.844,3.0,,63.0,0.2378835970188887,0.1102298923527343,-0.1625635737434901,-0.1935473074010574,0.2491705015661858,0.2491705015661858,0.2491705015661858,0.2491705015661858,0.0563299999999999,-0.00711,0.04119,0.07321,0,Gore_2000,GW Bush_2000,,,-0.9922277,-0.316,0.155,-0.1179799999999999,,,1.3315176,0.693,-0.539,0.6161471257237386,0.1179799999999999,0.0,-0.3392898999999999,0,0,0,0,0,0,-1.00527080953529,,,0.0129945509340667,0.0776666666666666,,39.04403305053711,29.22534942626953,-0.64,0.945,0.7063074075187968,0.5695539215686274,0.5525704042857141,0.5502106858651982,0.6983401831129197,0.06121499999999995
718,2000,TN,0.0214599999999999,0.4803713321482099,0.0338899999999999,1.04944275145566,1.03980885702482,-0.0061103100001312,0,8,0.029,0.034,4.0,0,5703.719,11.0,,63.0,0.0194677055761136,0.0100414455131255,0.0157261240344694,-0.018151517763238,0.467586393008961,0.467586393008961,0.467586393008961,0.467586393008961,0.0077399999999999,0.0431599999999999,-0.0099899999999999,-0.00927,0,Gore_2000,GW Bush_2000,,,-0.9922277,-0.316,0.155,-0.0214599999999999,,,1.3315176,0.693,-0.539,0.5196286678517901,0.0214599999999999,0.0,-0.3392898999999999,1,0,0,0,1,0,-0.983618129207318,,,0.0619596541501617,0.1361136363636363,,32.94235610961914,42.51396179199219,-0.64,0.945,0.4061511328492237,0.4326810344827586,0.4200103012867348,0.3962493627377991,0.4254888407802527,0.0208149999999999
719,2000,TX,0.1113899999999999,0.3904372985143706,0.07337,1.04944275145566,1.03980885702482,-0.0061103100001312,0,8,0.029,0.034,4.0,0,20944.499,32.0,,63.0,0.0242788234226652,0.0479224292615226,0.0272222934164699,0.0157391585788551,0.4627752751624094,0.4627752751624094,0.4627752751624094,0.4627752751624094,0.0561399999999999,0.02443,0.0460499999999999,0.04894,0,Gore_2000,GW Bush_2000,,,-0.9922277,-0.316,0.155,-0.1113899999999999,,,1.3315176,0.693,-0.539,0.6095627014856294,0.1113899999999999,0.0,-0.3392898999999999,0,1,0,0,1,0,-0.858567010137938,,,0.0061449626363372,0.3210641571969697,,39.897579193115234,33.41654586791992,-0.64,0.945,0.3480305719900342,0.5029356568364611,0.3258141485991531,0.3822550803471927,0.3595768089866598,0.06475499999999995
720,2000,UT,0.21909,0.2827449456867586,0.16695,1.04944275145566,1.03980885702482,-0.0061103100001312,0,8,0.029,0.034,4.0,0,2244.502,5.0,,63.0,0.1933761658102877,0.0947235673278661,-0.0036266058659758,0.0489263578215278,0.2936779327747869,0.2936779327747869,0.2936779327747869,0.2936779327747869,0.1712599999999999,0.1348499999999999,0.15939,0.0321,0,Gore_2000,GW Bush_2000,,,-0.9922277,-0.316,0.155,-0.21909,,,1.3315176,0.693,-0.539,0.7172550543132414,0.21909,0.0,-0.3392898999999999,0,0,0,0,0,0,-1.07860124159058,,,0.0899780005111694,0.02905,,29.450912475585938,27.977867126464844,-0.64,0.945,0.2115706328455284,0.3985637860082304,0.2425053757142857,0.3455494511213206,0.2948706292004766,0.16910499999999995
721,2000,VT,-0.05257,0.554403508967734,-0.0850699999999999,1.04944275145566,1.03980885702482,-0.0061103100001312,0,8,0.029,0.034,4.0,0,609.618,3.0,,63.0,0.4870540985850746,0.2779621390864501,0.4577082077469026,0.3226130507886427,0.0,0.0,0.0,0.0,-0.0688199999999999,-0.02121,-0.0051599999999999,-0.0638599999999999,0,Gore_2000,GW Bush_2000,,,-0.9922277,-0.316,0.155,0.05257,,,1.3315176,0.693,-0.539,0.4455964910322659,-0.05257,3.0,-0.3392898999999999,0,0,0,0,0,0,1.56634327757164,,,-0.2430596282966614,-0.4000000000000001,,70.95165252685547,66.55104064941406,-0.64,0.945,-0.4599020205357142,0.1206823529411764,-0.4918052626488094,-1.006566120589005,-1.2710136655103543,-0.0769449999999999
722,2000,VA,0.0433,0.4585276369416675,0.05737,1.04944275145566,1.03980885702482,-0.0061103100001312,0,8,0.029,0.034,4.0,0,7105.817,13.0,,63.0,0.0001998770871534,0.0220087030572909,0.0490630976647773,0.0253784635282194,0.4868542214979212,0.4868542214979212,0.4868542214979212,0.4868542214979212,0.0592699999999999,0.06456,0.0349499999999999,-0.0071899999999999,0,Gore_2000,GW Bush_2000,,,-0.9922277,-0.316,0.155,-0.0433,,,1.3315176,0.693,-0.539,0.5414723630583325,0.0433,0.0,-0.3392898999999999,0,0,0,0,1,0,-0.612449456490781,,,0.0215103115648651,0.086451923076923,,37.98286056518555,36.74110794067383,-0.64,0.945,0.4060169839235786,0.4130498614958448,0.3887040107428017,0.2306245058134739,0.1665669119803675,0.05831999999999995
723,2000,WA,-0.0276199999999999,0.5294477100940541,-0.0251899999999999,1.04944275145566,1.03980885702482,-0.0061103100001312,0,8,0.029,0.034,4.0,0,5910.512,11.0,,63.0,-0.0578683986059662,-0.0243769684287169,-0.0342705005272953,-0.0489031345463378,0.5449224971910409,0.5449224971910409,0.5449224971910409,0.5449224971910409,-0.0422,-0.0471099999999999,-0.0261,0.02192,0,Gore_2000,GW Bush_2000,,,-0.9922277,-0.316,0.155,0.0276199999999999,,,1.3315176,0.693,-0.539,0.4705522899059459,-0.0276199999999999,11.0,-0.3392898999999999,0,0,0,0,0,0,0.969919848745676,,,0.0152189712032318,-0.1446590909090909,,38.76684188842773,62.395599365234375,-0.64,0.945,-0.0122984869846888,0.1499633027522935,0.0356165367514874,-0.0327563723895199,-0.0362991631799162,-0.03369499999999995
724,2000,WV,0.03425,0.4675792598406258,-0.0367899999999999,1.04944275145566,1.03980885702482,-0.0061103100001312,0,8,0.029,0.034,4.0,0,1807.021,5.0,,63.0,-0.4196832448888441,-0.3766262904309182,-0.2036907355928914,-0.2543841951711987,0.9067373434739188,0.9067373434739188,0.9067373434739188,0.9067373434739188,-0.04397,-0.0627999999999999,-0.03909,0.0260099999999999,0,Gore_2000,GW Bush_2000,,,-0.9922277,-0.316,0.155,-0.03425,,,1.3315176,0.693,-0.539,0.5324207401593741,0.03425,0.0,-0.3392898999999999,0,0,0,0,0,0,0.238581242919305,,,-0.1115458921549987,0.4532,,54.56336212158203,51.39051818847656,-0.64,0.945,-0.1415946679258267,-0.0731705202312138,-0.1704034411231075,-0.2305685365974674,-0.1414652199839257,-0.04037999999999995
725,2000,WI,0.00068,0.5011506830315781,-0.0124299999999999,1.04944275145566,1.03980885702482,-0.0061103100001312,0,8,0.029,0.034,4.0,0,5373.999,11.0,,63.0,0.0231347396506104,0.0264130267695607,0.0775988567064718,0.0387154947817217,0.4639193589344642,0.4639193589344642,0.4639193589344642,0.4639193589344642,0.0057699999999999,-0.0572599999999999,-0.04557,0.04483,0,Gore_2000,GW Bush_2000,,,-0.9922277,-0.316,0.155,-0.00068,,,1.3315176,0.693,-0.539,0.4988493169684219,0.00068,11.0,-0.3392898999999999,0,0,0,0,0,0,0.721402111980433,,,-0.0787759178935241,-0.3758655303030302,,50.47980499267578,33.32907485961914,-0.64,0.945,0.1681651851659441,0.313593220338983,0.1495368825087315,0.256457304700473,0.2561755334624143,-0.0033299999999999996
726,2000,WY,0.21165,0.2901769435968296,0.12164,1.04944275145566,1.03980885702482,-0.0061103100001312,0,8,0.029,0.034,4.0,0,494.3,3.0,,63.0,0.0860748379684855,0.0760345357622114,0.0208094544575708,0.1219763728854941,0.4009792606165891,0.4009792606165891,0.4009792606165891,0.4009792606165891,0.0716399999999999,0.07522,0.12219,0.04642,0,Gore_2000,GW Bush_2000,,,-0.9922277,-0.316,0.155,-0.21165,,,1.3315176,0.693,-0.539,0.7098230564031704,0.21165,0.0,-0.3392898999999999,0,0,0,1,0,0,-1.00887759247148,,,0.1357829997944259,-0.01225,,23.743024826049805,24.88262939453125,-0.64,0.945,0.6543950030303028,0.3231333333333333,0.4693523761363635,0.6635200160200616,0.9552341655392942,0.09663999999999995
727,2000,USA,0.0,0.5018259267463585,0.0,1.04944275145566,1.03980885702482,-0.0061103100001312,0,8,0.029,0.034,4.0,0,,,,63.0,,,,,0.4870540985850746,0.4870540985850746,0.4870540985850746,0.4870540985850746,0.0,0.0,0.0,0.0,0,Gore_2000,GW Bush_2000,,,-0.9922277,-0.316,0.155,-0.0,,,1.3315176,0.693,-0.539,0.4981740732536415,0.0,,-0.3392898999999999,0,0,0,0,0,0,,,,,,,,,-0.64,0.945,,,,,,0.0
728,2004,AL,0.1159099999999999,0.3710222864771775,0.0779,1.03506814082858,1.018009222819,0.02257016851091,1,4,0.0336,0.027,5.5,1,4530.729,9.0,53.0,53.0,0.0449553886091732,0.1276248143213201,0.0366623027647805,0.0458878065218003,0.4219915904081057,0.4219915904081057,0.4219915904081057,0.4219915904081057,0.0841,0.07193,0.0584299999999999,0.00597,1,GW Bush_2004,Kerry_2004,,,-1.2429936,-0.352,-0.382,-0.1159099999999999,,,1.74197494,0.693,-0.539,0.6289777135228225,0.1159099999999999,0.0,-0.49898134,0,0,0,0,1,0,-1.7821607137402,,,0.0121973119013977,0.4543888888888889,,39.14337921142578,44.617706298828125,-0.863,1.205,0.4684294878098544,0.4335806451612903,0.4471651656805731,0.5210590406613497,0.4884088603183208,0.08099999999999999
729,2004,AK,0.1191899999999999,0.3677371701875368,0.1811999999999999,1.03506814082858,1.018009222819,0.02257016851091,1,4,0.0336,0.027,5.5,1,659.286,3.0,53.0,53.0,0.2786738090322999,0.2993815255921364,0.1309953086833651,0.1209215383587397,0.1882731699849791,0.1882731699849791,0.1882731699849791,0.1882731699849791,0.15105,0.0994599999999999,0.0826,0.0817399999999999,1,GW Bush_2004,Kerry_2004,,,-1.2429936,-0.352,-0.382,-0.1191899999999999,,,1.74197494,0.693,-0.539,0.6322628298124632,0.1191899999999999,0.0,-0.49898134,0,0,0,0,0,0,0.445110780593443,,,-0.0132107447434997,-0.2535,,42.309547424316406,37.97787094116211,-0.863,1.205,-0.1388019773588709,0.1192679738562091,0.0892725238205645,0.183812448287965,-0.1130740779113136,0.16612499999999994
730,2004,AZ,0.0396799999999999,0.4472499496951174,0.03466,1.03506814082858,1.018009222819,0.02257016851091,1,4,0.0336,0.027,5.5,1,5652.404,10.0,53.0,53.0,0.0578380701852195,0.0965258753012128,0.0721227125873286,0.1067003049918415,0.4091089088320594,0.4091089088320594,0.4091089088320594,0.4091089088320594,0.0345199999999999,0.0467399999999999,0.0684,-0.0120799999999999,1,GW Bush_2004,Kerry_2004,,,-1.2429936,-0.352,-0.382,-0.0396799999999999,,,1.74197494,0.693,-0.539,0.5527500503048826,0.0396799999999999,0.0,-0.49898134,0,0,0,0,0,0,-0.687117716524347,,,-0.0568761660560607,-0.2000625,,47.75081634521485,50.40283584594727,-0.863,1.205,0.0916532903483043,0.169615969581749,0.1717415526975823,0.2744386229318735,0.2945912632721715,0.034589999999999954
731,2004,AR,0.0362899999999999,0.4506425174833222,0.0298399999999999,1.03506814082858,1.018009222819,0.02257016851091,1,4,0.0336,0.027,5.5,1,2749.686,6.0,53.0,53.0,-0.1132120858293899,-0.070386603988658,0.1419849737836855,0.0365227509517334,0.5801590648466689,0.5801590648466689,0.5801590648466689,0.5801590648466689,-0.0467699999999999,-0.0662,0.0328899999999999,0.09604,1,GW Bush_2004,Kerry_2004,,,-1.2429936,-0.352,-0.382,-0.0362899999999999,,,1.74197494,0.693,-0.539,0.5493574825166778,0.0362899999999999,0.0,-0.49898134,0,0,0,0,1,0,-1.74411498252178,,,-0.0960160015146636,0.3564702380952381,,52.62813949584961,45.35713958740234,-0.863,1.205,0.177949120649957,0.3726801619433199,0.1175086598660905,0.179269551250947,0.1846488174382529,-0.008465
732,2004,CA,-0.0634799999999999,0.5504132045282245,-0.0602,1.03506814082858,1.018009222819,0.02257016851091,1,4,0.0336,0.027,5.5,1,35574.576,55.0,53.0,53.0,-0.0693785478417544,-0.0572878505801806,-0.0480420953316212,-0.0220574548181947,0.5363255268590333,0.5363255268590333,0.5363255268590333,0.5363255268590333,-0.0253999999999999,-0.0514499999999999,-0.02096,-0.00875,1,GW Bush_2004,Kerry_2004,,,-1.2429936,-0.352,-0.382,0.0634799999999999,,,1.74197494,0.693,-0.539,0.4495867954717755,-0.0634799999999999,55.0,-0.49898134,0,0,0,0,0,0,2.67148879549521,,,-0.1479546719341278,-0.1438306291296422,,59.10036087036133,49.32379913330078,-0.863,1.205,-0.0795230654857745,-0.198865182436611,-0.0400758140809548,-0.0314544871902251,-0.0504145364450384,-0.04279999999999995
733,2004,CO,0.0105899999999999,0.4763377044175736,0.04669,1.03506814082858,1.018009222819,0.02257016851091,1,4,0.0336,0.027,5.5,1,4575.013,9.0,53.0,53.0,0.027855638561206,0.1527777807084279,0.060114908741369,0.0836044465153919,0.4390913404560728,0.4390913404560728,0.4390913404560728,0.4390913404560728,0.05435,0.0056999999999999,0.00051,0.04099,1,GW Bush_2004,Kerry_2004,,,-1.2429936,-0.352,-0.382,-0.0105899999999999,,,1.74197494,0.693,-0.539,0.5236622955824264,0.0105899999999999,0.0,-0.49898134,0,0,0,0,0,0,-0.512841643074427,,,-0.1122852431175231,0.03828125,,54.655494689941406,29.10277557373047,-0.863,1.205,0.1696211998504968,0.0968852813852814,0.2289866332424088,0.2477691154096333,0.1678024374511068,0.05052
734,2004,CT,-0.0658199999999999,0.5527494756058412,-0.0907299999999999,1.03506814082858,1.018009222819,0.02257016851091,1,4,0.0336,0.027,5.5,1,3496.094,7.0,53.0,53.0,-0.055131587737386,-0.0506299550994154,-0.0414706922956951,-0.0510982114792606,0.522078566754665,0.522078566754665,0.522078566754665,0.522078566754665,-0.0568799999999999,-0.00753,-0.01322,-0.0831999999999999,1,GW Bush_2004,Kerry_2004,,,-1.2429936,-0.352,-0.382,0.0658199999999999,,,1.74197494,0.693,-0.539,0.4472505243941588,-0.0658199999999999,7.0,-0.49898134,0,0,0,0,0,0,1.87895825397872,,,-0.2833316025697326,-0.3734151785714286,,75.97005462646484,54.3362922668457,-0.863,1.205,-0.3191143066761003,-0.2079855421686746,-0.276263245742564,-0.2201097728356927,-0.2366426126539398,-0.0738049999999999
735,2004,DC,-0.41827,0.9052027864743608,-0.40305,1.03506814082858,1.018009222819,0.02257016851091,1,4,0.0336,0.027,5.5,1,567.754,3.0,53.0,53.0,,,,,,,,,-0.35448,-0.3692500000000001,-0.39149,-0.0337999999999999,1,GW Bush_2004,Kerry_2004,,,-1.2429936,-0.352,-0.382,0.41827,,,1.74197494,0.693,-0.539,0.0947972135256393,-0.41827,3.0,-0.49898134,0,0,0,0,0,0,,,,,,,,,-0.863,1.205,,,,,,-0.378765
736,2004,DE,-0.05139,0.5383150624509161,-0.06557,1.03506814082858,1.018009222819,0.02257016851091,1,4,0.0336,0.027,5.5,1,830.803,3.0,53.0,53.0,0.1965273279287036,0.1784622104661768,0.1629709876218968,0.2179532518294167,0.2704196510885753,0.2704196510885753,0.2704196510885753,0.2704196510885753,-0.0394799999999999,-0.01826,0.02338,-0.0473099999999999,1,GW Bush_2004,Kerry_2004,,,-1.2429936,-0.352,-0.382,0.05139,,,1.74197494,0.693,-0.539,0.4616849375490839,-0.05139,3.0,-0.49898134,0,0,0,0,0,0,0.659368515921622,,,-0.2102494905513,-0.3498333333333333,,66.86309051513672,56.10538101196289,-0.863,1.205,0.4412988055555554,-0.0618693181818181,0.3959905256944442,0.4570890798786652,0.632,-0.05252499999999995
737,2004,FL,0.0121699999999999,0.4747632042433121,0.0018799999999999,1.03506814082858,1.018009222819,0.02257016851091,1,4,0.0336,0.027,5.5,1,17415.318,27.0,53.0,53.0,0.0513366700226895,0.0821110361737046,-0.0229477021167598,0.0654530153326018,0.4156103089945894,0.4156103089945894,0.4156103089945894,0.4156103089945894,0.01521,0.04557,0.07349,-0.04369,1,GW Bush_2004,Kerry_2004,,,-1.2429936,-0.352,-0.382,-0.0121699999999999,,,1.74197494,0.693,-0.539,0.5252367957566879,0.0121699999999999,0.0,-0.49898134,0,0,0,0,1,0,-0.628177483922918,,,-0.0065659534786987,-0.0459290455840455,,41.48152160644531,29.479660034179688,-0.863,1.205,0.0948706397165303,0.3212631578947368,0.1892389382362811,0.2184561610990862,0.2200448896977532,0.00854499999999995
738,2004,GA,0.0704699999999999,0.4164576730359044,0.06167,1.03506814082858,1.018009222819,0.02257016851091,1,4,0.0336,0.027,5.5,1,8769.252,15.0,53.0,53.0,0.0425956391729813,0.1115096201441622,0.12424319104301,0.0335283090739415,0.4243513398442975,0.4243513398442975,0.4243513398442975,0.4243513398442975,0.05308,0.0302999999999999,0.06301,0.03137,1,GW Bush_2004,Kerry_2004,,,-1.2429936,-0.352,-0.382,-0.0704699999999999,,,1.74197494,0.693,-0.539,0.5835423269640956,0.0704699999999999,0.0,-0.49898134,0,0,0,0,1,0,-1.52086152472132,,,0.0435168701060486,0.1388448717948718,,35.240562438964844,36.43751907348633,-0.863,1.205,0.3221384811198134,0.6127756849315068,0.5916269947615874,0.5446983377092339,0.5243275498760687,0.057375
739,2004,HI,-0.0571099999999999,0.5440444800293027,-0.0964399999999999,1.03506814082858,1.018009222819,0.02257016851091,1,4,0.0336,0.027,5.5,1,1273.569,4.0,53.0,53.0,-0.1987245686982927,-0.174803002923141,-0.1991519365210985,-0.0896553218103081,0.6656715477155717,0.6656715477155717,0.6656715477155717,0.6656715477155717,-0.0959999999999999,-0.03348,-0.08709,-0.0629599999999999,1,GW Bush_2004,Kerry_2004,,,-1.2429936,-0.352,-0.382,0.0571099999999999,,,1.74197494,0.693,-0.539,0.4559555199706973,-0.0571099999999999,4.0,-0.49898134,0,0,0,0,0,0,1.62125239433208,,,-0.2903115997404479,0.05925,,76.83985137939453,55.936859130859375,-0.863,1.205,-0.246819778095238,-0.2156590909090909,-0.3176170229100528,-0.3637235728176515,-0.2403693303799625,-0.0962199999999999
740,2004,ID,0.18016,0.306772618166357,0.21031,1.03506814082858,1.018009222819,0.02257016851091,1,4,0.0336,0.027,5.5,1,1391.802,4.0,53.0,53.0,0.1169396258150861,0.1917716425279311,0.0340902551485298,0.100738107208649,0.3500073532021928,0.3500073532021928,0.3500073532021928,0.3500073532021928,0.15475,0.1303299999999999,0.0938499999999999,0.07998,1,GW Bush_2004,Kerry_2004,,,-1.2429936,-0.352,-0.382,-0.18016,,,1.74197494,0.693,-0.539,0.693227381833643,0.18016,0.0,-0.49898134,0,0,0,0,0,0,-0.916225751438941,,,0.1739821311538696,0.2045625,,18.982925415039062,24.798789978027344,-0.863,1.205,0.5756758541791044,0.5291371841155235,0.4712419581840796,0.554433561337674,0.7162912293602512,0.18253
741,2004,IL,-0.06516,0.5520863404955345,-0.0599699999999999,1.03506814082858,1.018009222819,0.02257016851091,1,4,0.0336,0.027,5.5,1,12589.773,21.0,53.0,53.0,-0.0453197618951671,-0.0711974737329962,-0.0037688175461576,-0.0547389942173538,0.5122667409124461,0.5122667409124461,0.5122667409124461,0.5122667409124461,-0.0492899999999999,-0.0521599999999999,-0.02854,-0.0078099999999999,1,GW Bush_2004,Kerry_2004,,,-1.2429936,-0.352,-0.382,0.06516,,,1.74197494,0.693,-0.539,0.4479136595044655,-0.06516,21.0,-0.49898134,0,0,0,0,0,0,0.436138838809946,,,-0.159200386197586,-0.1348679653679653,,60.5017204284668,67.74250793457031,-0.863,1.205,-0.172311142363699,-0.0334598811292719,-0.2145479345789644,-0.1048216535678612,-0.1552360194180632,-0.0546299999999999
742,2004,IN,0.0911599999999999,0.3957652375034154,0.08188,1.03506814082858,1.018009222819,0.02257016851091,1,4,0.0336,0.027,5.5,1,6233.007,11.0,53.0,53.0,0.0344995119250292,0.0361950808843059,0.0303267992183535,0.044646782643204,0.4324474670922497,0.4324474670922497,0.4324474670922497,0.4324474670922497,0.07824,0.0720699999999999,0.06223,0.00981,1,GW Bush_2004,Kerry_2004,,,-1.2429936,-0.352,-0.382,-0.0911599999999999,,,1.74197494,0.693,-0.539,0.6042347624965846,0.0911599999999999,0.0,-0.49898134,0,0,0,0,0,0,-0.380460675700622,,,-0.0427321911215209,-0.0050965909090909,,45.98829650878906,50.28995513916016,-0.863,1.205,0.3288293218619247,0.3750452418096723,0.2901837974108465,0.3546334604499781,0.3768384335284154,0.08005999999999999
743,2004,IA,-0.0097,0.4966332073728708,0.0001999999999999,1.03506814082858,1.018009222819,0.02257016851091,1,4,0.0336,0.027,5.5,1,2953.635,7.0,53.0,53.0,0.0133661355199211,0.0657789344325142,0.1068791262755435,0.0505038533129557,0.4535808434973578,0.4535808434973578,0.4535808434973578,0.4535808434973578,-0.0105699999999999,-0.00361,-0.0905099999999999,0.0038099999999999,1,GW Bush_2004,Kerry_2004,,,-1.2429936,-0.352,-0.382,0.0097,,,1.74197494,0.693,-0.539,0.5033667926271291,-0.0097,0.0,-0.49898134,0,0,0,0,0,0,0.204700300125724,,,-0.084329437913208,-0.16375,,51.17184448242188,51.04018783569336,-0.863,1.205,0.1717100942977527,0.1190822122571001,0.1431763879180281,0.2414342522576181,0.2441830677860591,-0.005185
744,2004,KS,0.1155999999999999,0.3713290121891777,0.1109999999999999,1.03506814082858,1.018009222819,0.02257016851091,1,4,0.0336,0.027,5.5,1,2734.373,6.0,53.0,53.0,0.1403997774171523,0.157920262105362,0.1101183800172675,0.0827451572931983,0.3265472016001266,0.3265472016001266,0.3265472016001266,0.3265472016001266,0.14748,0.0691299999999999,0.0282499999999999,0.04187,1,GW Bush_2004,Kerry_2004,,,-1.2429936,-0.352,-0.382,-0.1155999999999999,,,1.74197494,0.693,-0.539,0.6286709878108223,0.1155999999999999,0.0,-0.49898134,0,0,0,0,0,0,-0.613778753852367,,,0.0326836886999512,0.0984166666666667,,36.59051513671875,45.125755310058594,-0.863,1.205,0.333773292519685,0.618181141439206,0.3162151255413385,0.6020109390475297,0.5469021555763826,0.12923999999999997
745,2004,KY,0.0870099999999999,0.3999238008452607,0.07911,1.03506814082858,1.018009222819,0.02257016851091,1,4,0.0336,0.027,5.5,1,4146.101,8.0,53.0,53.0,0.1310651125262147,0.0863358087359377,0.0697722505439444,0.0911596128355421,0.3358818664910641,0.3358818664910641,0.3358818664910641,0.3358818664910641,0.04147,0.0150299999999999,0.0195099999999999,0.06408,1,GW Bush_2004,Kerry_2004,,,-1.2429936,-0.352,-0.382,-0.0870099999999999,,,1.74197494,0.693,-0.539,0.6000761991547392,0.0870099999999999,0.0,-0.49898134,0,0,0,0,0,0,-0.491072884428821,,,0.0483751516481781,0.2139652777777777,,34.63515853881836,38.16695022583008,-0.863,1.205,0.3848961052655265,0.263140589569161,0.473625150021377,0.5213477674022922,0.4566494836021018,0.060289999999999996
746,2004,LA,0.0602399999999999,0.4266905873075651,0.0412199999999999,1.03506814082858,1.018009222819,0.02257016851091,1,4,0.0336,0.027,5.5,1,4552.238,9.0,53.0,53.0,0.1060433974483717,0.1664776727065957,-0.2000886710563491,-0.2128090627159212,0.3609035815689072,0.3609035815689072,0.3609035815689072,0.3609035815689072,-0.0188499999999999,0.00707,0.0071499999999999,0.0341499999999999,1,GW Bush_2004,Kerry_2004,,,-1.2429936,-0.352,-0.382,-0.0602399999999999,,,1.74197494,0.693,-0.539,0.573309412692435,0.0602399999999999,0.0,-0.49898134,0,0,0,0,1,0,-0.850895618130244,,,-0.0042503694480895,0.3169972222222222,,41.192970275878906,59.406436920166016,-0.863,1.205,0.5029030453221593,0.4958701298701299,0.4921081960277477,0.5939824960001406,0.6123939573442345,0.011185
747,2004,ME,-0.0589,0.545830164103086,-0.0256499999999999,1.03506814082858,1.018009222819,0.02257016851091,1,4,0.0336,0.027,5.5,1,1313.688,4.0,53.0,53.0,-0.1175826135075648,-0.1835977613561303,-0.2049959000581435,-0.1412728682898816,0.5845295925248438,0.5845295925248438,0.5845295925248438,0.5845295925248438,-0.0798599999999999,-0.0268399999999999,0.0186799999999999,0.00119,1,GW Bush_2004,Kerry_2004,,,-1.2429936,-0.352,-0.382,0.0589,,,1.74197494,0.693,-0.539,0.4541698358969139,-0.0589,4.0,-0.49898134,0,0,0,0,0,0,1.25441343188524,,,-0.210938575934143,-0.301125,,66.94895935058594,63.83090972900391,-0.863,1.205,-0.18800494348659,-0.1857701149425287,-0.1982089973659003,-0.125068296413502,-0.1493967594936708,-0.0527549999999999
748,2004,MD,-0.07873,0.565655842075012,-0.0828799999999999,1.03506814082858,1.018009222819,0.02257016851091,1,4,0.0336,0.027,5.5,1,5546.935,10.0,53.0,53.0,-0.0787151503714768,-0.0619199274811499,-0.0581845857957544,-0.0339491437912904,0.5456621293887558,0.5456621293887558,0.5456621293887558,0.5456621293887558,-0.0396199999999999,-0.0492799999999999,-0.02439,-0.0335999999999999,1,GW Bush_2004,Kerry_2004,,,-1.2429936,-0.352,-0.382,0.07873,,,1.74197494,0.693,-0.539,0.434344157924988,-0.07873,10.0,-0.49898134,0,0,0,0,0,0,1.51207350730642,,,-0.2099405500944519,-0.2185,,66.82459259033203,50.528167724609375,-0.863,1.205,-0.0305498061228775,-0.0584592592592592,0.0478062895936707,-0.0754720355858564,-0.0503102703868561,-0.0612499999999999
749,2004,MA,-0.1405,0.6274285551299189,-0.1460599999999999,1.03506814082858,1.018009222819,0.02257016851091,1,4,0.0336,0.027,5.5,1,6412.281,12.0,53.0,53.0,-0.3733690422633637,-0.3599468789861125,-0.2729466926696983,-0.1691255528753057,0.8403160212806426,0.8403160212806426,0.8403160212806426,0.8403160212806426,-0.13964,-0.0872,-0.0788499999999999,-0.0588599999999999,1,GW Bush_2004,Kerry_2004,,,-1.2429936,-0.352,-0.382,0.1405,,,1.74197494,0.693,-0.539,0.3725714448700811,-0.1405,12.0,-0.49898134,0,1,0,0,0,0,1.90945455950547,,,-0.3526850616427612,-0.3234230769230769,,84.61238098144531,59.90454864501953,-0.863,1.205,-0.4998131372141371,-0.0763959854014598,-0.469911352440993,-0.4784910354164067,-0.458754604200323,-0.14284999999999995
750,2004,MI,-0.03033,0.5172584446796521,-0.0245199999999999,1.03506814082858,1.018009222819,0.02257016851091,1,4,0.0336,0.027,5.5,1,10055.315,17.0,53.0,53.0,-0.038586751987983,-0.057820450018732,-0.0182475564365701,-0.0357708754080365,0.505533731005262,0.505533731005262,0.505533731005262,0.505533731005262,-0.0264799999999999,-0.01243,0.0007499999999999,-0.0120899999999999,1,GW Bush_2004,Kerry_2004,,,-1.2429936,-0.352,-0.382,0.03033,,,1.74197494,0.693,-0.539,0.4827415553203479,-0.03033,17.0,-0.49898134,0,0,0,0,0,0,0.40676008985157,,,-0.1361538015881347,-0.0825547385620915,,57.62982177734375,61.04969024658203,-0.863,1.205,0.1006315518646586,0.1179035679845708,0.0835401556977082,0.1025429087519292,0.0920108037727952,-0.025499999999999898
751,2004,MN,-0.03068,0.5176091061066895,-0.0110299999999999,1.03506814082858,1.018009222819,0.02257016851091,1,4,0.0336,0.027,5.5,1,5087.713,10.0,53.0,53.0,0.4669469790172789,0.4914453267384574,0.4870540985850746,-0.0676882450145226,0.0,0.0,0.0,0.0,-0.04703,-0.04349,-0.07454,0.03246,1,GW Bush_2004,Kerry_2004,,,-1.2429936,-0.352,-0.382,0.03068,,,1.74197494,0.693,-0.539,0.4823908938933104,-0.03068,10.0,-0.49898134,0,0,0,0,0,0,1.33869736349143,,,-0.099359611548233,-0.0611,,53.04479598999024,37.431129455566406,-0.863,1.205,0.1983456908849478,-0.0144580052493438,0.1885805388766162,0.1815448366782655,0.1378256556912454,-0.02902999999999995
752,2004,MS,0.0861699999999999,0.4007558559149662,0.08788,1.03506814082858,1.018009222819,0.02257016851091,1,4,0.0336,0.027,5.5,1,2889.01,6.0,53.0,53.0,-0.0188946475112335,-0.0226621439358012,-0.0434680708927558,0.0521339889890479,0.4858416265285125,0.4858416265285125,0.4858416265285125,0.4858416265285125,0.07423,0.0829999999999999,0.06618,0.00488,1,GW Bush_2004,Kerry_2004,,,-1.2429936,-0.352,-0.382,-0.0861699999999999,,,1.74197494,0.693,-0.539,0.5992441440850338,0.0861699999999999,0.0,-0.49898134,0,0,0,0,1,0,-2.07040547042809,,,0.0396732369430541,0.40825,,35.71952819824219,47.333229064941406,-0.863,1.205,0.6462520397683399,0.6396063829787234,0.5563428727799228,0.7618936095823287,0.8013816363569021,0.081055
753,2004,MO,0.0231299999999999,0.4638028733456015,0.01895,1.03506814082858,1.018009222819,0.02257016851091,1,4,0.0336,0.027,5.5,1,5747.741,11.0,53.0,53.0,0.0101207860408734,-0.0086198214472535,-0.0257130819196753,-0.071606612171629,0.4568261929764055,0.4568261929764055,0.4568261929764055,0.4568261929764055,0.01129,-0.0313499999999999,-0.01906,0.0503,1,GW Bush_2004,Kerry_2004,,,-1.2429936,-0.352,-0.382,-0.0231299999999999,,,1.74197494,0.693,-0.539,0.5361971266543986,0.0231299999999999,0.0,-0.49898134,0,0,0,0,0,0,-0.184140570489443,,,-0.0504231003244781,0.1241590909090909,,46.94668197631836,50.94129943847656,-0.863,1.205,0.2463379704999999,0.1156861313868613,0.2533369533952921,0.3001748049279433,0.2367644125556631,0.015120000000000001
754,2004,MT,0.0919299999999999,0.3949992382433664,0.13839,1.03506814082858,1.018009222819,0.02257016851091,1,4,0.0336,0.027,5.5,1,930.009,3.0,53.0,53.0,0.1311669006511172,0.0181613055022002,0.0314672563412305,0.0494433593137432,0.3357800783661617,0.3357800783661617,0.3357800783661617,0.3357800783661617,0.06363,0.0164799999999999,-0.0091499999999999,0.12191,1,GW Bush_2004,Kerry_2004,,,-1.2429936,-0.352,-0.382,-0.0919299999999999,,,1.74197494,0.693,-0.539,0.6050007617566335,0.0919299999999999,0.0,-0.49898134,0,0,0,0,0,0,0.141099252779464,,,-0.0301961943257904,0.2181666666666666,,44.426151275634766,34.783199310302734,-0.863,1.205,0.4599308182692308,0.2100594900849858,0.4213642700961538,0.3994342257727575,0.4164060506277012,0.10101000000000002
755,2004,NE,0.1553999999999999,0.331526627404053,0.1536199999999999,1.03506814082858,1.018009222819,0.02257016851091,1,4,0.0336,0.027,5.5,1,1749.37,5.0,53.0,53.0,0.3589421278718183,0.2235017710705508,0.2768160856990779,0.1886341464361056,0.1080048511454605,0.1080048511454605,0.1080048511454605,0.1080048511454605,0.15231,0.1467699999999999,0.0664299999999999,0.00685,1,GW Bush_2004,Kerry_2004,,,-1.2429936,-0.352,-0.382,-0.1553999999999999,,,1.74197494,0.693,-0.539,0.6684733725959471,0.1553999999999999,0.0,-0.49898134,0,0,0,0,0,0,-0.163900104241547,,,0.0584149817978668,-0.13245,,33.38406753540039,35.236419677734375,-0.863,1.205,0.3416249554545455,0.53328,0.4602166816558442,0.6974341980685388,0.584035044159898,0.15296499999999996
756,2004,NV,0.0001099999999999,0.486824042751385,0.0203999999999999,1.03506814082858,1.018009222819,0.02257016851091,1,4,0.0336,0.027,5.5,1,2346.222,5.0,53.0,53.0,0.1045195026271548,0.0868474270314043,0.2633025540604496,0.0910661158813651,0.362427476390124,0.362427476390124,0.362427476390124,0.362427476390124,0.0408899999999999,0.0154699999999999,0.06916,0.0049299999999999,1,GW Bush_2004,Kerry_2004,,,-1.2429936,-0.352,-0.382,-0.0001099999999999,,,1.74197494,0.693,-0.539,0.513175957248615,0.0001099999999999,0.0,-0.49898134,0,0,0,0,0,0,-0.445042970118156,,,-0.0920794596827697,-0.018175,,52.13759613037109,36.08316421508789,-0.863,1.205,-0.0023524207601859,0.0661617647058823,0.0958569003031368,0.1950546824038326,0.1452421887048518,0.0306449999999999
757,2004,NH,-0.01997,0.5069028862013731,0.00851,1.03506814082858,1.018009222819,0.02257016851091,1,4,0.0336,0.027,5.5,1,1290.121,4.0,53.0,53.0,0.0585323443046469,0.0508942734931036,0.0923633260733771,0.0283334560090331,0.4084146347126319,0.4084146347126319,0.4084146347126319,0.4084146347126319,-0.0093499999999999,0.0257499999999999,0.09331,-0.0172399999999999,1,GW Bush_2004,Kerry_2004,,,-1.2429936,-0.352,-0.382,0.01997,,,1.74197494,0.693,-0.539,0.4930971137986268,-0.01997,4.0,-0.49898134,0,0,0,0,0,0,0.533812287904678,,,-0.0518275059268188,-0.5771250000000001,,47.12168884277344,29.627769470214844,-0.863,1.205,0.1442242922558922,0.0325533707865168,0.1201631032748543,0.2074276748564228,0.3023576194700505,-0.00041999999999994993
758,2004,NJ,-0.04678,0.5337053631884221,-0.08028,1.03506814082858,1.018009222819,0.02257016851091,1,4,0.0336,0.027,5.5,1,8634.561,15.0,53.0,53.0,-0.0575519436817976,-0.0339403357712719,-0.0254426286451086,0.0095514639807362,0.5244989226990766,0.5244989226990766,0.5244989226990766,0.5244989226990766,-0.05291,0.0195199999999999,0.02998,-0.0998,1,GW Bush_2004,Kerry_2004,,,-1.2429936,-0.352,-0.382,0.04678,,,1.74197494,0.693,-0.539,0.4662946368115779,-0.04678,15.0,-0.49898134,0,0,0,0,0,0,2.15816154291852,,,-0.2152885996081542,-0.2962333333333333,,67.49102783203125,68.02690887451172,-0.863,1.205,-0.0953532097787448,-0.0350148305084745,-0.0835125196804744,-0.0722592337600739,-0.073511499355098,-0.066595
759,2004,NM,-0.00907,0.4959966411364511,0.00151,1.03506814082858,1.018009222819,0.02257016851091,1,4,0.0336,0.027,5.5,1,1903.808,5.0,53.0,53.0,-0.1321915925386648,-0.0310550130668603,0.0060783304143658,-0.0085856189886113,0.5991385715559437,0.5991385715559437,0.5991385715559437,0.5991385715559437,0.0065199999999999,-0.0177,-0.0139299999999999,0.01921,1,GW Bush_2004,Kerry_2004,,,-1.2429936,-0.352,-0.382,0.00907,,,1.74197494,0.693,-0.539,0.5040033588635489,-0.00907,0.0,-0.49898134,0,0,0,0,0,0,0.720857293312879,,,-0.1305040667591094,-0.0004571428571428,,56.9257926940918,66.9234390258789,-0.863,1.205,-0.0071469785061225,-0.0603561151079136,-0.0867229936660432,-0.0332856323322411,0.0257294639772516,0.00401499999999995
760,2004,NY,-0.1059499999999999,0.5928776570401989,-0.12905,1.03506814082858,1.018009222819,0.02257016851091,1,4,0.0336,0.027,5.5,1,19171.567,31.0,53.0,53.0,-0.0711822969931089,-0.0857454232328882,-0.0885752814617162,-0.0877525455926664,0.5381292760103878,0.5381292760103878,0.5381292760103878,0.5381292760103878,-0.11341,-0.06106,-0.0597199999999999,-0.06799,1,GW Bush_2004,Kerry_2004,,,-1.2429936,-0.352,-0.382,0.1059499999999999,,,1.74197494,0.693,-0.539,0.4071223429598011,-0.1059499999999999,31.0,-0.49898134,0,0,0,0,0,0,2.16800086148706,,,-0.2561357810932922,-0.2125003240592424,,72.58110809326172,46.2821159362793,-0.863,1.205,-0.2591343373827334,-0.1516234961075725,-0.1851294626963123,-0.2680018637376664,-0.3127919836284777,-0.12123
761,2004,NC,0.0493499999999999,0.4375802799815888,0.0664699999999999,1.03506814082858,1.018009222819,0.02257016851091,1,4,0.0336,0.027,5.5,1,8553.152,15.0,53.0,53.0,0.021613135533465,0.0507433049588571,0.0377909054728015,0.0421473745509498,0.4453338434838139,0.4453338434838139,0.4453338434838139,0.4453338434838139,0.07206,0.0382999999999999,0.0425499999999999,0.02817,1,GW Bush_2004,Kerry_2004,,,-1.2429936,-0.352,-0.382,-0.0493499999999999,,,1.74197494,0.693,-0.539,0.5624197200184111,0.0493499999999999,0.0,-0.49898134,0,0,0,1,1,0,-1.45831409978682,,,-0.040974548902893,0.1015290178571428,,45.76927185058594,62.34217071533203,-0.863,1.205,0.2092050556361923,0.2381325071496663,0.2282705092145576,0.2529236466338999,0.1950336324944381,0.06926499999999995
762,2004,ND,0.1260199999999999,0.3609064585005671,0.1491,1.03506814082858,1.018009222819,0.02257016851091,1,4,0.0336,0.027,5.5,1,644.705,3.0,53.0,53.0,-0.0571105026950527,-0.0515143319116589,-0.0905527051933006,-0.059262573257281,0.5240574817123317,0.5240574817123317,0.5240574817123317,0.5240574817123317,0.08587,0.1124699999999999,0.02692,0.03663,1,GW Bush_2004,Kerry_2004,,,-1.2429936,-0.352,-0.382,-0.1260199999999999,,,1.74197494,0.693,-0.539,0.6390935414994329,0.1260199999999999,0.0,-0.49898134,0,0,0,0,0,0,-1.34324667860339,,,-0.1815573956256103,0.337,,63.287689208984375,40.252437591552734,-0.863,1.205,0.1836033999999999,0.3798121212121212,0.25571902,0.2741416,0.1836034,0.117485
763,2004,OH,-0.00248,0.4894123927522815,0.0200099999999999,1.03506814082858,1.018009222819,0.02257016851091,1,4,0.0336,0.027,5.5,1,11452.251,20.0,53.0,53.0,0.0383851595604035,0.0072043263686182,0.0107473182331891,0.0198159269321358,0.4285618194568754,0.4285618194568754,0.4285618194568754,0.4285618194568754,0.01079,0.0220399999999999,0.01571,-0.0020299999999999,1,GW Bush_2004,Kerry_2004,,,-1.2429936,-0.352,-0.382,0.00248,,,1.74197494,0.693,-0.539,0.5105876072477185,-0.00248,0.0,-0.49898134,0,0,0,0,0,0,-0.154832213048668,,,-0.0922233380168151,-0.0750375,,52.15552520751953,33.18482208251953,-0.863,1.205,-0.0008803467411694,0.1609564193168433,0.0559411410364193,0.1212792849897954,0.0492637234887026,0.015399999999999948
764,2004,OK,0.1426299999999999,0.3442959833524394,0.11264,1.03506814082858,1.018009222819,0.02257016851091,1,4,0.0336,0.027,5.5,1,3525.233,7.0,53.0,53.0,0.0494521800326619,0.1670680554333143,0.1183282026866426,0.1277812382909147,0.4174947989846169,0.4174947989846169,0.4174947989846169,0.4174947989846169,0.09077,0.0899399999999999,0.0448699999999999,0.0227,1,GW Bush_2004,Kerry_2004,,,-1.2429936,-0.352,-0.382,-0.1426299999999999,,,1.74197494,0.693,-0.539,0.6557040166475606,0.1426299999999999,0.0,-0.49898134,0,0,0,0,0,0,-0.940946868114084,,,0.0994438326390457,0.2085714285714285,,28.27134895324707,55.92823028564453,-0.863,1.205,0.3583473764634147,0.4839046563192904,0.3743892140853658,0.4503367982239663,0.5807765720874687,0.101705
765,2004,OR,-0.03416,0.5210862577445008,-0.00053,1.03506814082858,1.018009222819,0.02257016851091,1,4,0.0336,0.027,5.5,1,3569.463,7.0,53.0,53.0,-0.0943851856341854,-0.0741259978690634,-0.1241759509817602,-0.0641372469461051,0.5613321646514644,0.5613321646514644,0.5613321646514644,0.5613321646514644,-0.00017,-0.0326199999999999,-0.0628699999999999,0.0320899999999999,1,GW Bush_2004,Kerry_2004,,,-1.2429936,-0.352,-0.382,0.03416,,,1.74197494,0.693,-0.539,0.4789137422554992,-0.03416,7.0,-0.49898134,0,0,0,0,0,0,0.97426053470417,,,-0.1782827859675597,-0.2234642857142857,,62.87963104248047,57.03571701049805,-0.863,1.205,0.0301872660714285,-0.0604428571428571,0.0523834738210226,-0.1178122089787318,-0.1074368055430899,-0.00035
766,2004,PA,-0.02565,0.5125828209706239,-0.01965,1.03506814082858,1.018009222819,0.02257016851091,1,4,0.0336,0.027,5.5,1,12410.722,21.0,53.0,53.0,0.0465316651159686,-0.0141188746295132,0.0030595595129767,-0.0207704060113274,0.4204153139013103,0.4204153139013103,0.4204153139013103,0.4204153139013103,-0.00485,-0.02177,-0.02733,0.00212,1,GW Bush_2004,Kerry_2004,,,-1.2429936,-0.352,-0.382,0.02565,,,1.74197494,0.693,-0.539,0.4874171790293761,-0.02565,21.0,-0.49898134,0,0,0,0,0,0,0.263120841595801,,,-0.1088612142789459,0.0138116589026915,,54.228816986083984,53.36948776245117,-0.863,1.205,0.1294012394261225,0.0931671788567916,0.1947959650310768,0.164885498633477,0.079579918621529,-0.01225
767,2004,RI,-0.11885,0.6057797024796472,-0.15466,1.03506814082858,1.018009222819,0.02257016851091,1,4,0.0336,0.027,5.5,1,1074.579,4.0,53.0,53.0,-0.2312100252056704,-0.24287681664692,-0.239594375561928,-0.1898932194006913,0.6981570042229494,0.6981570042229494,0.6981570042229494,0.6981570042229494,-0.1432799999999999,-0.08472,-0.09781,-0.06994,1,GW Bush_2004,Kerry_2004,,,-1.2429936,-0.352,-0.382,0.11885,,,1.74197494,0.693,-0.539,0.3942202975203528,-0.11885,4.0,-0.49898134,0,0,0,0,0,0,1.78865439913358,,,-0.3136692982879638,-0.3085,,79.75051879882812,59.50704193115234,-0.863,1.205,-0.1621483935795454,-0.175318669527897,-0.1385058678716856,-0.2557441650731921,-0.2182894318938578,-0.14896999999999994
768,2004,SC,0.0732799999999999,0.4136464139858584,0.0833599999999999,1.03506814082858,1.018009222819,0.02257016851091,1,4,0.0336,0.027,5.5,1,4210.921,8.0,53.0,53.0,0.0896145746897453,0.073915892063005,0.0973565715657823,0.1652306794107445,0.3773324043275336,0.3773324043275336,0.3773324043275336,0.3773324043275336,0.07897,0.0800699999999999,0.0816899999999999,0.00329,1,GW Bush_2004,Kerry_2004,,,-1.2429936,-0.352,-0.382,-0.0732799999999999,,,1.74197494,0.693,-0.539,0.5863535860141416,0.0732799999999999,0.0,-0.49898134,0,0,0,0,1,0,-1.61094380849089,,,-0.0008821776480865,0.1474618055555555,,40.773250579833984,25.34433364868164,-0.863,1.205,0.5454015816011235,0.54203081232493,0.4609841533529253,0.6056618402555738,0.6521469731198638,0.08116499999999996
769,2004,SD,0.0960599999999999,0.3908670919890631,0.1179799999999999,1.03506814082858,1.018009222819,0.02257016851091,1,4,0.0336,0.027,5.5,1,770.396,3.0,53.0,53.0,0.0066263305254899,0.2383102670753632,0.2378835970188887,0.1102298923527343,0.4603206484917889,0.4603206484917889,0.4603206484917889,0.4603206484917889,0.0661,0.0563299999999999,-0.00711,0.0616499999999999,1,GW Bush_2004,Kerry_2004,,,-1.2429936,-0.352,-0.382,-0.0960599999999999,,,1.74197494,0.693,-0.539,0.6091329080109369,0.0960599999999999,0.0,-0.49898134,0,0,0,0,0,0,-1.01279874179153,,,-0.0723765463317108,0.1700625,,49.6823616027832,36.46881484985352,-0.863,1.205,0.258265104736842,0.6346740088105726,0.2674656471052631,0.2668832562784319,0.2508809655241631,0.09203999999999996
770,2004,TN,0.05878,0.4281455454525927,0.0214599999999999,1.03506814082858,1.018009222819,0.02257016851091,1,4,0.0336,0.027,5.5,1,5910.809,11.0,53.0,53.0,-0.0120456404223664,0.0391747528721982,0.0194677055761136,0.0100414455131255,0.4789926194396454,0.4789926194396454,0.4789926194396454,0.4789926194396454,0.0338899999999999,0.0077399999999999,0.0431599999999999,0.01372,1,GW Bush_2004,Kerry_2004,,,-1.2429936,-0.352,-0.382,-0.05878,,,1.74197494,0.693,-0.539,0.5718544545474074,0.05878,0.0,-0.49898134,0,0,0,0,1,0,-0.98407124900535,,,0.0013271507022094,0.1297954545454545,,40.49794006347656,57.26065826416016,-0.863,1.205,0.4937209518899204,0.4608827361563517,0.3962047819423802,0.3791363237337564,0.4083185324380085,0.0276749999999999
771,2004,TX,0.1020299999999999,0.3848980810289008,0.1113899999999999,1.03506814082858,1.018009222819,0.02257016851091,1,4,0.0336,0.027,5.5,1,22394.023,34.0,53.0,53.0,0.0155047633134104,0.0030793565898286,0.0242788234226652,0.0479224292615226,0.4514422157038684,0.4514422157038684,0.4514422157038684,0.4514422157038684,0.07337,0.0561399999999999,0.02443,0.05525,1,GW Bush_2004,Kerry_2004,,,-1.2429936,-0.352,-0.382,-0.1020299999999999,,,1.74197494,0.693,-0.539,0.6151019189710991,0.1020299999999999,0.0,-0.49898134,1,0,0,0,1,0,-0.868560646880223,,,-0.0215879535998534,0.2645154671717172,,43.35345458984375,23.736482620239254,-0.863,1.205,0.5456174848121766,0.4885321299638989,0.4888255838006324,0.493742228616949,0.5360874874071294,0.09237999999999996
772,2004,UT,0.2203899999999999,0.2665356083987796,0.21909,1.03506814082858,1.018009222819,0.02257016851091,1,4,0.0336,0.027,5.5,1,2401.58,5.0,53.0,53.0,0.0595007206415724,0.0747400378924061,0.1933761658102877,0.0947235673278661,0.4074462583757064,0.4074462583757064,0.4074462583757064,0.4074462583757064,0.16695,0.1712599999999999,0.1348499999999999,0.04783,1,GW Bush_2004,Kerry_2004,,,-1.2429936,-0.352,-0.382,-0.2203899999999999,,,1.74197494,0.693,-0.539,0.7334643916012205,0.2203899999999999,0.0,-0.49898134,0,0,0,0,0,0,-1.08101038153211,,,0.0824049490924835,0.056,,30.394611358642575,26.659957885742188,-0.863,1.205,0.3236141203252032,0.5126776556776558,0.3288104261440185,0.3793042667833333,0.3485548511789718,0.19302
773,2004,VT,-0.11608,0.6030100213925116,-0.05257,1.03506814082858,1.018009222819,0.02257016851091,1,4,0.0336,0.027,5.5,1,619.92,3.0,53.0,53.0,0.4669469790172789,0.2684391229863085,0.4870540985850746,0.2779621390864501,0.0,0.0,0.0,0.0,-0.0850699999999999,-0.0688199999999999,-0.02121,0.0162499999999999,1,GW Bush_2004,Kerry_2004,,,-1.2429936,-0.352,-0.382,0.11608,,,1.74197494,0.693,-0.539,0.3969899786074884,-0.11608,3.0,-0.49898134,0,0,0,0,0,0,1.58696023682738,,,-0.3406625268251038,-0.4056875000000001,,83.11421966552734,54.92910003662109,-0.863,1.205,-0.4840581714285712,-0.0863783783783783,-0.3052561839285713,-0.59102366981189,-0.561032942938125,-0.06881999999999995
774,2004,VA,0.0282699999999999,0.4586630328646994,0.0433,1.03506814082858,1.018009222819,0.02257016851091,1,4,0.0336,0.027,5.5,1,7475.575,13.0,53.0,53.0,0.1514524515628703,0.0077544611764439,0.0001998770871534,0.0220087030572909,0.3154945274544086,0.3154945274544086,0.3154945274544086,0.3154945274544086,0.05737,0.0592699999999999,0.06456,-0.0159699999999999,1,GW Bush_2004,Kerry_2004,,,-1.2429936,-0.352,-0.382,-0.0282699999999999,,,1.74197494,0.693,-0.539,0.5413369671353006,0.0282699999999999,0.0,-0.49898134,0,0,0,0,1,0,-0.740461717938622,,,-0.0521746812856292,0.0893416666666666,,47.16495132446289,48.34088134765625,-0.863,1.205,0.130009789469989,0.3452525667351129,0.3339513308093266,0.3103911674136883,0.200348008876059,0.050335
775,2004,WA,-0.04954,0.5364653768345296,-0.0276199999999999,1.03506814082858,1.018009222819,0.02257016851091,1,4,0.0336,0.027,5.5,1,6178.645,11.0,53.0,53.0,-0.0711581253434692,-0.0638182076408336,-0.0578683986059662,-0.0243769684287169,0.5381051043607482,0.5381051043607482,0.5381051043607482,0.5381051043607482,-0.0251899999999999,-0.0422,-0.0471099999999999,0.01458,1,GW Bush_2004,Kerry_2004,,,-1.2429936,-0.352,-0.382,0.04954,,,1.74197494,0.693,-0.539,0.4635346231654704,-0.04954,11.0,-0.49898134,0,0,0,0,0,0,0.794563627495179,,,-0.1348756109584045,-0.083340909090909,,57.47054290771485,59.557403564453125,-0.863,1.205,-0.019901336905072,-0.0027472727272727,-0.012487542960275,-0.0681588087671207,-0.1189275694865356,-0.0264049999999999
776,2004,WV,0.05173,0.4352028937025451,0.03425,1.03506814082858,1.018009222819,0.02257016851091,1,4,0.0336,0.027,5.5,1,1816.438,5.0,53.0,53.0,-0.1939760270708678,-0.3031569132639596,-0.4196832448888441,-0.3766262904309182,0.6609230060881468,0.6609230060881468,0.6609230060881468,0.6609230060881468,-0.0367899999999999,-0.04397,-0.0627999999999999,0.07822,1,GW Bush_2004,Kerry_2004,,,-1.2429936,-0.352,-0.382,-0.05173,,,1.74197494,0.693,-0.539,0.5647971062974548,0.05173,0.0,-0.49898134,0,0,0,0,0,0,0.183330058764597,,,-0.2054235051033019,0.4404,,66.26171112060547,65.3043212890625,-0.863,1.205,0.1313764755093119,0.0706293333333333,0.0774002383597532,-0.0072524239536692,0.0560734251303793,-0.0012699999999999483
777,2004,WI,-0.01499,0.5019180327426924,0.00068,1.03506814082858,1.018009222819,0.02257016851091,1,4,0.0336,0.027,5.5,1,5514.026,10.0,53.0,53.0,0.0347028470462508,0.0161683206171752,0.0231347396506104,0.0264130267695607,0.4322441319710281,0.4322441319710281,0.4322441319710281,0.4322441319710281,-0.0124299999999999,0.0057699999999999,-0.0572599999999999,-0.0050899999999999,1,GW Bush_2004,Kerry_2004,,,-1.2429936,-0.352,-0.382,0.01499,,,1.74197494,0.693,-0.539,0.4980819672573076,-0.01499,10.0,-0.49898134,0,0,0,0,0,0,0.756429980515299,,,-0.1530601180867004,-0.3424045454545454,,59.73656463623047,48.45682144165039,-0.863,1.205,0.0394874753525744,0.2172464985994397,0.1011757496005234,0.258457847723524,0.0686679945211733,-0.00587499999999995
778,2004,WY,0.1900599999999999,0.2968729682682829,0.21165,1.03506814082858,1.018009222819,0.02257016851091,1,4,0.0336,0.027,5.5,1,509.106,3.0,53.0,53.0,0.0925727239517247,0.1919777092241601,0.0860748379684855,0.0760345357622114,0.3743742550655542,0.3743742550655542,0.3743742550655542,0.3743742550655542,0.12164,0.0716399999999999,0.07522,0.14001,1,GW Bush_2004,Kerry_2004,,,-1.2429936,-0.352,-0.382,-0.1900599999999999,,,1.74197494,0.693,-0.539,0.7031270317317171,0.1900599999999999,0.0,-0.49898134,0,0,1,0,0,0,-1.04319837049419,,,0.1075278664304733,0.1386666666666666,,27.263975143432617,46.398216247558594,-0.863,1.205,0.3351265496969696,0.4086011904761905,0.4245256953030302,0.3941787896999985,0.318421833161689,0.166645
779,2004,USA,0.0,0.4869291517336613,0.0,1.03506814082858,1.018009222819,0.02257016851091,1,4,0.0336,0.027,5.5,1,,,53.0,53.0,,,,,0.4669469790172789,0.4669469790172789,0.4669469790172789,0.4669469790172789,0.0,0.0,0.0,0.0,1,GW Bush_2004,Kerry_2004,,,-1.2429936,-0.352,-0.382,-0.0,,,1.74197494,0.693,-0.539,0.5130708482663386,0.0,,-0.49898134,0,0,0,0,0,0,,,,,,,,,-0.863,1.205,,,,,,0.0
780,2008,AL,0.1454,0.3910909724642732,0.1159099999999999,1.01147117530563,1.0076138057443,-0.0549213810083375,0,8,-0.0254,0.038,5.8,0,4718.206,9.0,,28.0,0.0922873848738028,0.0833642741309356,0.0449553886091732,0.1276248143213201,0.444466675578794,0.444466675578794,0.444466675578794,0.444466675578794,0.0779,0.0841,0.07193,0.0318099999999999,1,McCain_2008,Obama_2008,,,-1.5587597,-0.358,-0.197,-0.1454,,,1.32075664,0.381,-0.626,0.6089090275357267,0.1454,0.0,0.23800306,0,0,0,0,0,0,-1.90582528929691,,,-0.0618389277586364,0.4525,,48.369239807128906,44.32643508911133,-1.346,0.853,0.6207198439703153,0.4233757225433526,0.4909609576854156,0.544651905358368,0.6063884527664724,0.09690499999999995
781,2008,AK,0.14714,0.389352150834029,0.1191899999999999,1.01147117530563,1.0076138057443,-0.0549213810083375,0,8,-0.0254,0.038,5.8,0,687.455,3.0,,28.0,0.122500369284043,0.2402548029891512,0.2786738090322999,0.2993815255921364,0.4142536911685538,0.4142536911685538,0.4142536911685538,0.4142536911685538,0.1811999999999999,0.15105,0.0994599999999999,-0.03186,1,McCain_2008,Obama_2008,,,-1.5587597,-0.358,-0.197,-0.14714,,,1.32075664,0.381,-0.626,0.610647849165971,0.14714,0.0,0.23800306,0,0,1,0,0,0,0.224406297768651,,,-0.2103044704423522,-0.2584999999999999,,66.86994171142578,39.47597503662109,-1.346,0.853,-0.1093414558870966,0.0691285714285714,-0.1212856606048386,-0.1219099487034197,-0.0815092740893825,0.15019499999999988
782,2008,AZ,0.07963,0.4568609928038368,0.0396799999999999,1.01147117530563,1.0076138057443,-0.0549213810083375,0,8,-0.0254,0.038,5.8,0,6280.362,10.0,,28.0,0.0882329611358264,0.1331885630870554,0.0578380701852195,0.0965258753012128,0.4485210993167704,0.4485210993167704,0.4485210993167704,0.4485210993167704,0.03466,0.0345199999999999,0.0467399999999999,0.0051599999999999,1,McCain_2008,Obama_2008,,,-1.5587597,-0.358,-0.197,-0.07963,,,1.32075664,0.381,-0.626,0.5431390071961633,0.07963,0.0,0.23800306,1,0,0,0,0,0,-0.641311077239913,,,-0.0632342414747619,-0.1854125,,48.543113708496094,46.10859680175781,-1.346,0.853,0.028214575278768,0.1409415807560137,0.1146267053931267,0.0719545467461931,-0.0431171254144517,0.03716999999999995
783,2008,AR,0.13821,0.3982827938928274,0.0362899999999999,1.01147117530563,1.0076138057443,-0.0549213810083375,0,8,-0.0254,0.038,5.8,0,2874.554,6.0,,28.0,-0.0616239445827171,-0.064143099606474,-0.1132120858293899,-0.070386603988658,0.598378005035314,0.598378005035314,0.598378005035314,0.598378005035314,0.0298399999999999,-0.0467699999999999,-0.0662,0.0830599999999999,1,McCain_2008,Obama_2008,,,-1.5587597,-0.358,-0.197,-0.13821,,,1.32075664,0.381,-0.626,0.6017172061071726,0.13821,0.0,0.23800306,0,0,0,0,0,0,-1.69316117569516,,,-0.1361790568276214,0.4526785714285714,,57.63296890258789,61.13682174682617,-1.346,0.853,0.2004001142857143,0.2393144104803494,0.1481265878413865,-0.0415978923754827,-0.2475437953185741,0.0330649999999999
784,2008,CA,-0.0862899999999999,0.622784495915854,-0.0634799999999999,1.01147117530563,1.0076138057443,-0.0549213810083375,0,8,-0.0254,0.038,5.8,0,36604.337,55.0,,28.0,-0.0507283685833604,-0.0734385135325498,-0.0693785478417544,-0.0572878505801806,0.5874824290359574,0.5874824290359574,0.5874824290359574,0.5874824290359574,-0.0602,-0.0253999999999999,-0.0514499999999999,-0.03808,1,McCain_2008,Obama_2008,,,-1.5587597,-0.358,-0.197,0.0862899999999999,,,1.32075664,0.381,-0.626,0.3772155040841459,-0.0862899999999999,55.0,0.23800306,0,0,0,0,0,0,2.43346335585677,,,-0.1863293501673125,-0.1338397926634768,,63.8823356628418,48.24859619140625,-1.346,0.853,-0.2160453798077552,-0.2558535378525482,-0.1725159184639849,-0.223971962153917,-0.2577152350142302,-0.06183999999999995
785,2008,CO,-0.00902,0.5455080765808366,0.0105899999999999,1.01147117530563,1.0076138057443,-0.0549213810083375,0,8,-0.0254,0.038,5.8,0,4889.73,9.0,,28.0,-0.0350173649805799,-0.0213106338027758,0.027855638561206,0.1527777807084279,0.5717714254331768,0.5717714254331768,0.5717714254331768,0.5717714254331768,0.04669,0.05435,0.0056999999999999,-0.04376,1,McCain_2008,Obama_2008,,,-1.5587597,-0.358,-0.197,0.00902,,,1.32075664,0.381,-0.626,0.4544919234191634,-0.00902,9.0,0.23800306,0,0,0,0,0,0,-0.129185682502781,,,-0.1084017525947571,0.0471597222222222,,54.17156219482422,64.17727661132812,-1.346,0.853,-0.085420379767671,0.0443799283154121,0.0078077782314815,-0.0654502136981932,-0.0598420005304483,0.02863999999999995
786,2008,CT,-0.0766899999999999,0.6131833824975418,-0.0658199999999999,1.01147117530563,1.0076138057443,-0.0549213810083375,0,8,-0.0254,0.038,5.8,0,3545.579,7.0,,28.0,-0.0702874575699907,-0.0754741579026274,-0.055131587737386,-0.0506299550994154,0.6070415180225877,0.6070415180225877,0.6070415180225877,0.6070415180225877,-0.0907299999999999,-0.0568799999999999,-0.00753,-0.00894,1,McCain_2008,Obama_2008,,,-1.5587597,-0.358,-0.197,0.0766899999999999,,,1.32075664,0.381,-0.626,0.3868166175024582,-0.0766899999999999,7.0,0.23800306,0,0,0,0,0,0,1.86818366800985,,,-0.3995182552972411,-0.3658303571428571,,90.44839477539062,54.93796157836914,-1.346,0.853,-0.1632872568576389,-0.1458575380359612,-0.3014528459635417,-0.3765731996757516,-0.3283343526554841,-0.0782749999999999
787,2008,DC,-0.39752,0.9340076833341566,-0.41827,1.01147117530563,1.0076138057443,-0.0549213810083375,0,8,-0.0254,0.038,5.8,0,580.236,3.0,,28.0,,,,,,,,,-0.40305,-0.35448,-0.3692500000000001,-0.06379,1,McCain_2008,Obama_2008,,,-1.5587597,-0.358,-0.197,0.39752,,,1.32075664,0.381,-0.626,0.0659923166658433,-0.39752,3.0,0.23800306,0,0,0,0,0,0,,,,,,,,,-1.346,0.853,,,,,,-0.41066
788,2008,DE,-0.08989,0.6263813864988855,-0.05139,1.01147117530563,1.0076138057443,-0.0549213810083375,0,8,-0.0254,0.038,5.8,0,883.874,3.0,,28.0,0.1326946225286171,0.1789660997827091,0.1965273279287036,0.1784622104661768,0.4040594379239797,0.4040594379239797,0.4040594379239797,0.4040594379239797,-0.06557,-0.0394799999999999,-0.01826,-0.01191,1,McCain_2008,Obama_2008,,,-1.5587597,-0.358,-0.197,0.08989,,,1.32075664,0.381,-0.626,0.3736186135011144,-0.08989,3.0,0.23800306,0,0,0,1,0,0,0.654943928141911,,,-0.3308903716015625,-0.3223333333333333,,81.896484375,57.61259460449219,-1.346,0.853,0.0327866791666666,-0.0721399416909621,0.0624853420138888,-0.0047097190366426,0.0344845029386648,-0.058480000000000004
789,2008,FL,0.02229,0.514196600308993,0.0121699999999999,1.01147117530563,1.0076138057443,-0.0549213810083375,0,8,-0.0254,0.038,5.8,0,18527.305,27.0,,28.0,0.1137947545828271,0.0796155266325859,0.0513366700226895,0.0821110361737046,0.4229593058697697,0.4229593058697697,0.4229593058697697,0.4229593058697697,0.0018799999999999,0.01521,0.04557,-0.00304,1,McCain_2008,Obama_2008,,,-1.5587597,-0.358,-0.197,-0.02229,,,1.32075664,0.381,-0.626,0.485803399691007,0.02229,27.0,0.23800306,0,0,0,0,0,0,-0.724211553754305,,,-0.1424707951506042,0.0085687321937321,,58.41699981689453,28.781509399414062,-1.346,0.853,0.0594841757764027,0.2166117496807152,0.1196419733149777,0.0813610711186273,0.0937623840603156,0.007024999999999899
790,2008,GA,0.06277,0.4737166448918821,0.0704699999999999,1.01147117530563,1.0076138057443,-0.0549213810083375,0,8,-0.0254,0.038,5.8,0,9504.843,15.0,,28.0,0.0864849790006921,0.0942175431283778,0.0425956391729813,0.1115096201441622,0.4502690814519047,0.4502690814519047,0.4502690814519047,0.4502690814519047,0.06167,0.05308,0.0302999999999999,0.0173899999999999,1,McCain_2008,Obama_2008,,,-1.5587597,-0.358,-0.197,-0.06277,,,1.32075664,0.381,-0.626,0.5262833551081179,0.06277,0.0,0.23800306,0,0,0,0,0,0,-1.74999080979073,,,-0.0636564172417449,0.168188782051282,,48.59572219848633,20.72823143005371,-1.346,0.853,0.2378298896761033,0.5404360613810741,0.3925620057100016,0.3364666085714908,0.2773174468582789,0.06606999999999995
791,2008,HI,-0.19345,0.7299372587845542,-0.0571099999999999,1.01147117530563,1.0076138057443,-0.0549213810083375,0,8,-0.0254,0.038,5.8,0,1332.213,4.0,,28.0,-0.1136791474161624,-0.1586754797993993,-0.1987245686982927,-0.174803002923141,0.6504332078687594,0.6504332078687594,0.6504332078687594,0.6504332078687594,-0.0964399999999999,-0.0959999999999999,-0.03348,0.0388899999999999,1,McCain_2008,Obama_2008,,,-1.5587597,-0.358,-0.197,0.19345,,,1.32075664,0.381,-0.626,0.2700627412154458,-0.19345,4.0,0.23800306,0,0,0,0,0,0,1.84821010709577,,,-0.3514736672949219,0.05675,,84.46142578125,56.7735595703125,-1.346,0.853,-0.5925802385714285,-0.3841526717557251,-0.4939063943709429,-0.5881668190973892,-0.8543161879895561,-0.0767749999999999
792,2008,ID,0.16674,0.3697541019497945,0.18016,1.01147117530563,1.0076138057443,-0.0549213810083375,0,8,-0.0254,0.038,5.8,0,1534.32,4.0,,28.0,0.1198705803442019,0.1807235680082317,0.1169396258150861,0.1917716425279311,0.416883480108395,0.416883480108395,0.416883480108395,0.416883480108395,0.21031,0.15475,0.1303299999999999,0.0254099999999999,1,McCain_2008,Obama_2008,,,-1.5587597,-0.358,-0.197,-0.16674,,,1.32075664,0.381,-0.626,0.6302458980502055,0.16674,0.0,0.23800306,0,0,0,0,0,0,-1.0899553925944,,,0.0354024381900024,0.16725,,36.25172424316406,25.465293884277344,-1.346,0.853,0.5167105160342389,0.45635,0.3418338294723433,0.3444837253339164,0.522346952772713,0.195235
793,2008,IL,-0.0908499999999999,0.6273426404455936,-0.06516,1.01147117530563,1.0076138057443,-0.0549213810083375,0,8,-0.0254,0.038,5.8,0,12747.038,21.0,,28.0,-0.0425564995806727,-0.0612355624289383,-0.0453197618951671,-0.0711974737329962,0.5793105600332696,0.5793105600332696,0.5793105600332696,0.5793105600332696,-0.0599699999999999,-0.0492899999999999,-0.0521599999999999,-0.01587,1,McCain_2008,Obama_2008,,,-1.5587597,-0.358,-0.197,0.0908499999999999,,,1.32075664,0.381,-0.626,0.3726573595544064,-0.0908499999999999,21.0,0.23800306,0,1,0,0,0,0,0.536489547920308,,,-0.2135869168777465,-0.1492288961038961,,67.27897644042969,67.87700653076172,-1.346,0.853,-0.0579169639394808,-0.0877382966723068,-0.0633598838088822,-0.2385093422999536,-0.2425392435816061,-0.06256499999999995
794,2008,IN,0.03127,0.5052195344537809,0.0911599999999999,1.01147117530563,1.0076138057443,-0.0549213810083375,0,8,-0.0254,0.038,5.8,0,6424.806,11.0,,28.0,0.0426195420825615,0.0599123083107822,0.0344995119250292,0.0361950808843059,0.4941345183700353,0.4941345183700353,0.4941345183700353,0.4941345183700353,0.08188,0.07824,0.0720699999999999,0.0129199999999999,1,McCain_2008,Obama_2008,,,-1.5587597,-0.358,-0.197,-0.03127,,,1.32075664,0.381,-0.626,0.4947804655462191,0.03127,11.0,0.23800306,0,0,0,0,0,0,-0.436331874948997,,,-0.078389313748703,0.0197272727272727,,50.4316291809082,31.46375274658203,-1.346,0.853,0.2042712443211497,0.3373768545994065,0.2104304431462792,0.2235113628905978,0.1037301358869098,0.08651999999999994
795,2008,IA,-0.012,0.5484877778946735,-0.0097,1.01147117530563,1.0076138057443,-0.0549213810083375,0,8,-0.0254,0.038,5.8,0,3016.734,7.0,,28.0,0.0512572983320935,0.0479728648067915,0.0133661355199211,0.0657789344325142,0.4854967621205033,0.4854967621205033,0.4854967621205033,0.4854967621205033,0.0001999999999999,-0.0105699999999999,-0.00361,0.0008699999999999,1,McCain_2008,Obama_2008,,,-1.5587597,-0.358,-0.197,0.012,,,1.32075664,0.381,-0.626,0.4515122221053265,-0.012,7.0,0.23800306,0,0,0,0,0,0,0.594230892926795,,,-0.1307114658470153,-0.1038214285714285,,56.951637268066406,62.061744689941406,-1.346,0.853,0.0925341076802912,0.1280043010752688,0.1046335865469237,0.1042805470879317,0.0888317848410758,-0.00475000000000005
796,2008,KS,0.11261,0.4238772418109056,0.1155999999999999,1.01147117530563,1.0076138057443,-0.0549213810083375,0,8,-0.0254,0.038,5.8,0,2808.076,6.0,,28.0,0.0911177095452485,0.1311751198473097,0.1403997774171523,0.157920262105362,0.4456363509073484,0.4456363509073484,0.4456363509073484,0.4456363509073484,0.1109999999999999,0.14748,0.0691299999999999,-0.03188,1,McCain_2008,Obama_2008,,,-1.5587597,-0.358,-0.197,-0.11261,,,1.32075664,0.381,-0.626,0.5761227581890944,0.11261,0.0,0.23800306,0,0,0,0,0,0,-0.824017628143776,,,-0.0332042923293304,0.110625,,44.80099868774414,44.7874755859375,-1.346,0.853,0.2683724534298899,0.4355764411027569,0.2230326558659815,0.2923987677113643,0.3029532773343882,0.1132999999999999
797,2008,KY,0.11882,0.4176657241229539,0.0870099999999999,1.01147117530563,1.0076138057443,-0.0549213810083375,0,8,-0.0254,0.038,5.8,0,4289.878,8.0,,28.0,0.0408978491370912,0.1077765380959197,0.1310651125262147,0.0863358087359377,0.4958562113155056,0.4958562113155056,0.4958562113155056,0.4958562113155056,0.07911,0.04147,0.0150299999999999,0.0455399999999999,1,McCain_2008,Obama_2008,,,-1.5587597,-0.358,-0.197,-0.11882,,,1.32075664,0.381,-0.626,0.5823342758770461,0.11882,0.0,0.23800306,0,0,0,0,0,0,-0.655352825231896,,,-0.0933441502390289,0.2026215277777777,,52.29519271850586,56.53505706787109,-1.346,0.853,0.28030644,0.1624097087378641,0.2504000997299276,0.19929171848937,0.1912214515692234,0.08305999999999995
798,2008,LA,0.13106,0.4054282583841463,0.0602399999999999,1.01147117530563,1.0076138057443,-0.0549213810083375,0,8,-0.0254,0.038,5.8,0,4435.586,9.0,,28.0,0.1888512368826893,0.0996301140570528,0.1060433974483717,0.1664776727065957,0.3479028235699076,0.3479028235699076,0.3479028235699076,0.3479028235699076,0.0412199999999999,-0.0188499999999999,0.00707,0.0790899999999998,1,McCain_2008,Obama_2008,,,-1.5587597,-0.358,-0.197,-0.13106,,,1.32075664,0.381,-0.626,0.5945717416158536,0.13106,0.0,0.23800306,0,0,0,0,0,0,-0.825924531193146,,,-0.0206794690637969,0.3226565656565656,,43.2402458190918,43.8701286315918,-1.346,0.853,0.3254092701095521,0.3597111111111111,0.3452133779840689,0.4471073958071978,0.332526819241132,0.0507299999999999
799,2008,ME,-0.05181,0.588295249834076,-0.0589,1.01147117530563,1.0076138057443,-0.0549213810083375,0,8,-0.0254,0.038,5.8,0,1330.509,4.0,,28.0,-0.1457338843444982,-0.1167742362489908,-0.1175826135075648,-0.1835977613561303,0.6824879447970951,0.6824879447970951,0.6824879447970951,0.6824879447970951,-0.0256499999999999,-0.0798599999999999,-0.0268399999999999,0.0209599999999998,1,McCain_2008,Obama_2008,,,-1.5587597,-0.358,-0.197,0.05181,,,1.32075664,0.381,-0.626,0.411704750165924,-0.05181,4.0,0.23800306,0,0,0,0,0,0,1.44945879484483,,,-0.4111995841763305,-0.309875,,91.90403747558594,65.0711441040039,-1.346,0.853,-0.0960396251021227,-0.0366094674556213,-0.1777628870056068,-0.1125421521328731,-0.0699773269013431,-0.04227499999999995
800,2008,MD,-0.0928099999999999,0.6293008729288553,-0.07873,1.01147117530563,1.0076138057443,-0.0549213810083375,0,8,-0.0254,0.038,5.8,0,5684.965,10.0,,28.0,-0.1310701493070889,-0.1143757229974169,-0.0787151503714768,-0.0619199274811499,0.6678242097596858,0.6678242097596858,0.6678242097596858,0.6678242097596858,-0.0828799999999999,-0.0396199999999999,-0.0492799999999999,-0.03911,1,McCain_2008,Obama_2008,,,-1.5587597,-0.358,-0.197,0.0928099999999999,,,1.32075664,0.381,-0.626,0.3706991270711447,-0.0928099999999999,10.0,0.23800306,0,0,0,0,0,0,1.66962050203116,,,-0.307048078580017,-0.1598636363636363,,78.92543029785156,70.00335693359375,-1.346,0.853,-0.2672419061167168,-0.1442992700729927,-0.2776129146862029,-0.2822358416415458,-0.2707464872825697,-0.08080499999999995
801,2008,MA,-0.09548,0.6319707821335295,-0.1405,1.01147117530563,1.0076138057443,-0.0549213810083375,0,8,-0.0254,0.038,5.8,0,6468.967,12.0,,28.0,-0.3547994579270471,-0.3460141469278853,-0.3733690422633637,-0.3599468789861125,0.891553518379644,0.891553518379644,0.891553518379644,0.891553518379644,-0.1460599999999999,-0.13964,-0.0872,-0.00086,1,McCain_2008,Obama_2008,,,-1.5587597,-0.358,-0.197,0.09548,,,1.32075664,0.381,-0.626,0.3680292178664704,-0.09548,12.0,0.23800306,0,0,0,0,0,0,2.00336264189327,,,-0.4002393000376891,-0.3095929487179487,,90.53824615478516,73.12722778320312,-1.346,0.853,-0.59161535009009,-0.2923621399176955,-0.5574585092792792,-0.5286963643901097,-0.563545598318118,-0.14327999999999996
802,2008,MI,-0.0472199999999999,0.5837130157615452,-0.03033,1.01147117530563,1.0076138057443,-0.0549213810083375,0,8,-0.0254,0.038,5.8,0,9946.889,17.0,,28.0,-0.0053246521884898,-0.0153493903411801,-0.038586751987983,-0.057820450018732,0.5420787126410868,0.5420787126410868,0.5420787126410868,0.5420787126410868,-0.0245199999999999,-0.0264799999999999,-0.01243,-0.0038500000000001,1,McCain_2008,Obama_2008,,,-1.5587597,-0.358,-0.197,0.0472199999999999,,,1.32075664,0.381,-0.626,0.4162869842384548,-0.0472199999999999,17.0,0.23800306,0,0,0,0,0,0,0.318278907459566,,,-0.2506083428482055,-0.0725694444444444,,71.89231872558594,60.22071075439453,-1.346,0.853,0.0397115433922372,0.1129022257551669,0.0224866637468586,-0.0716408284457726,-0.0397120947520776,-0.02742499999999995
803,2008,MN,-0.0157999999999999,0.5522937499539273,-0.03068,1.01147117530563,1.0076138057443,-0.0549213810083375,0,8,-0.0254,0.038,5.8,0,5247.018,10.0,,28.0,0.1715594863653258,0.4795569543324028,0.4669469790172789,0.4914453267384574,0.365194574087271,0.365194574087271,0.365194574087271,0.365194574087271,-0.0110299999999999,-0.04703,-0.04349,0.0163499999999999,1,McCain_2008,Obama_2008,,,-1.5587597,-0.358,-0.197,0.0157999999999999,,,1.32075664,0.381,-0.626,0.4477062500460727,-0.0157999999999999,10.0,0.23800306,0,0,0,0,0,0,1.15390998022821,,,-0.2286471212884521,0.0099999999999999,,69.15567016601562,49.02959442138672,-1.346,0.853,0.0064550202414951,-0.0764962080173347,0.0148397624660614,-0.014050308852592,-0.0215337367970311,-0.02085499999999995
804,2008,MS,0.10291,0.4335806900713616,0.0861699999999999,1.01147117530563,1.0076138057443,-0.0549213810083375,0,8,-0.0254,0.038,5.8,0,2947.806,6.0,,28.0,0.0756975959567606,0.1426590270392456,-0.0188946475112335,-0.0226621439358012,0.4610564644958362,0.4610564644958362,0.4610564644958362,0.4610564644958362,0.08788,0.07423,0.0829999999999999,0.0119399999999999,1,McCain_2008,Obama_2008,,,-1.5587597,-0.358,-0.197,-0.10291,,,1.32075664,0.381,-0.626,0.5664193099286383,0.10291,0.0,0.23800306,0,0,0,0,0,0,-2.31721697492914,,,-0.0716520423887634,0.3980848214285714,,49.592079162597656,43.45336151123047,-1.346,0.853,0.397400765146975,0.4916,0.5087716631835261,0.5669350979152048,0.4664673625293093,0.08702499999999995
805,2008,MO,0.03717,0.4993242085032335,0.0231299999999999,1.01147117530563,1.0076138057443,-0.0549213810083375,0,8,-0.0254,0.038,5.8,0,5923.916,11.0,,28.0,0.050735224282605,0.0247615938266755,0.0101207860408734,-0.0086198214472535,0.4860188361699918,0.4860188361699918,0.4860188361699918,0.4860188361699918,0.01895,0.01129,-0.0313499999999999,0.0118399999999999,1,McCain_2008,Obama_2008,,,-1.5587597,-0.358,-0.197,-0.03717,,,1.32075664,0.381,-0.626,0.5006757914967666,0.03717,0.0,0.23800306,0,0,0,0,0,0,-0.405435258072789,,,-0.158792751326065,0.1621818181818181,,60.45092391967773,31.27164077758789,-1.346,0.853,0.1351807456031468,0.1290866666666666,0.1741760899314435,0.1667490068885685,0.134140623387938,0.02103999999999995
806,2008,MT,0.04818,0.4883059671605927,0.0919299999999999,1.01147117530563,1.0076138057443,-0.0549213810083375,0,8,-0.0254,0.038,5.8,0,976.415,3.0,,28.0,0.1375077535487681,0.1422577387060853,0.1311669006511172,0.0181613055022002,0.3992463069038288,0.3992463069038288,0.3992463069038288,0.3992463069038288,0.13839,0.06363,0.0164799999999999,0.0282999999999999,1,McCain_2008,Obama_2008,,,-1.5587597,-0.358,-0.197,-0.04818,,,1.32075664,0.381,-0.626,0.5116940328394073,0.04818,0.0,0.23800306,0,0,0,0,0,0,0.24393962024806,,,-0.1768352168650054,0.156,,62.69924545288086,53.99093246459961,-1.346,0.853,0.3333968812550607,0.1527116883116883,0.2875976773785424,0.2583521462665814,0.3796188530570552,0.11515999999999996
807,2008,NE,0.11258,0.4239092557783436,0.1553999999999999,1.01147117530563,1.0076138057443,-0.0549213810083375,0,8,-0.0254,0.038,5.8,0,1796.378,5.0,,28.0,0.0973718897291957,0.1702336932424767,0.3589421278718183,0.2235017710705508,0.4393821707234011,0.4393821707234011,0.4393821707234011,0.4393821707234011,0.1536199999999999,0.15231,0.1467699999999999,0.0030899999999999,1,McCain_2008,Obama_2008,,,-1.5587597,-0.358,-0.197,-0.11258,,,1.32075664,0.381,-0.626,0.5760907442216564,0.11258,0.0,0.23800306,0,0,0,0,0,0,-0.408841450086109,,,-0.0613055064882659,-0.02145,,48.30276870727539,32.09003829956055,-1.346,0.853,0.3346732944805195,0.3598425196850394,0.3224701918831169,0.4018893284667512,0.5034376819335024,0.1545099999999999
808,2008,NV,-0.0273799999999999,0.563867381251961,0.0001099999999999,1.01147117530563,1.0076138057443,-0.0549213810083375,0,8,-0.0254,0.038,5.8,0,2653.63,5.0,,28.0,0.011615241490036,0.0370684534518306,0.1045195026271548,0.0868474270314043,0.5251388189625609,0.5251388189625609,0.5251388189625609,0.5251388189625609,0.0203999999999999,0.0408899999999999,0.0154699999999999,-0.0407799999999999,1,McCain_2008,Obama_2008,,,-1.5587597,-0.358,-0.197,0.0273799999999999,,,1.32075664,0.381,-0.626,0.436132618748039,-0.0273799999999999,5.0,0.23800306,0,0,0,0,0,0,-0.401882162615096,,,-0.1350343975368499,-0.086575,,57.49032974243164,40.83628463745117,-1.346,0.853,0.2172001911512167,0.0479999999999999,0.168655447694376,0.1189442268892186,0.1156143036386448,0.0102549999999999
809,2008,NH,-0.0121999999999999,0.548685411201095,-0.01997,1.01147117530563,1.0076138057443,-0.0549213810083375,0,8,-0.0254,0.038,5.8,0,1315.906,4.0,,28.0,0.0119212704944714,0.0987992103641762,0.0585323443046469,0.0508942734931036,0.5248327899581254,0.5248327899581254,0.5248327899581254,0.5248327899581254,0.00851,-0.0093499999999999,0.0257499999999999,-0.01062,1,McCain_2008,Obama_2008,,,-1.5587597,-0.358,-0.197,0.0121999999999999,,,1.32075664,0.381,-0.626,0.4513145887989049,-0.0121999999999999,4.0,0.23800306,0,0,0,0,0,0,0.727488178654083,,,-0.1529578726322937,-0.5380625,,59.72382354736328,63.56723785400391,-1.346,0.853,-0.136216488849848,0.0233629242819843,-0.1303382622618883,-0.1591845196404973,-0.1531120321959273,-0.005730000000000001
810,2008,NJ,-0.0421599999999999,0.5786462987142394,-0.04678,1.01147117530563,1.0076138057443,-0.0549213810083375,0,8,-0.0254,0.038,5.8,0,8711.09,15.0,,28.0,-0.0353946985468716,-0.0523646716854651,-0.0575519436817976,-0.0339403357712719,0.5721487589994685,0.5721487589994685,0.5721487589994685,0.5721487589994685,-0.08028,-0.05291,0.0195199999999999,0.0061299999999999,1,McCain_2008,Obama_2008,,,-1.5587597,-0.358,-0.197,0.0421599999999999,,,1.32075664,0.381,-0.626,0.4213537012857605,-0.0421599999999999,15.0,0.23800306,0,0,0,0,0,0,2.55425276426056,,,-0.2529347636724853,-0.2631686274509804,,72.18222045898438,69.14151000976562,-1.346,0.853,-0.082727382660499,-0.0923464163822525,-0.1053979361164895,-0.1410200022191136,-0.1072051125364318,-0.06353
811,2008,NM,-0.0401599999999999,0.5766490001879759,-0.00907,1.01147117530563,1.0076138057443,-0.0549213810083375,0,8,-0.0254,0.038,5.8,0,2010.662,5.0,,28.0,-0.0214499830522493,-0.0386838007453197,-0.1321915925386648,-0.0310550130668603,0.5582040435048462,0.5582040435048462,0.5582040435048462,0.5582040435048462,0.00151,0.0065199999999999,-0.0177,-0.0155899999999999,1,McCain_2008,Obama_2008,,,-1.5587597,-0.358,-0.197,0.0401599999999999,,,1.32075664,0.381,-0.626,0.423350999812024,-0.0401599999999999,5.0,0.23800306,0,0,0,0,0,0,0.834293506308226,,,-0.2200983604780578,-0.0022999999999999,,68.09038543701172,66.9234390258789,-1.346,0.853,-0.1410954166666665,-0.0780367412140575,-0.1538296680090119,-0.0727914575888363,-0.0944986249999999,-0.00378
812,2008,NY,-0.0992799999999999,0.6357668110312692,-0.1059499999999999,1.01147117530563,1.0076138057443,-0.0549213810083375,0,8,-0.0254,0.038,5.8,0,19212.436,31.0,,28.0,-0.1494586711238997,-0.1305508475140909,-0.0711822969931089,-0.0857454232328882,0.6862127315764966,0.6862127315764966,0.6862127315764966,0.6862127315764966,-0.12905,-0.11341,-0.06106,0.00746,1,McCain_2008,Obama_2008,,,-1.5587597,-0.358,-0.197,0.0992799999999999,,,1.32075664,0.381,-0.626,0.3642331889687308,-0.0992799999999999,31.0,0.23800306,0,0,0,0,0,0,2.4634993831237,,,-0.3187207135342407,-0.1839347507331378,,80.37998962402344,64.23593139648438,-1.346,0.853,-0.226725288292011,-0.0789837622549019,-0.2548192177140059,-0.4237175025935544,-0.385674576059168,-0.11749999999999995
813,2008,NC,0.03483,0.5016596330006732,0.0493499999999999,1.01147117530563,1.0076138057443,-0.0549213810083375,0,8,-0.0254,0.038,5.8,0,9309.449,15.0,,28.0,0.007636806195607,-0.0097095110447805,0.021613135533465,0.0507433049588571,0.5291172542569899,0.5291172542569899,0.5291172542569899,0.5291172542569899,0.0664699999999999,0.07206,0.0382999999999999,-0.02271,1,McCain_2008,Obama_2008,,,-1.5587597,-0.358,-0.197,-0.03483,,,1.32075664,0.381,-0.626,0.4983403669993268,0.03483,15.0,0.23800306,0,0,0,0,0,0,-1.44642624888969,,,-0.1746897153926849,0.086771875,,62.431888580322266,63.96995162963867,-1.346,0.853,0.0709010984347837,0.1655063795853269,0.161588453146228,0.1019047837696739,0.0386103276724892,0.057909999999999906
814,2008,ND,0.08058,0.4559134371803188,0.1260199999999999,1.01147117530563,1.0076138057443,-0.0549213810083375,0,8,-0.0254,0.038,5.8,0,657.569,3.0,,28.0,-0.1200483621077258,-0.1160725861644859,-0.0571105026950527,-0.0515143319116589,0.6568024225603227,0.6568024225603227,0.6568024225603227,0.6568024225603227,0.1491,0.08587,0.1124699999999999,0.0401499999999999,1,McCain_2008,Obama_2008,,,-1.5587597,-0.358,-0.197,-0.08058,,,1.32075664,0.381,-0.626,0.5440865628196812,0.08058,0.0,0.23800306,0,0,0,0,0,0,-1.40045824465892,,,-0.2143840640731811,0.337,,67.37831115722656,33.69369125366211,-1.346,0.853,0.20133165,0.4109398907103825,0.203892474090909,0.2086186614942529,0.2147833,0.13755999999999996
815,2008,OH,0.0131499999999999,0.5233384076225412,-0.00248,1.01147117530563,1.0076138057443,-0.0549213810083375,0,8,-0.0254,0.038,5.8,0,11515.391,20.0,,28.0,0.0100156737560155,-0.0073243667808778,0.0383851595604035,0.0072043263686182,0.5267383866965814,0.5267383866965814,0.5267383866965814,0.5267383866965814,0.0200099999999999,0.01079,0.0220399999999999,-0.0132700000000001,1,McCain_2008,Obama_2008,,,-1.5587597,-0.358,-0.197,-0.0131499999999999,,,1.32075664,0.381,-0.626,0.4766615923774587,0.0131499999999999,20.0,0.23800306,0,0,0,0,0,0,-0.0846314758061172,,,-0.1735372193245696,-0.0563329545454545,,62.288272857666016,53.38684844970703,-1.346,0.853,0.0799504792452817,0.1698820512820512,0.0447426167896817,0.0425336664424437,0.0450694150789792,0.00876499999999995
816,2008,OK,0.19294,0.343549188773065,0.1426299999999999,1.01147117530563,1.0076138057443,-0.0549213810083375,0,8,-0.0254,0.038,5.8,0,3668.976,7.0,,28.0,0.1182081418275459,0.1717959426098765,0.0494521800326619,0.1670680554333143,0.4185459186250509,0.4185459186250509,0.4185459186250509,0.4185459186250509,0.11264,0.09077,0.0899399999999999,0.0518599999999999,1,McCain_2008,Obama_2008,,,-1.5587597,-0.358,-0.197,-0.19294,,,1.32075664,0.381,-0.626,0.6564508112269349,0.19294,0.0,0.23800306,0,0,0,0,0,0,-1.03030673515983,,,0.0547294005154418,0.2824285714285715,,33.84333801269531,45.05104446411133,-1.346,0.853,0.4375211277665983,0.4175738498789346,0.3965642029889902,0.4471967377361746,0.473459162780116,0.12763499999999994
817,2008,OR,-0.0476499999999999,0.5841372117722718,-0.03416,1.01147117530563,1.0076138057443,-0.0549213810083375,0,8,-0.0254,0.038,5.8,0,3768.748,7.0,,28.0,-0.0419715014572316,-0.0759354976574899,-0.0943851856341854,-0.0741259978690634,0.5787255619098285,0.5787255619098285,0.5787255619098285,0.5787255619098285,-0.00053,-0.00017,-0.0326199999999999,-0.03399,1,McCain_2008,Obama_2008,,,-1.5587597,-0.358,-0.197,0.0476499999999999,,,1.32075664,0.381,-0.626,0.4158627882277281,-0.0476499999999999,7.0,0.23800306,0,0,0,0,0,0,1.16408499777888,,,-0.2680614582409668,-0.1998571428571428,,74.06719970703125,65.85009765625,-1.346,0.853,-0.2336030610551948,-0.0394999999999999,-0.1157161819078734,-0.2290927385756805,-0.3033890735396556,-0.017345000000000003
818,2008,PA,-0.0158099999999999,0.5522970381548445,-0.02565,1.01147117530563,1.0076138057443,-0.0549213810083375,0,8,-0.0254,0.038,5.8,0,12612.285,21.0,,28.0,-0.0259695114264091,-0.0118338290331447,0.0465316651159686,-0.0141188746295132,0.562723571879006,0.562723571879006,0.562723571879006,0.562723571879006,-0.01965,-0.00485,-0.02177,-0.0208,1,McCain_2008,Obama_2008,,,-1.5587597,-0.358,-0.197,0.0158099999999999,,,1.32075664,0.381,-0.626,0.4477029618451554,-0.0158099999999999,21.0,0.23800306,0,0,0,0,0,0,0.666995929379797,,,-0.2500713399256896,0.0551175595238095,,71.82540130615234,54.88837814331055,-1.346,0.853,0.0292835783582715,0.0883800623052959,0.0428430314068953,-0.054761201896654,-0.0399253482131902,-0.02265
819,2008,RI,-0.1054899999999999,0.6419813750914577,-0.11885,1.01147117530563,1.0076138057443,-0.0549213810083375,0,8,-0.0254,0.038,5.8,0,1055.003,4.0,,28.0,-0.3268768211094091,-0.23248542431716,-0.2312100252056704,-0.24287681664692,0.863630881562006,0.863630881562006,0.863630881562006,0.863630881562006,-0.15466,-0.1432799999999999,-0.08472,0.0244299999999999,1,McCain_2008,Obama_2008,,,-1.5587597,-0.358,-0.197,0.1054899999999999,,,1.32075664,0.381,-0.626,0.3580186249085423,-0.1054899999999999,4.0,0.23800306,0,0,0,0,0,0,1.85279559818183,,,-0.3550315029841614,-0.2236874999999999,,84.90477752685547,59.04792785644531,-1.346,0.853,-0.2100045546874999,-0.2601096385542168,-0.3531228789062499,-0.4148927315655151,-0.3586025221155656,-0.136755
820,2008,SC,0.08193,0.4545557081079087,0.0732799999999999,1.01147117530563,1.0076138057443,-0.0549213810083375,0,8,-0.0254,0.038,5.8,0,4528.996,8.0,,28.0,0.0959221927695802,0.1319843163744034,0.0896145746897453,0.073915892063005,0.4408318676830167,0.4408318676830167,0.4408318676830167,0.4408318676830167,0.0833599999999999,0.07897,0.0800699999999999,-0.00569,1,McCain_2008,Obama_2008,,,-1.5587597,-0.358,-0.197,-0.08193,,,1.32075664,0.381,-0.626,0.5454442918920913,0.08193,0.0,0.23800306,0,0,0,0,0,0,-1.65164209840677,,,-0.0580856624343871,0.1323993055555555,,47.90153503417969,24.13068199157715,-1.346,0.853,0.4304121053289687,0.4552883008356545,0.4636699478636672,0.3793447957561155,0.247003580848853,0.0783199999999999
821,2008,SD,0.07945,0.4570429276588462,0.0960599999999999,1.01147117530563,1.0076138057443,-0.0549213810083375,0,8,-0.0254,0.038,5.8,0,799.124,3.0,,28.0,-0.165181784972156,-0.0579617959908785,0.0066263305254899,0.2383102670753632,0.701935845424753,0.701935845424753,0.701935845424753,0.701935845424753,0.1179799999999999,0.0661,0.0563299999999999,0.0299599999999999,1,McCain_2008,Obama_2008,,,-1.5587597,-0.358,-0.197,-0.07945,,,1.32075664,0.381,-0.626,0.5429570723411538,0.07945,0.0,0.23800306,0,0,0,0,0,0,-1.12030028791485,,,-0.1221557866316223,0.2355624999999999,,55.88549041748047,30.12503242492676,-1.346,0.853,-0.0132198,0.5068107142857142,0.0109257055176876,-0.0220726437061871,0.0457519999999999,0.10701999999999989
822,2008,TN,0.1128,0.4236852819764554,0.05878,1.01147117530563,1.0076138057443,-0.0549213810083375,0,8,-0.0254,0.038,5.8,0,6247.411,11.0,,28.0,0.0182905261887291,0.0089402029939192,-0.0120456404223664,0.0391747528721982,0.5184635342638677,0.5184635342638677,0.5184635342638677,0.5184635342638677,0.0214599999999999,0.0338899999999999,0.0077399999999999,0.02489,1,McCain_2008,Obama_2008,,,-1.5587597,-0.358,-0.197,-0.1128,,,1.32075664,0.381,-0.626,0.5763147180235446,0.1128,0.0,0.23800306,0,0,0,0,0,0,-1.03362956633626,,,-0.0571144224547576,0.1301590909090909,,47.7805061340332,54.570289611816406,-1.346,0.853,0.3858446906347738,0.421657223796034,0.2977187128254593,0.296492588736246,0.3661456099581244,0.04011999999999995
823,2008,TX,0.09585,0.4406406324905928,0.1020299999999999,1.01147117530563,1.0076138057443,-0.0549213810083375,0,8,-0.0254,0.038,5.8,0,24309.039,34.0,,28.0,0.0806259613528067,0.0766692516224983,0.0155047633134104,0.0030793565898286,0.4561280990997902,0.4561280990997902,0.4561280990997902,0.4561280990997902,0.1113899999999999,0.07337,0.0561399999999999,0.0286599999999999,1,McCain_2008,Obama_2008,,,-1.5587597,-0.358,-0.197,-0.09585,,,1.32075664,0.381,-0.626,0.5593593675094072,0.09585,0.0,0.23800306,0,0,0,0,0,0,-0.935886609282791,,,-0.0564003879565429,0.2194283598856209,,47.6915283203125,25.662139892578125,-1.346,0.853,0.3806145463076055,0.4095658342792281,0.366547418071582,0.4175214879346955,0.4549789343524658,0.1067099999999999
824,2008,UT,0.18175,0.3547363862725993,0.2203899999999999,1.01147117530563,1.0076138057443,-0.0549213810083375,0,8,-0.0254,0.038,5.8,0,2663.029,5.0,,28.0,0.0812392463416484,0.069562294280772,0.0595007206415724,0.0747400378924061,0.4555148141109484,0.4555148141109484,0.4555148141109484,0.4555148141109484,0.21909,0.16695,0.1712599999999999,0.0534399999999999,1,McCain_2008,Obama_2008,,,-1.5587597,-0.358,-0.197,-0.18175,,,1.32075664,0.381,-0.626,0.6452636137274006,0.18175,0.0,0.23800306,0,0,0,0,0,0,-1.13920624666187,,,0.098430439368782,0.1127,,28.39763069152832,26.659957885742188,-1.346,0.853,0.3331920771002709,0.4529096385542168,0.31285353800813,0.2755079186381019,0.2742619226308248,0.21973999999999994
825,2008,VT,-0.1524999999999999,0.688991817393381,-0.11608,1.01147117530563,1.0076138057443,-0.0549213810083375,0,8,-0.0254,0.038,5.8,0,624.151,3.0,,28.0,-0.0076163208772686,0.2535760257721402,0.4669469790172789,0.2684391229863085,0.5443703813298655,0.5443703813298655,0.5443703813298655,0.5443703813298655,-0.05257,-0.0850699999999999,-0.0688199999999999,-0.03101,1,McCain_2008,Obama_2008,,,-1.5587597,-0.358,-0.197,0.1524999999999999,,,1.32075664,0.381,-0.626,0.311008182606619,-0.1524999999999999,3.0,0.23800306,0,0,0,0,0,0,1.8038431225557,,,-0.3740756066273498,-0.3711875,,87.27791595458984,58.75832748413086,-1.346,0.853,-0.7872466071428572,-0.2338600682593856,-0.5509635325,-0.7490819370563978,-1.165,-0.084325
826,2008,VA,0.0046599999999999,0.5318258440612755,0.0282699999999999,1.01147117530563,1.0076138057443,-0.0549213810083375,0,8,-0.0254,0.038,5.8,0,7833.496,13.0,,28.0,0.1002795430455173,0.1193570816994569,0.1514524515628703,0.0077544611764439,0.4364745174070795,0.4364745174070795,0.4364745174070795,0.4364745174070795,0.0433,0.05737,0.0592699999999999,-0.0291,1,McCain_2008,Obama_2008,,,-1.5587597,-0.358,-0.197,-0.0046599999999999,,,1.32075664,0.381,-0.626,0.4681741559387244,0.0046599999999999,13.0,0.23800306,0,0,0,0,0,0,-0.735654063889243,,,-0.1551988236036682,0.0599117216117216,,60.003074645996094,55.13526153564453,-1.346,0.853,0.0176824293764637,0.2680867132867133,0.0324924708952836,0.0151486051802962,-0.099683406132882,0.03578499999999995
827,2008,WA,-0.05103,0.5875202680210895,-0.04954,1.01147117530563,1.0076138057443,-0.0549213810083375,0,8,-0.0254,0.038,5.8,0,6562.231,11.0,,28.0,-0.0724692880611879,-0.1153416568875905,-0.0711581253434692,-0.0638182076408336,0.6092233485137848,0.6092233485137848,0.6092233485137848,0.6092233485137848,-0.0276199999999999,-0.0251899999999999,-0.0422,-0.02435,1,McCain_2008,Obama_2008,,,-1.5587597,-0.358,-0.197,0.05103,,,1.32075664,0.381,-0.626,0.4124797319789105,-0.05103,11.0,0.23800306,0,0,0,0,0,0,1.09301961105536,,,-0.2255724719023132,-0.0371818181818181,,68.77252960205078,68.24697875976562,-1.346,0.853,-0.0582813846153846,0.0165190972222222,-0.0816379086514807,-0.0938816667388457,-0.0506573333333333,-0.03857999999999995
828,2008,WV,0.10323,0.4332625623286275,0.05173,1.01147117530563,1.0076138057443,-0.0549213810083375,0,8,-0.0254,0.038,5.8,0,1840.31,5.0,,28.0,-0.0434379279357343,-0.0986362926840411,-0.1939760270708678,-0.3031569132639596,0.5801919883883312,0.5801919883883312,0.5801919883883312,0.5801919883883312,0.03425,-0.0367899999999999,-0.04397,0.0885199999999999,1,McCain_2008,Obama_2008,,,-1.5587597,-0.358,-0.197,-0.10323,,,1.32075664,0.381,-0.626,0.5667374376713725,0.10323,0.0,0.23800306,0,0,0,0,0,0,-0.0039026355639252,,,-0.3099091145587158,0.4276,,79.28195190429688,65.3043212890625,-1.346,0.853,0.1620044318555008,-0.072475,0.1500075633415435,0.1028350888598648,0.0735753044434997,0.04299
829,2008,WI,-0.0340699999999999,0.5705567824781841,-0.01499,1.01147117530563,1.0076138057443,-0.0549213810083375,0,8,-0.0254,0.038,5.8,0,5640.996,10.0,,28.0,0.0457875648062492,-0.018209431686723,0.0347028470462508,0.0161683206171752,0.4909664956463476,0.4909664956463476,0.4909664956463476,0.4909664956463476,0.00068,-0.0124299999999999,0.0057699999999999,-0.0025600000000001,1,McCain_2008,Obama_2008,,,-1.5587597,-0.358,-0.197,0.0340699999999999,,,1.32075664,0.381,-0.626,0.4294432175218159,-0.0340699999999999,10.0,0.23800306,0,0,0,0,0,0,0.634080610373805,,,-0.1618943702467346,-0.3252340909090909,,60.8374252319336,58.396026611328125,-1.346,0.853,0.0249141546019366,0.1214651898734177,0.054015641932457,0.1735741954003283,0.1249139869486594,-0.007155
830,2008,WY,0.20211,0.3343797664490409,0.1900599999999999,1.01147117530563,1.0076138057443,-0.0549213810083375,0,8,-0.0254,0.038,5.8,0,546.043,3.0,,28.0,0.0394794724961172,0.0487481510785768,0.0925727239517247,0.1919777092241601,0.4972745879564796,0.4972745879564796,0.4972745879564796,0.4972745879564796,0.21165,0.12164,0.0716399999999999,0.0684199999999999,1,McCain_2008,Obama_2008,,,-1.5587597,-0.358,-0.197,-0.20211,,,1.32075664,0.381,-0.626,0.6656202335509591,0.20211,0.0,0.23800306,0,0,0,0,0,0,-1.05379999416681,,,0.0896873509701919,0.1438749999999999,,29.48713111877441,44.73088073730469,-1.346,0.853,0.3356739559506159,0.3104315068493151,0.303627812066217,0.399735765878758,0.3797153794037939,0.20085499999999995
831,2008,USA,0.0,0.5364916330529682,0.0,1.01147117530563,1.0076138057443,-0.0549213810083375,0,8,-0.0254,0.038,5.8,0,,,,28.0,,,,,0.5367540604525969,0.5367540604525969,0.5367540604525969,0.5367540604525969,0.0,0.0,0.0,0.0,1,McCain_2008,Obama_2008,,,-1.5587597,-0.358,-0.197,-0.0,,,1.32075664,0.381,-0.626,0.4635083669470318,0.0,,0.23800306,0,0,0,0,0,0,,,,,,,,,-1.346,0.853,,,,,,0.0
832,2012,AL,0.1312799999999999,0.3878787878787879,0.1454,1.04925109884205,0.989730921822019,-0.0905202781847966,0,4,0.0157,0.021,8.1,1,4816.632,9.0,51.0,51.0,0.1498683278034209,0.1585491363722065,0.0922873848738028,0.0833642741309356,0.3142015686192161,0.3142015686192161,0.3142015686192161,0.3142015686192161,0.1159099999999999,0.0779,0.0841,0.0675,0,Obama_2012,Romney_2012,,,-1.5436639,-0.358,-0.197,-0.1312799999999999,,,1.46300324,0.287,0.304,0.6121212121212121,0.1312799999999999,0.0,0.0806606600000001,0,0,0,0,0,0,-1.78899950501531,,,0.0245896140375518,0.4257861111111111,,37.59914016723633,28.40795135498047,-1.346,0.939,0.6710959007834745,0.6750449438202247,0.5881822374974887,0.6368680488518139,0.6705990751704055,0.13065499999999997
833,2012,AK,0.0923799999999999,0.4267782426778242,0.14714,1.04925109884205,0.989730921822019,-0.0905202781847966,0,4,0.0157,0.021,8.1,1,730.81,3.0,51.0,51.0,0.157314688706917,0.0762835501370287,0.122500369284043,0.2402548029891512,0.30675520771572,0.30675520771572,0.30675520771572,0.30675520771572,0.1191899999999999,0.1811999999999999,0.15105,-0.0340599999999999,0,Obama_2012,Romney_2012,,,-1.5436639,-0.358,-0.197,-0.0923799999999999,,,1.46300324,0.287,0.304,0.5732217573221757,0.0923799999999999,0.0,0.0806606600000001,0,0,0,0,0,0,0.0469336492115604,,,-0.1056096863791656,-0.1526666666666666,,53.82363510131836,41.78319549560547,-1.346,0.939,0.1476548093749999,0.1675,0.1760104148891128,0.253070005421408,0.1949316045380875,0.13316499999999995
834,2012,AZ,0.0654499999999999,0.4537131230925737,0.07963,1.04925109884205,0.989730921822019,-0.0905202781847966,0,4,0.0157,0.021,8.1,1,6556.344,11.0,51.0,51.0,0.0225787037699388,0.0410551380531417,0.0882329611358264,0.1331885630870554,0.4414911926526982,0.4414911926526982,0.4414911926526982,0.4414911926526982,0.0396799999999999,0.03466,0.0345199999999999,0.04497,0,Obama_2012,Romney_2012,,,-1.5436639,-0.358,-0.197,-0.0654499999999999,,,1.46300324,0.287,0.304,0.5462868769074263,0.0654499999999999,0.0,0.0806606600000001,0,0,0,0,0,0,-0.78936308136555,,,-0.0523139983703613,-0.1657659090909091,,47.18231201171875,17.51221466064453,-1.346,0.939,0.2544219398614152,0.2652844574780059,0.2580485778600004,0.2778198576222218,0.2753494828488469,0.05965499999999996
835,2012,AR,0.1406999999999999,0.3784615384615384,0.13821,1.04925109884205,0.989730921822019,-0.0905202781847966,0,4,0.0157,0.021,8.1,1,2952.876,6.0,51.0,51.0,0.0420148577113068,-0.1096653192821242,-0.0616239445827171,-0.064143099606474,0.4220550387113301,0.4220550387113301,0.4220550387113301,0.4220550387113301,0.0362899999999999,0.0298399999999999,-0.0467699999999999,0.10837,0,Obama_2012,Romney_2012,,,-1.5436639,-0.358,-0.197,-0.1406999999999999,,,1.46300324,0.287,0.304,0.6215384615384616,0.1406999999999999,0.0,0.0806606600000001,0,0,0,0,0,0,-1.84585461155395,,,0.084466373576622,0.489375,,30.137731552124023,57.54805374145508,-1.346,0.939,0.5306981992179353,0.4818814102564102,0.4471312504431698,0.51018014076912,0.5895348817917877,0.08724999999999995
836,2012,CA,-0.09955,0.6187050359712231,-0.0862899999999999,1.04925109884205,0.989730921822019,-0.0905202781847966,0,4,0.0157,0.021,8.1,1,37944.551,55.0,51.0,51.0,-0.0869415092202763,-0.0712157988778268,-0.0507283685833604,-0.0734385135325498,0.5510114056429134,0.5510114056429134,0.5510114056429134,0.5510114056429134,-0.0634799999999999,-0.0602,-0.0253999999999999,-0.0260899999999999,0,Obama_2012,Romney_2012,,,-1.5436639,-0.358,-0.197,0.09955,,,1.46300324,0.287,0.304,0.3812949640287769,-0.09955,55.0,0.0806606600000001,0,0,0,0,0,0,2.46537464265216,,,-0.1263176664245605,-0.1377401315789473,,56.40411376953125,71.49246978759766,-1.346,0.939,-0.0905184118098321,-0.2062557205941389,-0.0610873266253828,-0.0950415747329818,-0.1281250403984202,-0.0748849999999999
837,2012,CO,-0.0085,0.5276639344262295,-0.00902,1.04925109884205,0.989730921822019,-0.0905202781847966,0,4,0.0157,0.021,8.1,1,5193.66,9.0,51.0,51.0,-0.0112608587651094,-0.0106168858201227,-0.0350173649805799,-0.0213106338027758,0.4753307551877464,0.4753307551877464,0.4753307551877464,0.4753307551877464,0.0105899999999999,0.04669,0.05435,-0.05571,0,Obama_2012,Romney_2012,,,-1.5436639,-0.358,-0.197,0.0085,,,1.46300324,0.287,0.304,0.4723360655737705,-0.0085,9.0,0.0806606600000001,0,0,0,0,0,0,0.0355043559449609,,,-0.0480948427555084,0.0014055555555555,,46.656551361083984,57.59464645385742,-1.346,0.939,0.0417911450697991,0.195895486935867,0.1157992484722302,0.2447298530375026,0.1895990764458493,0.0007849999999999498
838,2012,CT,-0.0689,0.5880566801619432,-0.0766899999999999,1.04925109884205,0.989730921822019,-0.0905202781847966,0,4,0.0157,0.021,8.1,1,3595.211,7.0,51.0,51.0,-0.1168923488590525,-0.0937735968365774,-0.0702874575699907,-0.0754741579026274,0.5809622452816896,0.5809622452816896,0.5809622452816896,0.5809622452816896,-0.0658199999999999,-0.0907299999999999,-0.0568799999999999,0.01404,0,Obama_2012,Romney_2012,,,-1.5436639,-0.358,-0.197,0.0689,,,1.46300324,0.287,0.304,0.4119433198380567,-0.0689,7.0,0.0806606600000001,0,0,0,0,0,0,2.24245800219523,,,-0.2526708846853638,-0.2526785714285714,,72.14933776855469,66.56366729736328,-1.346,0.939,-0.1848679266260288,-0.0639682899207248,-0.1426871477964275,-0.27579667951552,-0.4142344585469449,-0.0712549999999999
839,2012,DC,-0.4065000000000001,0.9256619144602852,-0.39752,1.04925109884205,0.989730921822019,-0.0905202781847966,0,4,0.0157,0.021,8.1,1,635.737,3.0,51.0,51.0,,,,,,,,,-0.41827,-0.40305,-0.35448,0.00553,0,Obama_2012,Romney_2012,,,-1.5436639,-0.358,-0.197,0.4065000000000001,,,1.46300324,0.287,0.304,0.0743380855397147,-0.4065000000000001,3.0,0.0806606600000001,0,0,0,0,0,0,,,,,,,,,-1.346,0.939,,,,,,-0.407895
840,2012,DE,-0.07516,0.5943204868154158,-0.08989,1.04925109884205,0.989730921822019,-0.0905202781847966,0,4,0.0157,0.021,8.1,1,915.518,3.0,51.0,51.0,-0.1163705939029646,0.1656563662007608,0.1326946225286171,0.1789660997827091,0.5804404903256016,0.5804404903256016,0.5804404903256016,0.5804404903256016,-0.05139,-0.06557,-0.0394799999999999,-0.02432,0,Obama_2012,Romney_2012,,,-1.5436639,-0.358,-0.197,0.07516,,,1.46300324,0.287,0.304,0.4056795131845842,-0.07516,3.0,0.0806606600000001,0,0,1,0,0,0,0.66087774197323,,,-0.1790514330078888,-0.2746666666666666,,62.97541427612305,61.13346862792969,-1.346,0.939,-0.0469543186666667,0.0023864168618266,0.0217099814999999,0.0491587874829007,-0.061331699802278,-0.07064
841,2012,FL,0.0146199999999999,0.5045408678102926,0.02229,1.04925109884205,0.989730921822019,-0.0905202781847966,0,4,0.0157,0.021,8.1,1,19302.016,29.0,51.0,51.0,0.0825306647375904,0.0738430923529872,0.1137947545828271,0.0796155266325859,0.3815392316850465,0.3815392316850465,0.3815392316850465,0.3815392316850465,0.0121699999999999,0.0018799999999999,0.01521,0.02041,0,Obama_2012,Romney_2012,,,-1.5436639,-0.358,-0.197,-0.0146199999999999,,,1.46300324,0.287,0.304,0.4954591321897074,0.0146199999999999,29.0,0.0806606600000001,0,0,0,0,0,0,-0.849894298558905,,,-0.0324586964348602,0.0234220945083014,,44.70808792114258,26.969314575195312,-1.346,0.939,0.180904359807991,0.3128624891209748,0.2410784280047532,0.2425757928487263,0.1641630396319886,0.01722999999999995
842,2012,GA,0.0586299999999999,0.4605263157894737,0.06277,1.04925109884205,0.989730921822019,-0.0905202781847966,0,4,0.0157,0.021,8.1,1,9903.58,16.0,51.0,51.0,0.0831295722000052,0.0407013662744885,0.0864849790006921,0.0942175431283778,0.3809403242226317,0.3809403242226317,0.3809403242226317,0.3809403242226317,0.0704699999999999,0.06167,0.05308,0.0011,0,Obama_2012,Romney_2012,,,-1.5436639,-0.358,-0.197,-0.0586299999999999,,,1.46300324,0.287,0.304,0.5394736842105263,0.0586299999999999,0.0,0.0806606600000001,0,0,0,0,0,0,-1.90405806054576,,,0.0106032011849975,0.1437822916666666,,39.34202575683594,18.96378326416016,-1.346,0.939,0.5261557044508501,0.6970733082706767,0.5205926841950967,0.5863143293771113,0.5714526643063282,0.06661999999999996
843,2012,HI,-0.19832,0.7174796747967479,-0.19345,1.04925109884205,0.989730921822019,-0.0905202781847966,0,4,0.0157,0.021,8.1,1,1395.199,4.0,51.0,51.0,-0.1727618914482248,-0.2458086997365478,-0.1136791474161624,-0.1586754797993993,0.6368317878708618,0.6368317878708618,0.6368317878708618,0.6368317878708618,-0.0571099999999999,-0.0964399999999999,-0.0959999999999999,-0.09701,0,Obama_2012,Romney_2012,,,-1.5436639,-0.358,-0.197,0.19832,,,1.46300324,0.287,0.304,0.2825203252032521,-0.19832,4.0,0.0806606600000001,0,0,0,0,0,0,2.14115171145499,,,-0.2463026459460449,0.03705,,71.35577392578125,69.89939880371094,-1.346,0.939,-0.5656332504727307,-0.344469696969697,-0.435368140871286,-0.4318947614137309,-0.523388733461561,-0.12527999999999995
844,2012,ID,0.1834199999999999,0.3357363542739444,0.16674,1.04925109884205,0.989730921822019,-0.0905202781847966,0,4,0.0157,0.021,8.1,1,1595.91,4.0,51.0,51.0,0.1001282972736125,0.1414629140819448,0.1198705803442019,0.1807235680082317,0.3639415991490244,0.3639415991490244,0.3639415991490244,0.3639415991490244,0.18016,0.21031,0.15475,-0.04357,0,Obama_2012,Romney_2012,,,-1.5436639,-0.358,-0.197,-0.1834199999999999,,,1.46300324,0.287,0.304,0.6642636457260556,0.1834199999999999,0.0,0.0806606600000001,0,0,0,0,0,0,-1.26412491627694,,,0.1085713057826233,0.1461875,,27.13394927978516,22.53520965576172,-1.346,0.939,0.2481705945731867,0.5736418338108883,0.3281764962778869,0.4291538005037156,0.1136306698825177,0.17345
845,2012,IL,-0.0668,0.5859613428280773,-0.0908499999999999,1.04925109884205,0.989730921822019,-0.0905202781847966,0,4,0.0157,0.021,8.1,1,12883.029,20.0,51.0,51.0,-0.0576605778494824,-0.0691330097819838,-0.0425564995806727,-0.0612355624289383,0.5217304742721195,0.5217304742721195,0.5217304742721195,0.5217304742721195,-0.06516,-0.0599699999999999,-0.0492899999999999,-0.03088,0,Obama_2012,Romney_2012,,,-1.5436639,-0.358,-0.197,0.0668,,,1.46300324,0.287,0.304,0.4140386571719227,-0.0668,20.0,0.0806606600000001,1,0,0,0,0,0,0.781752717396724,,,-0.1464193064353943,-0.1453690476190476,,58.90903472900391,68.57622528076172,-1.346,0.939,-0.0712062976304405,-0.0392090476190476,-0.0599033606739077,-0.0939358831475059,-0.106315640177587,-0.07800499999999995
846,2012,IN,0.0711999999999999,0.4479591836734694,0.03127,1.04925109884205,0.989730921822019,-0.0905202781847966,0,4,0.0157,0.021,8.1,1,6538.989,11.0,51.0,51.0,0.0528063964501771,0.020905738177924,0.0426195420825615,0.0599123083107822,0.4112634999724598,0.4112634999724598,0.4112634999724598,0.4112634999724598,0.0911599999999999,0.08188,0.07824,-0.0506099999999999,0,Obama_2012,Romney_2012,,,-1.5436639,-0.358,-0.197,-0.0711999999999999,,,1.46300324,0.287,0.304,0.5520408163265307,0.0711999999999999,0.0,0.0806606600000001,0,0,0,0,0,0,-0.525054753693679,,,0.0271052195648956,0.0387632575757575,,37.28566360473633,23.80533790588379,-1.346,0.939,0.2334867739217479,0.3333803009575923,0.3168522993523268,0.3470650058499128,0.2864604419679664,0.06121499999999995
847,2012,IA,-0.0103699999999999,0.529531568228106,-0.012,1.04925109884205,0.989730921822019,-0.0905202781847966,0,4,0.0157,0.021,8.1,1,3076.844,6.0,51.0,51.0,0.0186235533834497,0.0281224629478411,0.0512572983320935,0.0479728648067915,0.4454463430391873,0.4454463430391873,0.4454463430391873,0.4454463430391873,-0.0097,0.0001999999999999,-0.0105699999999999,-0.0121999999999999,0,Obama_2012,Romney_2012,,,-1.5436639,-0.358,-0.197,0.0103699999999999,,,1.46300324,0.287,0.304,0.470468431771894,-0.0103699999999999,6.0,0.0806606600000001,0,0,0,0,0,0,0.769583149808812,,,0.0006521776410675,-0.0344285714285714,,40.58205032348633,34.77553176879883,-1.346,0.939,0.1639467286827371,0.2431279940119761,0.180604288617624,0.1522993050034959,0.127789890549304,-0.01085
848,2012,KS,0.1302099999999999,0.3889457523029683,0.11261,1.04925109884205,0.989730921822019,-0.0905202781847966,0,4,0.0157,0.021,8.1,1,2886.024,6.0,51.0,51.0,0.121668685158679,0.1439343761401401,0.0911177095452485,0.1311751198473097,0.3424012112639579,0.3424012112639579,0.3424012112639579,0.3424012112639579,0.1155999999999999,0.1109999999999999,0.14748,0.00161,0,Obama_2012,Romney_2012,,,-1.5436639,-0.358,-0.197,-0.1302099999999999,,,1.46300324,0.287,0.304,0.6110542476970318,0.1302099999999999,0.0,0.0806606600000001,0,0,0,0,0,0,-0.902922100186952,,,0.0367575578098297,0.0692916666666666,,36.08285903930664,21.990272521972656,-1.346,0.939,0.810573779035433,0.4995158562367865,0.5689960410984414,0.7142295786738917,1.0057360600490195,0.11410499999999996
849,2012,KY,0.1346199999999999,0.3845371312309257,0.11882,1.04925109884205,0.989730921822019,-0.0905202781847966,0,4,0.0157,0.021,8.1,1,4387.865,8.0,51.0,51.0,0.0892098251108314,0.1056270034934501,0.0408978491370912,0.1077765380959197,0.3748600713118055,0.3748600713118055,0.3748600713118055,0.3748600713118055,0.0870099999999999,0.07911,0.04147,0.03971,0,Obama_2012,Romney_2012,,,-1.5436639,-0.358,-0.197,-0.1346199999999999,,,1.46300324,0.287,0.304,0.6154628687690742,0.1346199999999999,0.0,0.0806606600000001,0,0,0,0,0,0,-0.754796078563941,,,0.0433825428443908,0.1310659722222222,,35.257301330566406,55.062530517578125,-1.346,0.939,0.0726002220280417,0.2189017735334243,0.1792416101339328,0.4188389947712619,0.4631390307333093,0.10291499999999995
850,2012,LA,0.1065599999999999,0.4126016260162602,0.13106,1.04925109884205,0.989730921822019,-0.0905202781847966,0,4,0.0157,0.021,8.1,1,4602.067,8.0,51.0,51.0,0.1486244510177751,0.1477488354702084,0.1888512368826893,0.0996301140570528,0.3154454454048619,0.3154454454048619,0.3154454454048619,0.3154454454048619,0.0602399999999999,0.0412199999999999,-0.0188499999999999,0.08984,0,Obama_2012,Romney_2012,,,-1.5436639,-0.358,-0.197,-0.1065599999999999,,,1.46300324,0.287,0.304,0.5873983739837398,0.1065599999999999,0.0,0.0806606600000001,0,0,0,0,0,0,-0.983012021761105,,,0.0168828476054382,0.2684343434343434,,38.55950164794922,26.6626033782959,-1.346,0.939,0.8451720088245087,0.4530958083832335,0.7511856640314003,0.8603031259206515,0.8715258309012502,0.09564999999999996
851,2012,ME,-0.05946,0.578622816032888,-0.05181,1.04925109884205,0.989730921822019,-0.0905202781847966,0,4,0.0157,0.021,8.1,1,1328.094,4.0,51.0,51.0,-0.0961665626453485,-0.0591066226789365,-0.1457338843444982,-0.1167742362489908,0.5602364590679856,0.5602364590679856,0.5602364590679856,0.5602364590679856,-0.0589,-0.0256499999999999,-0.0798599999999999,-0.02616,0,Obama_2012,Romney_2012,,,-1.5436639,-0.358,-0.197,0.05946,,,1.46300324,0.287,0.304,0.421377183967112,-0.05946,4.0,0.0806606600000001,0,0,0,0,0,0,1.3647977643523,,,-0.2335534949290466,-0.3476249999999999,,69.7670669555664,46.83447647094727,-1.346,0.939,-0.2514018473563217,0.0585896656534954,-0.1916260089383489,-0.1431604514851697,-0.1972160477275774,-0.055355
852,2012,MD,-0.11414,0.6332992849846782,-0.0928099999999999,1.04925109884205,0.989730921822019,-0.0905202781847966,0,4,0.0157,0.021,8.1,1,5888.375,10.0,51.0,51.0,-0.156778530897357,-0.1383345125554504,-0.1310701493070889,-0.1143757229974169,0.620848427319994,0.620848427319994,0.620848427319994,0.620848427319994,-0.07873,-0.0828799999999999,-0.0396199999999999,-0.0099299999999999,0,Obama_2012,Romney_2012,,,-1.5436639,-0.358,-0.197,0.11414,,,1.46300324,0.287,0.304,0.3667007150153217,-0.11414,10.0,0.0806606600000001,0,0,0,0,0,0,1.74827773107409,,,-0.1776514662052154,-0.1187886363636363,,62.80096054077149,70.13958740234375,-1.346,0.939,-0.0431989174835684,-0.0964516640253565,-0.0810338909435517,-0.1076166777109459,-0.0938386942729474,-0.08576999999999996
853,2012,MA,-0.09897,0.6181262729124236,-0.09548,1.04925109884205,0.989730921822019,-0.0905202781847966,0,4,0.0157,0.021,8.1,1,6664.269,11.0,51.0,51.0,-0.1589297355810121,-0.3266858790034316,-0.3547994579270471,-0.3460141469278853,0.6229996320036492,0.6229996320036492,0.6229996320036492,0.6229996320036492,-0.1405,-0.1460599999999999,-0.13964,0.0505799999999999,0,Obama_2012,Romney_2012,,,-1.5436639,-0.358,-0.197,0.09897,,,1.46300324,0.287,0.304,0.3818737270875764,-0.09897,11.0,0.0806606600000001,0,1,0,0,0,0,2.09129958261314,,,-0.2802672389538574,-0.2874198717948718,,75.58819580078125,72.8004379272461,-1.346,0.939,-0.3080711852252252,-0.2223523600439078,-0.1829768883554141,-0.2696048009119314,-0.3956167159960263,-0.11799000000000001
854,2012,MI,-0.02887,0.5480283114256825,-0.0472199999999999,1.04925109884205,0.989730921822019,-0.0905202781847966,0,4,0.0157,0.021,8.1,1,9898.289,16.0,51.0,51.0,0.0056153661936287,0.00567969324289,-0.0053246521884898,-0.0153493903411801,0.4584545302290083,0.4584545302290083,0.4584545302290083,0.4584545302290083,-0.03033,-0.0245199999999999,-0.0264799999999999,-0.0226999999999999,0,Obama_2012,Romney_2012,,,-1.5436639,-0.358,-0.197,0.02887,,,1.46300324,0.287,0.304,0.4519716885743174,-0.02887,16.0,0.0806606600000001,0,0,0,0,0,0,0.203906447729349,,,-0.1012442646621704,-0.0738398692810457,,53.27964782714844,27.97782516479492,-1.346,0.939,0.1422384227707958,0.0487354838709677,0.168030765697465,0.1815514850300057,0.1806596854823429,-0.03877499999999995
855,2012,MN,-0.0202499999999999,0.5394063459570112,-0.0157999999999999,1.04925109884205,0.989730921822019,-0.0905202781847966,0,4,0.0157,0.021,8.1,1,5377.5,10.0,51.0,51.0,0.0535152206494136,0.5491209393157657,0.1715594863653258,0.4795569543324028,0.4105546757732234,0.4105546757732234,0.4105546757732234,0.4105546757732234,-0.03068,-0.0110299999999999,-0.04703,-0.0047699999999999,0,Obama_2012,Romney_2012,,,-1.5436639,-0.358,-0.197,0.0202499999999999,,,1.46300324,0.287,0.304,0.4605936540429888,-0.0202499999999999,10.0,0.0806606600000001,0,0,0,0,0,0,1.02236934428908,,,-0.0698231957009887,-0.01365,,49.36418151855469,50.28391647338867,-1.346,0.939,-0.0321322292314032,-0.0458820556023588,0.1061122122001461,0.0812559023870518,-0.006804722341702,-0.023239999999999948
856,2012,MS,0.0771799999999999,0.4419778002018163,0.10291,1.04925109884205,0.989730921822019,-0.0905202781847966,0,4,0.0157,0.021,8.1,1,2984.599,6.0,51.0,51.0,0.0111359221447974,-0.0320756758208161,0.0756975959567606,0.1426590270392456,0.4529339742778396,0.4529339742778396,0.4529339742778396,0.4529339742778396,0.0861699999999999,0.08788,0.07423,0.0150299999999999,0,Obama_2012,Romney_2012,,,-1.5436639,-0.358,-0.197,-0.0771799999999999,,,1.46300324,0.287,0.304,0.5580221997981837,0.0771799999999999,0.0,0.0806606600000001,0,0,0,0,0,0,-2.27293242446874,,,-0.039784705692749,0.40415625,,45.621002197265625,33.0758171081543,-1.346,0.939,0.4680025501930502,0.6895116279069767,0.3556494032936877,0.61749653808935,0.7028020040173774,0.09453999999999996
857,2012,MO,0.0670199999999999,0.4521384928716904,0.03717,1.04925109884205,0.989730921822019,-0.0905202781847966,0,4,0.0157,0.021,8.1,1,6026.027,10.0,51.0,51.0,0.0731667377910277,0.0307796420318726,0.050735224282605,0.0247615938266755,0.3909031586316093,0.3909031586316093,0.3909031586316093,0.3909031586316093,0.0231299999999999,0.01895,0.01129,0.01822,0,Obama_2012,Romney_2012,,,-1.5436639,-0.358,-0.197,-0.0670199999999999,,,1.46300324,0.287,0.304,0.5478615071283095,0.0670199999999999,0.0,0.0806606600000001,0,0,0,0,0,0,-0.792490358868802,,,-0.0422720253518676,0.1520681818181818,,45.93095397949219,47.12830352783203,-1.346,0.939,0.318174189189097,0.2088743199129488,0.3554984346557372,0.3927945066113968,0.3413883583082055,0.03014999999999995
858,2012,MT,0.0897099999999999,0.4294541709577754,0.04818,1.04925109884205,0.989730921822019,-0.0905202781847966,0,4,0.0157,0.021,8.1,1,1004.168,3.0,51.0,51.0,0.1050120427497384,0.2133543587817432,0.1375077535487681,0.1422577387060853,0.3590578536728985,0.3590578536728985,0.3590578536728985,0.3590578536728985,0.0919299999999999,0.13839,0.06363,-0.09021,0,Obama_2012,Romney_2012,,,-1.5436639,-0.358,-0.197,-0.0897099999999999,,,1.46300324,0.287,0.304,0.5705458290422245,0.0897099999999999,0.0,0.0806606600000001,0,0,0,0,0,0,0.297028588806998,,,-0.1174093628411102,0.146,,55.29402542114258,47.77313995361328,-1.346,0.939,0.4120195583932878,0.2070099800399201,0.3991516525139515,0.3962077902484108,0.4377730340777236,0.07005499999999995
859,2012,NE,0.1306099999999999,0.3885480572597137,0.11258,1.04925109884205,0.989730921822019,-0.0905202781847966,0,4,0.0157,0.021,8.1,1,1853.691,5.0,51.0,51.0,0.1686433749730441,0.2075092766599424,0.0973718897291957,0.1702336932424767,0.2954265214495929,0.2954265214495929,0.2954265214495929,0.2954265214495929,0.1553999999999999,0.1536199999999999,0.15231,-0.0410399999999999,0,Obama_2012,Romney_2012,,,-1.5436639,-0.358,-0.197,-0.1306099999999999,,,1.46300324,0.287,0.304,0.6114519427402862,0.1306099999999999,0.0,0.0806606600000001,0,0,0,0,0,0,-0.304031154874485,,,0.0270679030352783,0.1057499999999999,,37.290313720703125,31.55810165405273,-1.346,0.939,0.2904840650310654,0.3451953125,0.3467455539441041,0.5633024672503448,0.5401625011673563,0.13398999999999994
860,2012,NV,-0.01499,0.5341488277268094,-0.0273799999999999,1.04925109884205,0.989730921822019,-0.0905202781847966,0,4,0.0157,0.021,8.1,1,2744.67,6.0,51.0,51.0,-0.0066545068688126,0.0052543633490265,0.011615241490036,0.0370684534518306,0.4707244032914497,0.4707244032914497,0.4707244032914497,0.4707244032914497,0.0001099999999999,0.0203999999999999,0.0408899999999999,-0.0477799999999999,0,Obama_2012,Romney_2012,,,-1.5436639,-0.358,-0.197,0.01499,,,1.46300324,0.287,0.304,0.4658511722731906,-0.01499,6.0,0.0806606600000001,0,0,0,0,0,0,-0.0909642191270018,,,-0.0546332865027618,-0.12665,,47.4713249206543,43.578086853027344,-1.346,0.939,0.1912181572087483,0.1681383285302593,0.2977263185319104,0.3174221122551955,0.2309359231255229,-0.013635000000000001
861,2012,NH,-0.0093,0.5284552845528455,-0.0121999999999999,1.04925109884205,0.989730921822019,-0.0905202781847966,0,4,0.0157,0.021,8.1,1,1324.677,4.0,51.0,51.0,-0.0014592706695668,-0.0041204720021388,0.0119212704944714,0.0987992103641762,0.4655291670922038,0.4655291670922038,0.4655291670922038,0.4655291670922038,-0.01997,0.00851,-0.0093499999999999,-0.02071,0,Obama_2012,Romney_2012,,,-1.5436639,-0.358,-0.197,0.0093,,,1.46300324,0.287,0.304,0.4715447154471545,-0.0093,4.0,0.0806606600000001,0,0,0,0,0,0,0.604137380885136,,,-0.0820471907987213,-0.3900625,,50.88744735717773,46.939971923828125,-1.346,0.939,-0.1352400562043796,0.0587591240875912,-0.0665450283645457,0.0450213852072084,-0.1322833986928104,-0.01608499999999995
862,2012,NJ,-0.07074,0.5898989898989899,-0.0421599999999999,1.04925109884205,0.989730921822019,-0.0905202781847966,0,4,0.0157,0.021,8.1,1,8845.671,14.0,51.0,51.0,-0.0285818887207431,-0.0175735014481909,-0.0353946985468716,-0.0523646716854651,0.4926517851433802,0.4926517851433802,0.4926517851433802,0.4926517851433802,-0.04678,-0.08028,-0.05291,0.03812,0,Obama_2012,Romney_2012,,,-1.5436639,-0.358,-0.197,0.07074,,,1.46300324,0.287,0.304,0.4101010101010101,-0.07074,14.0,0.0806606600000001,0,0,0,0,0,0,2.24501306417333,,,-0.1501458471244048,-0.2132405024509804,,59.37340927124024,52.22249984741211,-1.346,0.939,-0.1094473576688399,-0.0558560450819672,-0.0288471515086666,-0.0652865656674159,-0.1429791067739222,-0.044469999999999954
863,2012,NM,-0.03408,0.5532359081419624,-0.0401599999999999,1.04925109884205,0.989730921822019,-0.0905202781847966,0,4,0.0157,0.021,8.1,1,2087.715,5.0,51.0,51.0,-0.0517525860671266,-0.038291585195361,-0.0214499830522493,-0.0386838007453197,0.5158224824897637,0.5158224824897637,0.5158224824897637,0.5158224824897637,-0.00907,0.00151,0.0065199999999999,-0.0416699999999999,0,Obama_2012,Romney_2012,,,-1.5436639,-0.358,-0.197,0.03408,,,1.46300324,0.287,0.304,0.4467640918580375,-0.03408,5.0,0.0806606600000001,0,0,0,0,0,0,1.14435068494923,,,-0.1025530983158111,0.04985,,53.44274520874024,43.47837066650391,-1.346,0.939,-0.063129195104878,-0.0528539877300613,-0.0187076058857723,0.0170186436053448,-0.117512079455977,-0.02461499999999995
864,2012,NY,-0.12384,0.6430020283975659,-0.0992799999999999,1.04925109884205,0.989730921822019,-0.0905202781847966,0,4,0.0157,0.021,8.1,1,19574.362,29.0,51.0,51.0,-0.1531897356660354,-0.140867175787078,-0.1494586711238997,-0.1305508475140909,0.6172596320886724,0.6172596320886724,0.6172596320886724,0.6172596320886724,-0.1059499999999999,-0.12905,-0.11341,0.02977,0,Obama_2012,Romney_2012,,,-1.5436639,-0.358,-0.197,0.12384,,,1.46300324,0.287,0.304,0.356997971602434,-0.12384,29.0,0.0806606600000001,0,0,0,0,0,0,2.42999852629418,,,-0.1609186302426147,-0.1379912512218964,,60.71583557128906,64.78417205810547,-1.346,0.939,-0.2528655507815117,-0.0629243309750845,-0.2051160973928603,-0.2577749314751362,-0.3159509546039795,-0.1026149999999999
865,2012,NC,0.0292799999999999,0.4898785425101215,0.03483,1.04925109884205,0.989730921822019,-0.0905202781847966,0,4,0.0157,0.021,8.1,1,9751.81,15.0,51.0,51.0,0.008725672844006,0.0023499796562457,0.007636806195607,-0.0097095110447805,0.4553442235786309,0.4553442235786309,0.4553442235786309,0.4553442235786309,0.0493499999999999,0.0664699999999999,0.07206,-0.0316399999999999,0,Obama_2012,Romney_2012,,,-1.5436639,-0.358,-0.197,-0.0292799999999999,,,1.46300324,0.287,0.304,0.5101214574898785,0.0292799999999999,0.0,0.0806606600000001,0,0,0,0,0,0,-1.54020349279688,,,-0.0013580169724273,0.0996333333333333,,40.83254623413086,46.06940078735352,-1.346,0.939,0.1639411218427131,0.2526806842480399,0.2278849215415527,0.1537622190699747,0.0556108278980432,0.04208999999999995
866,2012,ND,0.1201899999999999,0.3989690721649485,0.08058,1.04925109884205,0.989730921822019,-0.0905202781847966,0,4,0.0157,0.021,8.1,1,702.227,3.0,51.0,51.0,0.0132778306202472,-0.0706201146233677,-0.1200483621077258,-0.1160725861644859,0.4507920658023897,0.4507920658023897,0.4507920658023897,0.4507920658023897,0.1260199999999999,0.1491,0.08587,-0.0685199999999999,0,Obama_2012,Romney_2012,,,-1.5436639,-0.358,-0.197,-0.1201899999999999,,,1.46300324,0.287,0.304,0.6010309278350515,0.1201899999999999,0.0,0.0806606600000001,0,0,0,0,0,0,-1.5069646436195,,,-0.0599766217050933,0.3734166666666667,,48.13717269897461,32.97283935546875,-1.346,0.939,0.5189695124758015,0.4211447963800905,0.544822928363662,0.4239963286358372,0.26680218163742,0.10329999999999995
867,2012,OH,0.0039199999999999,0.5152439024390244,0.0131499999999999,1.04925109884205,0.989730921822019,-0.0905202781847966,0,4,0.0157,0.021,8.1,1,11550.971,18.0,51.0,51.0,0.0243783632121322,0.024270402214315,0.0100156737560155,-0.0073243667808778,0.4396915332105048,0.4396915332105048,0.4396915332105048,0.4396915332105048,-0.00248,0.0200099999999999,0.01079,-0.0068599999999999,0,Obama_2012,Romney_2012,,,-1.5436639,-0.358,-0.197,-0.0039199999999999,,,1.46300324,0.287,0.304,0.4847560975609756,0.0039199999999999,18.0,0.0806606600000001,0,0,0,0,0,0,-0.0275100492587007,,,-0.0630504139437103,0.0243349025974026,,48.520206451416016,28.53730010986328,-1.346,0.939,0.132765566295487,0.1619026548672566,0.2044713247487731,0.2513753633146612,0.2246248804831257,0.00533499999999995
868,2012,OK,0.1871599999999999,0.332,0.19294,1.04925109884205,0.989730921822019,-0.0905202781847966,0,4,0.0157,0.021,8.1,1,3819.32,7.0,51.0,51.0,0.1647343343610049,0.1635478325220277,0.1182081418275459,0.1717959426098765,0.2993355620616321,0.2993355620616321,0.2993355620616321,0.2993355620616321,0.1426299999999999,0.11264,0.09077,0.0802999999999999,0,Obama_2012,Romney_2012,,,-1.5436639,-0.358,-0.197,-0.1871599999999999,,,1.46300324,0.287,0.304,0.6679999999999999,0.1871599999999999,0.0,0.0806606600000001,0,0,0,0,0,0,-1.18018316755137,,,0.2181232693411255,0.3228928571428571,,13.482376098632812,23.68376922607422,-1.346,0.939,0.4932172711875,0.6352255319148937,0.6103241624506831,0.6936382823810995,0.5406442828441649,0.16778499999999996
869,2012,OR,-0.04308,0.562240663900415,-0.0476499999999999,1.04925109884205,0.989730921822019,-0.0905202781847966,0,4,0.0157,0.021,8.1,1,3900.102,7.0,51.0,51.0,-0.0633910206242625,-0.1547560628532578,-0.0419715014572316,-0.0759354976574899,0.5274609170468996,0.5274609170468996,0.5274609170468996,0.5274609170468996,-0.03416,-0.00053,-0.00017,-0.0471199999999999,0,Obama_2012,Romney_2012,,,-1.5436639,-0.358,-0.197,0.04308,,,1.46300324,0.287,0.304,0.4377593360995849,-0.04308,7.0,0.0806606600000001,0,0,0,0,0,0,1.39729847923748,,,-0.1343506999384308,-0.2332276785714285,,57.40513229370117,61.70068359375,-1.346,0.939,0.1583056721861472,0.0348888888888888,0.1636131586958874,0.0415741202704402,-0.0301364586053799,-0.040904999999999955
870,2012,PA,-0.00822,0.5273833671399595,-0.0158099999999999,1.04925109884205,0.989730921822019,-0.0905202781847966,0,4,0.0157,0.021,8.1,1,12769.123,20.0,51.0,51.0,-0.0165315416011131,-0.0109508103395089,-0.0259695114264091,-0.0118338290331447,0.4806014380237502,0.4806014380237502,0.4806014380237502,0.4806014380237502,-0.02565,-0.01965,-0.00485,0.00384,0,Obama_2012,Romney_2012,,,-1.5436639,-0.358,-0.197,0.00822,,,1.46300324,0.287,0.304,0.4726166328600405,-0.00822,20.0,0.0806606600000001,0,0,0,0,0,0,0.373231483577386,,,-0.0637370197212219,0.1407675983436853,,48.60576629638672,35.15764617919922,-1.346,0.939,0.0630306583565782,0.0978540609137055,0.0908465819870913,0.1144182113614246,0.0710526043071131,-0.02072999999999995
871,2012,RI,-0.12129,0.6404494382022472,-0.1054899999999999,1.04925109884205,0.989730921822019,-0.0905202781847966,0,4,0.0157,0.021,8.1,1,1054.893,4.0,51.0,51.0,-0.1298973909355964,-0.1697216027549989,-0.3268768211094091,-0.23248542431716,0.5939672873582335,0.5939672873582335,0.5939672873582335,0.5939672873582335,-0.11885,-0.15466,-0.1432799999999999,0.04917,0,Obama_2012,Romney_2012,,,-1.5436639,-0.358,-0.197,0.12129,,,1.46300324,0.287,0.304,0.3595505617977528,-0.12129,4.0,0.0806606600000001,0,0,0,0,0,0,1.92530308787586,,,-0.3110797331744385,-0.1220624999999999,,79.42782592773438,63.97796630859375,-1.346,0.939,-0.2022835696875,-0.2255862484921592,-0.11232289328125,-0.1425324850832679,-0.2465592053702253,-0.11216999999999995
872,2012,SC,0.0723499999999999,0.4468085106382978,0.08193,1.04925109884205,0.989730921822019,-0.0905202781847966,0,4,0.0157,0.021,8.1,1,4719.027,9.0,51.0,51.0,0.0479452734782921,0.0545462977433314,0.0959221927695802,0.1319843163744034,0.4161246229443448,0.4161246229443448,0.4161246229443448,0.4161246229443448,0.0732799999999999,0.0833599999999999,0.07897,-0.0014299999999999,0,Obama_2012,Romney_2012,,,-1.5436639,-0.358,-0.197,-0.0723499999999999,,,1.46300324,0.287,0.304,0.5531914893617021,0.0723499999999999,0.0,0.0806606600000001,0,0,0,0,0,0,-1.96421422633144,,,0.0402919137794494,0.0295625,,35.642433166503906,18.486665725708008,-1.346,0.939,0.1215390341404716,0.4403433257918551,0.296327940494081,0.4700943428136022,0.4239804763642973,0.07760499999999995
873,2012,SD,0.1111799999999999,0.4079754601226994,0.07945,1.04925109884205,0.989730921822019,-0.0905202781847966,0,4,0.0157,0.021,8.1,1,833.859,3.0,51.0,51.0,-0.0240849661777652,-0.126436504214301,-0.165181784972156,-0.0579617959908785,0.4881548626004022,0.4881548626004022,0.4881548626004022,0.4881548626004022,0.0960599999999999,0.1179799999999999,0.0661,-0.0385299999999999,0,Obama_2012,Romney_2012,,,-1.5436639,-0.358,-0.197,-0.1111799999999999,,,1.46300324,0.287,0.304,0.5920245398773005,0.1111799999999999,0.0,0.0806606600000001,0,0,0,0,0,0,-1.19739377177784,,,-0.0477621776797485,0.2719166666666666,,46.61509704589844,29.50201416015625,-1.346,0.939,0.4039105546052631,0.6639589743589744,0.2845476728289473,0.630033050757693,0.4307355,0.08775499999999994
874,2012,TN,0.1226099999999999,0.396551724137931,0.1128,1.04925109884205,0.989730921822019,-0.0905202781847966,0,4,0.0157,0.021,8.1,1,6455.752,11.0,51.0,51.0,0.1022329387751615,-0.0010040135766947,0.0182905261887291,0.0089402029939192,0.3618369576474755,0.3618369576474755,0.3618369576474755,0.3618369576474755,0.05878,0.0214599999999999,0.0338899999999999,0.09134,0,Obama_2012,Romney_2012,,,-1.5436639,-0.358,-0.197,-0.1226099999999999,,,1.46300324,0.287,0.304,0.603448275862069,0.1226099999999999,0.0,0.0806606600000001,0,0,0,0,0,0,-1.00077064446758,,,0.022751859138031,0.0615,,37.8281478881836,24.11133575439453,-1.346,0.939,0.5307392109792549,0.4903078758949881,0.604150232959096,0.6290458686958758,0.5500234995718483,0.08579
875,2012,TX,0.0992799999999999,0.4198782961460446,0.09585,1.04925109884205,0.989730921822019,-0.0905202781847966,0,4,0.0157,0.021,8.1,1,26084.12,38.0,51.0,51.0,0.1424114104966237,0.1343544979164952,0.0806259613528067,0.0766692516224983,0.3216584859260133,0.3216584859260133,0.3216584859260133,0.3216584859260133,0.1020299999999999,0.1113899999999999,0.07337,-0.0155399999999999,0,Obama_2012,Romney_2012,,,-1.5436639,-0.358,-0.197,-0.0992799999999999,,,1.46300324,0.287,0.304,0.5801217038539555,0.0992799999999999,0.0,0.0806606600000001,0,0,0,0,0,0,-0.884552425901179,,,0.0208933490235138,0.1764411764705882,,38.05974197387695,22.23943328857422,-1.346,0.939,0.4105996352843314,0.4303456419063976,0.4230127821700539,0.562432578311745,0.4780729129965091,0.09893999999999994
876,2012,UT,0.2650599999999999,0.2540983606557377,0.18175,1.04925109884205,0.989730921822019,-0.0905202781847966,0,4,0.0157,0.021,8.1,1,2854.146,6.0,51.0,51.0,0.1058390874174581,0.1104770157707974,0.0812392463416484,0.069562294280772,0.3582308090051789,0.3582308090051789,0.3582308090051789,0.3582308090051789,0.2203899999999999,0.21909,0.16695,-0.0373399999999999,0,Obama_2012,Romney_2012,,,-1.5436639,-0.358,-0.197,-0.2650599999999999,,,1.46300324,0.287,0.304,0.7459016393442623,0.2650599999999999,0.0,0.0806606600000001,0,0,0,0,0,0,-1.14574859491129,,,0.1911829390510559,0.0641,,16.83948516845703,18.624244689941406,-1.346,0.939,0.4659193703252032,0.4999844559585491,0.4962789244579946,0.4908666722137194,0.456115382237154,0.20106999999999994
877,2012,VT,-0.16322,0.6823770491803279,-0.1524999999999999,1.04925109884205,0.989730921822019,-0.0905202781847966,0,4,0.0157,0.021,8.1,1,626.361,3.0,51.0,51.0,-0.2043328135409495,-0.4508790606842343,-0.0076163208772686,0.2535760257721402,0.6684027099635865,0.6684027099635865,0.6684027099635865,0.6684027099635865,-0.11608,-0.05257,-0.0850699999999999,-0.0999299999999999,0,Obama_2012,Romney_2012,,,-1.5436639,-0.358,-0.197,0.16322,,,1.46300324,0.287,0.304,0.317622950819672,-0.16322,3.0,0.0806606600000001,0,0,0,0,0,0,1.78477589689865,,,-0.3784485283851623,-0.3105,,87.82283782958984,69.36619567871094,-1.346,0.939,-0.3371613328571428,-0.2705411764705882,-0.290212074017857,-0.5659650993847485,-0.8847021149836164,-0.13428999999999996
878,2012,VA,-0.00064,0.5197969543147208,0.0046599999999999,1.04925109884205,0.989730921822019,-0.0905202781847966,0,4,0.0157,0.021,8.1,1,8187.456,13.0,51.0,51.0,0.0296287759647342,0.0110633085793728,0.1002795430455173,0.1193570816994569,0.4344411204579027,0.4344411204579027,0.4344411204579027,0.4344411204579027,0.0282699999999999,0.0433,0.05737,-0.03864,0,Obama_2012,Romney_2012,,,-1.5436639,-0.358,-0.197,0.00064,,,1.46300324,0.287,0.304,0.4802030456852791,-0.00064,13.0,0.0806606600000001,0,0,0,0,0,0,-0.972171986078307,,,-0.0384920047799682,0.0237527472527472,,45.45991516113281,31.527603149414062,-1.346,0.939,0.0809871925269456,0.3376377737226277,0.2120313294063376,0.1143214330128219,0.0651161008590384,0.0164649999999999
879,2012,WA,-0.05725,0.5764102564102564,-0.05103,1.04925109884205,0.989730921822019,-0.0905202781847966,0,4,0.0157,0.021,8.1,1,6898.599,12.0,51.0,51.0,-0.0691040401509412,-0.0428632443914901,-0.0724692880611879,-0.1153416568875905,0.5331739365735783,0.5331739365735783,0.5331739365735783,0.5331739365735783,-0.04954,-0.0276199999999999,-0.0251899999999999,-0.02341,0,Obama_2012,Romney_2012,,,-1.5436639,-0.358,-0.197,0.05725,,,1.46300324,0.287,0.304,0.4235897435897435,-0.05725,12.0,0.0806606600000001,0,0,0,0,0,0,1.42550214166911,,,-0.079953301852188,-0.0409810606060606,,50.62652206420898,65.03197479248047,-1.346,0.939,-0.0267973719273346,-0.0460959302325581,0.0399231484766771,0.0274324655384909,-0.0320657789141673,-0.050284999999999996
880,2012,WV,0.1561699999999999,0.3629856850715746,0.10323,1.04925109884205,0.989730921822019,-0.0905202781847966,0,4,0.0157,0.021,8.1,1,1857.446,5.0,51.0,51.0,0.0181151696630439,-0.1203330855426972,-0.0434379279357343,-0.0986362926840411,0.4459547267595931,0.4459547267595931,0.4459547267595931,0.4459547267595931,0.05173,0.03425,-0.0367899999999999,0.06898,0,Obama_2012,Romney_2012,,,-1.5436639,-0.358,-0.197,-0.1561699999999999,,,1.46300324,0.287,0.304,0.6370143149284253,0.1561699999999999,0.0,0.0806606600000001,0,0,0,0,0,0,-0.163009166643359,,,-0.0948197603105163,0.3693785714285714,,52.47907257080078,61.36820983886719,-1.346,0.939,0.0972578868773945,0.1014577656675749,0.1610997764436233,0.2273643167620198,0.1763697379730748,0.07748
881,2012,WI,-0.01579,0.5349544072948328,-0.0340699999999999,1.04925109884205,0.989730921822019,-0.0905202781847966,0,4,0.0157,0.021,8.1,1,5720.825,10.0,51.0,51.0,0.0180200715514473,0.0287056560927129,0.0457875648062492,-0.018209431686723,0.4460498248711896,0.4460498248711896,0.4460498248711896,0.4460498248711896,-0.01499,0.00068,-0.0124299999999999,-0.0347499999999999,0,Obama_2012,Romney_2012,,,-1.5436639,-0.358,-0.197,0.01579,,,1.46300324,0.287,0.304,0.4650455927051672,-0.01579,10.0,0.0806606600000001,0,0,0,1,0,0,0.848376730891716,,,-0.0661662676357269,-0.3021,,48.90848159790039,26.27243423461914,-1.346,0.939,-0.0416238991259885,0.0790553398058252,0.0924601929972413,0.1575578465266039,0.0656087476676544,-0.024529999999999948
882,2012,WY,0.2307799999999999,0.2883817427385892,0.20211,1.04925109884205,0.989730921822019,-0.0905202781847966,0,4,0.0157,0.021,8.1,1,576.656,3.0,51.0,51.0,0.2061188286715929,0.1005616835111926,0.0394794724961172,0.0487481510785768,0.2579510677510441,0.2579510677510441,0.2579510677510441,0.2579510677510441,0.1900599999999999,0.21165,0.12164,-0.0095399999999999,0,Obama_2012,Romney_2012,,,-1.5436639,-0.358,-0.197,-0.2307799999999999,,,1.46300324,0.287,0.304,0.7116182572614108,0.2307799999999999,0.0,0.0806606600000001,0,0,0,0,0,0,-1.1281651631459,,,0.1329440659768295,0.0870416666666666,,24.096792221069336,20.556671142578125,-1.346,0.939,0.6164875515151514,0.6576486486486486,0.6115711484848485,0.747708527255974,0.8316381293275434,0.19608499999999995
883,2012,USA,0.0,0.5191638180247842,0.0,1.04925109884205,0.989730921822019,-0.0905202781847966,0,4,0.0157,0.021,8.1,1,,,51.0,51.0,,,,,0.464069896422637,0.464069896422637,0.464069896422637,0.464069896422637,0.0,0.0,0.0,0.0,0,Obama_2012,Romney_2012,,,-1.5436639,-0.358,-0.197,-0.0,,,1.46300324,0.287,0.304,0.4808361819752158,0.0,,0.0806606600000001,0,0,0,0,0,0,,,,,,,,,-1.346,0.939,,,,,,0.0
884,2016,AL,0.1539999999999999,0.356283699709664,0.1312799999999999,1.01615378056233,1.01836720060252,-0.0351720775219551,0,8,0.02,0.013,4.9,0,4866.824,9.0,,57.0,0.1440023094491327,0.1423938426491569,0.1498683278034209,0.1585491363722065,0.3201437425757287,0.3201437425757287,0.3201437425757287,0.3201437425757287,0.1454,0.1159099999999999,0.0779,0.0153699999999999,0,ClintonH_2016,Trump_2016,,,,-0.367,-0.243,-0.1539999999999999,,,,0.403,0.162,0.6437163002903359,0.1539999999999999,0.0,,0,0,0,0,0,0,,,,0.0194402390744781,0.3591805555555555,,38.24081802368164,24.830230712890625,-1.223,1.61,0.592984510560748,0.4686628701594533,0.5800398453953566,0.5328680411346056,0.4857346073615504,0.13833999999999996
885,2016,AK,0.0941399999999999,0.416144825230559,0.0923799999999999,1.01615378056233,1.01836720060252,-0.0351720775219551,0,8,0.02,0.013,4.9,0,742.575,3.0,,57.0,0.0185255771712604,0.1930840086840886,0.157314688706917,0.0762835501370287,0.445620474853601,0.445620474853601,0.445620474853601,0.445620474853601,0.14714,0.1191899999999999,0.1811999999999999,-0.02681,0,ClintonH_2016,Trump_2016,,,,-0.367,-0.243,-0.0941399999999999,,,,0.403,0.162,0.5838551747694409,0.0941399999999999,0.0,,0,0,0,0,0,0,,,,-0.0800013633382416,-0.0506666666666666,,50.632511138916016,41.92032241821289,-1.223,1.61,0.4497117583333332,0.2765652173913043,0.2432234574227149,0.1466565782331984,0.2721275766588041,0.11975999999999995
886,2016,AZ,0.0291699999999999,0.4811137491905892,0.0654499999999999,1.01615378056233,1.01836720060252,-0.0351720775219551,0,8,0.02,0.013,4.9,0,6944.767,11.0,,57.0,0.0498829575470744,0.0466761220082135,0.0225787037699388,0.0410551380531417,0.4142630944777871,0.4142630944777871,0.4142630944777871,0.4142630944777871,0.07963,0.0396799999999999,0.03466,0.0257699999999999,0,ClintonH_2016,Trump_2016,,,,-0.367,-0.243,-0.0291699999999999,,,,0.403,0.162,0.5188862508094108,0.0291699999999999,0.0,,0,0,0,0,0,0,,,,-0.0301116734576415,-0.1837340909090909,,44.415618896484375,20.845312118530277,-1.223,1.61,0.0897343139476929,0.2390624999999999,0.1692319449331057,0.2494308092910824,0.1424038202280534,0.07253999999999995
887,2016,AR,0.1531399999999999,0.3571428571428571,0.1406999999999999,1.01615378056233,1.01836720060252,-0.0351720775219551,0,8,0.02,0.013,4.9,0,2991.815,6.0,,57.0,0.1308489124195476,0.1788447625713357,0.0420148577113068,-0.1096653192821242,0.3332971396053139,0.3332971396053139,0.3332971396053139,0.3332971396053139,0.13821,0.0362899999999999,0.0298399999999999,0.1044099999999999,0,ClintonH_2016,Trump_2016,,,,-0.367,-0.243,-0.1531399999999999,,,,0.403,0.162,0.6428571428571428,0.1531399999999999,0.0,,0,0,0,0,0,0,,,,-0.010002441568756,0.4377500000000001,,41.90975189208984,26.676727294921875,-1.223,1.61,0.6016844393704379,0.6548923076923077,0.5974976131585469,0.6863516801762757,0.7506787864478811,0.13945499999999994
888,2016,CA,-0.15099,0.6612747723620782,-0.09955,1.01615378056233,1.01836720060252,-0.0351720775219551,0,8,0.02,0.013,4.9,0,39149.186,55.0,,57.0,-0.1154344402115633,-0.1177961219174937,-0.0869415092202763,-0.0712157988778268,0.5795804922364248,0.5795804922364248,0.5795804922364248,0.5795804922364248,-0.0862899999999999,-0.0634799999999999,-0.0602,-0.03607,0,ClintonH_2016,Trump_2016,,,,-0.367,-0.243,0.15099,,,,0.403,0.162,0.3387252276379218,-0.15099,55.0,,0,0,0,0,0,0,,,,-0.1886691486154175,-0.1331639752791068,,64.17390441894531,69.94773864746094,-1.223,1.61,-0.1422979117945703,-0.2867729556875285,-0.1171602254380442,-0.1681377040964728,-0.2101854159447611,-0.09291999999999995
889,2016,CO,-0.01658,0.5268570178317471,-0.0085,1.01615378056233,1.01836720060252,-0.0351720775219551,0,8,0.02,0.013,4.9,0,5543.844,9.0,,57.0,-0.0193870629892817,0.0165644110350952,-0.0112608587651094,-0.0106168858201227,0.4835331150141432,0.4835331150141432,0.4835331150141432,0.4835331150141432,-0.00902,0.0105899999999999,0.04669,-0.01909,0,ClintonH_2016,Trump_2016,,,,-0.367,-0.243,0.01658,,,,0.403,0.162,0.4731429821682529,-0.01658,9.0,,0,0,0,0,0,0,,,,-0.0942093488252258,-0.10515,,52.40300750732422,53.65854644775391,-1.223,1.61,0.2462967996087058,0.0893844189016602,0.3285855271647566,0.3339806058579647,0.2892524779357564,-0.00876
890,2016,CT,-0.06113,0.571413612565445,-0.0689,1.01615378056233,1.01836720060252,-0.0351720775219551,0,8,0.02,0.013,4.9,0,3579.83,7.0,,57.0,-0.1287441173055808,-0.1409529822969826,-0.1168923488590525,-0.0937735968365774,0.5928901693304424,0.5928901693304424,0.5928901693304424,0.5928901693304424,-0.0766899999999999,-0.0658199999999999,-0.0907299999999999,-0.00308,0,ClintonH_2016,Trump_2016,,,,-0.367,-0.243,0.06113,,,,0.403,0.162,0.428586387434555,-0.06113,7.0,,0,0,0,0,0,0,,,,-0.4521062761894225,-0.1387142857142857,,97.00153350830078,66.10417175292969,-1.223,1.61,-0.1148269061777452,-0.0539139784946236,-0.0666901106434134,-0.1138447424640383,-0.1869365355014619,-0.07279499999999994
891,2016,DC,-0.44664,0.9569246972090574,-0.4065000000000001,1.01615378056233,1.01836720060252,-0.0351720775219551,0,8,0.02,0.013,4.9,0,687.576,3.0,,57.0,,,,,,,,,-0.39752,-0.41827,-0.40305,0.0117699999999999,0,ClintonH_2016,Trump_2016,,,,-0.367,-0.243,0.44664,,,,0.403,0.162,0.0430753027909426,-0.44664,3.0,,0,0,0,0,0,0,,,,,,,,,-1.223,1.61,,,,,,-0.40201000000000003
892,2016,DE,-0.04968,0.5599620293218015,-0.07516,1.01615378056233,1.01836720060252,-0.0351720775219551,0,8,0.02,0.013,4.9,0,949.989,3.0,,57.0,-0.1529980641277844,-0.1559995643954096,-0.1163705939029646,0.1656563662007608,0.617144116152646,0.617144116152646,0.617144116152646,0.617144116152646,-0.08989,-0.05139,-0.06557,-0.0237699999999999,0,ClintonH_2016,Trump_2016,,,,-0.367,-0.243,0.04968,,,,0.403,0.162,0.4400379706781985,-0.04968,3.0,,0,0,0,0,0,0,,,,-0.2390037286723327,-0.21,,70.44623565673828,60.51120376586914,-1.223,1.61,0.0551140955555555,0.0064954128440367,0.0045146254444443,0.0116124452534661,-0.0277529021558872,-0.082525
893,2016,FL,0.0164799999999999,0.4938042131350681,0.0146199999999999,1.01615378056233,1.01836720060252,-0.0351720775219551,0,8,0.02,0.013,4.9,0,20627.237,29.0,,57.0,0.0243047281493937,0.032324039156891,0.0825306647375904,0.0738430923529872,0.4398413238754678,0.4398413238754678,0.4398413238754678,0.4398413238754678,0.02229,0.0121699999999999,0.0018799999999999,0.00245,0,ClintonH_2016,Trump_2016,,,,-0.367,-0.243,-0.0164799999999999,,,,0.403,0.162,0.5061957868649318,0.0164799999999999,0.0,,0,0,0,0,0,0,,,,-0.0915614976802062,-0.0035016788200881,,52.07305145263672,26.936622619628903,-1.223,1.61,0.209005216084477,0.2775938337801608,0.2093032269431454,0.2031573343644753,0.2189008736755779,0.01845499999999995
894,2016,GA,0.0368899999999999,0.4733948760502022,0.0586299999999999,1.01615378056233,1.01836720060252,-0.0351720775219551,0,8,0.02,0.013,4.9,0,10308.442,16.0,,57.0,0.049317540120177,0.0944645634455869,0.0831295722000052,0.0407013662744885,0.4148285119046844,0.4148285119046844,0.4148285119046844,0.4148285119046844,0.06277,0.0704699999999999,0.06167,-0.01184,0,ClintonH_2016,Trump_2016,,,,-0.367,-0.243,-0.0368899999999999,,,,0.403,0.162,0.5266051239497977,0.0368899999999999,0.0,,0,0,0,0,0,0,,,,-0.0571723411373138,0.0958927083333333,,47.787723541259766,18.11284637451172,-1.223,1.61,0.770133819989741,0.6094604141291109,0.7227064461864041,0.6157520854254626,0.7138166490803227,0.06069999999999995
895,2016,HI,-0.16419,0.6744715447154471,-0.19832,1.01615378056233,1.01836720060252,-0.0351720775219551,0,8,0.02,0.013,4.9,0,1428.885,4.0,,57.0,-0.1980497148732267,-0.1722570307021778,-0.1727618914482248,-0.2458086997365478,0.6621957668980882,0.6621957668980882,0.6621957668980882,0.6621957668980882,-0.19345,-0.0571099999999999,-0.0964399999999999,-0.14121,0,ClintonH_2016,Trump_2016,,,,-0.367,-0.243,0.16419,,,,0.403,0.162,0.3255284552845529,-0.16419,4.0,,0,0,0,0,0,0,,,,-0.2990253614488219,-0.0456999999999999,,77.92569732666016,68.92353820800781,-1.223,1.61,-0.4148648898324805,-0.4343804347826087,-0.3540935644033618,-0.5151492660192385,-0.6893808637763533,-0.195885
896,2016,ID,0.1933899999999999,0.3168876080691643,0.1834199999999999,1.01615378056233,1.01836720060252,-0.0351720775219551,0,8,0.02,0.013,4.9,0,1684.036,4.0,,57.0,0.0962775009505193,0.1636226647169447,0.1001282972736125,0.1414629140819448,0.3678685510743422,0.3678685510743422,0.3678685510743422,0.3678685510743422,0.16674,0.18016,0.21031,0.0032599999999999,0,ClintonH_2016,Trump_2016,,,,-0.367,-0.243,-0.1933899999999999,,,,0.403,0.162,0.6831123919308357,0.1933899999999999,0.0,,0,0,0,0,0,0,,,,0.1312682660403442,0.1066875,,24.30561828613281,22.53520965576172,-1.223,1.61,0.5211118283582089,0.5261962264150943,0.4327883248335821,0.5631146381001657,0.6111689171199269,0.17507999999999996
897,2016,IL,-0.07995,0.5902315255312401,-0.0668,1.01615378056233,1.01836720060252,-0.0351720775219551,0,8,0.02,0.013,4.9,0,12821.709,20.0,,57.0,-0.0500886637886305,-0.0518572259288766,-0.0576605778494824,-0.0691330097819838,0.5142347158134921,0.5142347158134921,0.5142347158134921,0.5142347158134921,-0.0908499999999999,-0.06516,-0.0599699999999999,-0.00164,0,ClintonH_2016,Trump_2016,,,,-0.367,-0.243,0.07995,,,,0.403,0.162,0.4097684744687598,-0.07995,20.0,,0,0,0,0,0,0,,,,-0.177822589585495,-0.0970827922077922,,62.82228469848633,51.03461456298828,-1.223,1.61,-0.1035489001590416,-0.0547930107526881,-0.0657973193466284,-0.1208465144860914,-0.1174495421044394,-0.07882499999999995
898,2016,IN,0.1100899999999999,0.4001900137232133,0.0711999999999999,1.01615378056233,1.01836720060252,-0.0351720775219551,0,8,0.02,0.013,4.9,0,6637.898,11.0,,57.0,0.075179265387054,0.0441924350577745,0.0528063964501771,0.020905738177924,0.3889667866378075,0.3889667866378075,0.3889667866378075,0.3889667866378075,0.03127,0.0911599999999999,0.08188,-0.01996,0,ClintonH_2016,Trump_2016,,,,-0.367,-0.243,-0.1100899999999999,,,,0.403,0.162,0.5998099862767867,0.1100899999999999,0.0,,0,0,0,1,0,0,,,,-0.0080437982562255,0.0616420454545454,,41.66567993164063,24.798789978027344,-1.223,1.61,0.3023672828018482,0.3685644891122278,0.3671546130173129,0.4481791309387596,0.4122092636493993,0.05123499999999995
899,2016,IA,0.0609299999999999,0.4493486920012918,-0.0103699999999999,1.01615378056233,1.01836720060252,-0.0351720775219551,0,8,0.02,0.013,4.9,0,3133.21,6.0,,57.0,0.003364044991721,-0.0130494510200583,0.0186235533834497,0.0281224629478411,0.4607820070331405,0.4607820070331405,0.4607820070331405,0.4607820070331405,-0.012,-0.0097,0.0001999999999999,-0.0006699999999999,0,ClintonH_2016,Trump_2016,,,,-0.367,-0.243,-0.0609299999999999,,,,0.403,0.162,0.5506513079987081,0.0609299999999999,0.0,,0,0,0,0,0,0,,,,-0.1103510285093689,-0.0383214285714285,,54.41446685791016,32.98591995239258,-1.223,1.61,0.305018333110955,0.1312192393736017,0.2708297459265998,0.3026234914245321,0.3484406695209271,-0.01118499999999995
900,2016,KS,0.1213899999999999,0.3888888888888888,0.1302099999999999,1.01615378056233,1.01836720060252,-0.0351720775219551,0,8,0.02,0.013,4.9,0,2912.977,6.0,,57.0,0.0986232111005708,0.2934913881855203,0.121668685158679,0.1439343761401401,0.3655228409242906,0.3655228409242906,0.3655228409242906,0.3655228409242906,0.11261,0.1155999999999999,0.1109999999999999,0.0146099999999999,0,ClintonH_2016,Trump_2016,,,,-0.367,-0.243,-0.1213899999999999,,,,0.403,0.162,0.6111111111111112,0.1213899999999999,0.0,,0,0,0,0,0,0,,,,0.0048263330110168,-0.0039166666666666,,40.06189727783203,21.990272521972656,-1.223,1.61,0.4563999645669291,0.3770738916256158,0.4011798765466816,0.4944462067226369,0.5797806051166944,0.12140999999999996
901,2016,KY,0.1669999999999999,0.3432773109243697,0.1346199999999999,1.01615378056233,1.01836720060252,-0.0351720775219551,0,8,0.02,0.013,4.9,0,4440.306,8.0,,57.0,0.0999605101946706,0.1023647122748657,0.0892098251108314,0.1056270034934501,0.3641855418301909,0.3641855418301909,0.3641855418301909,0.3641855418301909,0.11882,0.0870099999999999,0.07911,0.0476099999999999,0,ClintonH_2016,Trump_2016,,,,-0.367,-0.243,-0.1669999999999999,,,,0.403,0.162,0.6567226890756303,0.1669999999999999,0.0,,0,0,0,0,0,0,,,,-0.0416664812400054,0.0085520833333333,,45.85549545288086,32.539485931396484,-1.223,1.61,0.4960896968811881,0.1924492862509391,0.4926347519336833,0.4869396400214217,0.5361834633285445,0.12671999999999994
902,2016,LA,0.1119999999999999,0.3982805054899523,0.1065599999999999,1.01615378056233,1.01836720060252,-0.0351720775219551,0,8,0.02,0.013,4.9,0,4681.346,8.0,,57.0,0.1815732289262762,0.2631492540544086,0.1486244510177751,0.1477488354702084,0.2825728230985853,0.2825728230985853,0.2825728230985853,0.2825728230985853,0.13106,0.0602399999999999,0.0412199999999999,0.0463199999999999,0,ClintonH_2016,Trump_2016,,,,-0.367,-0.243,-0.1119999999999999,,,,0.403,0.162,0.6017194945100477,0.1119999999999999,0.0,,0,0,0,0,0,0,,,,-0.0350230675337219,0.2305208333333333,,45.02764129638672,26.01744842529297,-1.223,1.61,0.4217876125798205,0.55415,0.5488446222845623,0.7547150557261284,0.7479349766471965,0.11880999999999996
903,2016,ME,-0.00569,0.5159654800431499,-0.05946,1.01615378056233,1.01836720060252,-0.0351720775219551,0,8,0.02,0.013,4.9,0,1332.348,4.0,,57.0,-0.1082045188406526,-0.114374850847394,-0.0961665626453485,-0.0591066226789365,0.5723505708655142,0.5723505708655142,0.5723505708655142,0.5723505708655142,-0.05181,-0.0589,-0.0256499999999999,-0.00056,0,ClintonH_2016,Trump_2016,,,,-0.367,-0.243,0.00569,,,,0.403,0.162,0.4840345199568501,-0.00569,4.0,,0,0,0,0,0,0,,,,-0.1866819745353698,-0.3456875,,63.92627716064453,45.07640838623047,-1.223,1.61,-0.0427640555369457,-0.0304991680532445,-0.0355607313875689,0.0250138527283106,0.0323576483938721,-0.055635000000000004
904,2016,MD,-0.12989,0.6401740237691002,-0.11414,1.01615378056233,1.01836720060252,-0.0351720775219551,0,8,0.02,0.013,4.9,0,6007.014,10.0,,57.0,-0.1172327947701371,-0.1544004233995307,-0.156778530897357,-0.1383345125554504,0.5813788467949986,0.5813788467949986,0.5813788467949986,0.5813788467949986,-0.0928099999999999,-0.07873,-0.0828799999999999,-0.0354099999999999,0,ClintonH_2016,Trump_2016,,,,-0.367,-0.243,0.12989,,,,0.403,0.162,0.3598259762308998,-0.12989,10.0,,0,0,0,0,0,0,,,,-0.1759116097976684,-0.1127749999999999,,62.58415222167969,44.394142150878906,-1.223,1.61,-0.0749778557304279,-0.1497849056603773,-0.0424543154949906,-0.085995686711054,-0.1613189021435216,-0.10347499999999996
905,2016,MA,-0.13624,0.6465201465201466,-0.09897,1.01615378056233,1.01836720060252,-0.0351720775219551,0,8,0.02,0.013,4.9,0,6827.28,11.0,,57.0,-0.3628768846805935,-0.2466357963392976,-0.1589297355810121,-0.3266858790034316,0.827022936705455,0.827022936705455,0.827022936705455,0.827022936705455,-0.09548,-0.1405,-0.1460599999999999,0.04153,0,ClintonH_2016,Trump_2016,,,,-0.367,-0.243,0.13624,,,,0.403,0.162,0.3534798534798534,-0.13624,11.0,,0,0,0,0,0,0,,,,-0.3151799595706176,-0.2349710497835498,,79.93876647949219,61.54309844970703,-1.223,1.61,-0.2741594443864031,-0.3215983455882353,-0.1417348672155332,-0.4571500223696171,-0.4931483006256288,-0.097225
906,2016,MI,0.0114899999999999,0.4987865358235728,-0.02887,1.01615378056233,1.01836720060252,-0.0351720775219551,0,8,0.02,0.013,4.9,0,9954.117,16.0,,57.0,-0.0446089496011797,-0.0250592674695048,0.0056153661936287,0.00567969324289,0.5087550016260413,0.5087550016260413,0.5087550016260413,0.5087550016260413,-0.0472199999999999,-0.03033,-0.0245199999999999,0.00146,0,ClintonH_2016,Trump_2016,,,,-0.367,-0.243,-0.0114899999999999,,,,0.403,0.162,0.5012134641764272,0.0114899999999999,0.0,,0,0,0,0,0,0,,,,-0.139466799210205,-0.1008251633986928,,58.04266357421875,27.48937225341797,-1.223,1.61,0.0841911562793822,0.1122171717171717,0.0515561275539255,0.0195682399083113,0.0652686030638913,-0.038044999999999954
907,2016,MN,0.0019599999999999,0.5083187390542907,-0.0202499999999999,1.01615378056233,1.01836720060252,-0.0351720775219551,0,8,0.02,0.013,4.9,0,5525.36,10.0,,57.0,0.2193192012476491,0.084127868605301,0.0535152206494136,0.5491209393157657,0.2448268507772123,0.2448268507772123,0.2448268507772123,0.2448268507772123,-0.0157999999999999,-0.03068,-0.0110299999999999,0.01043,0,ClintonH_2016,Trump_2016,,,,-0.367,-0.243,-0.0019599999999999,,,,0.403,0.162,0.4916812609457093,0.0019599999999999,10.0,,0,0,0,0,0,0,,,,-0.1256006319100189,-0.06055,,56.31476211547852,59.28865432739258,-1.223,1.61,0.3621282282714476,-0.0597780020181634,0.2211658409788115,0.1073124284552855,0.1526883449591356,-0.018024999999999902
908,2016,MS,0.1011699999999999,0.409109477124183,0.0771799999999999,1.01615378056233,1.01836720060252,-0.0351720775219551,0,8,0.02,0.013,4.9,0,2990.595,6.0,,57.0,0.0528066515066054,0.1332999581263779,0.0111359221447974,-0.0320756758208161,0.4113394005182561,0.4113394005182561,0.4113394005182561,0.4113394005182561,0.10291,0.0861699999999999,0.08788,-0.0089899999999999,0,ClintonH_2016,Trump_2016,,,,-0.367,-0.243,-0.1011699999999999,,,,0.403,0.162,0.590890522875817,0.1011699999999999,0.0,,0,0,0,0,0,0,,,,-0.0390530384455108,0.400297619047619,,45.52982711791992,30.848146438598636,-1.223,1.61,0.652894081081081,0.6215736434108526,0.7124089561776061,0.6199704715666876,0.6657506019601857,0.09004499999999996
909,2016,MO,0.1084299999999999,0.4018543883679275,0.0670199999999999,1.01615378056233,1.01836720060252,-0.0351720775219551,0,8,0.02,0.013,4.9,0,6091.384,10.0,,57.0,0.0842315180008372,0.0688476768546891,0.0731667377910277,0.0307796420318726,0.3799145340240242,0.3799145340240242,0.3799145340240242,0.3799145340240242,0.03717,0.0231299999999999,0.01895,0.0438899999999999,0,ClintonH_2016,Trump_2016,,,,-0.367,-0.243,-0.1084299999999999,,,,0.403,0.162,0.5981456116320725,0.1084299999999999,0.0,,0,0,0,0,0,0,,,,-0.0536818833657836,0.1526363636363636,,47.35276794433594,46.46929168701172,-1.223,1.61,0.0997038158247934,0.2023529411764706,0.1913661895080406,0.4173965164576267,0.3609257859431115,0.05209499999999995
910,2016,MT,0.1213499999999999,0.3889251523063533,0.0897099999999999,1.01615378056233,1.01836720060252,-0.0351720775219551,0,8,0.02,0.013,4.9,0,1042.137,3.0,,57.0,0.0424034315988927,0.0571301287823573,0.1050120427497384,0.2133543587817432,0.4217426204259688,0.4217426204259688,0.4217426204259688,0.4217426204259688,0.04818,0.0919299999999999,0.13839,-0.0022199999999999,0,ClintonH_2016,Trump_2016,,,,-0.367,-0.243,-0.1213499999999999,,,,0.403,0.162,0.6110748476936467,0.1213499999999999,0.0,,0,0,0,0,0,0,,,,-0.0191653179662322,0.1112291666666666,,43.05156326293945,44.16474151611328,-1.223,1.61,0.4833925652926742,0.2247338129496403,0.4335536433925825,0.456201380336793,0.3370698780235684,0.06894499999999995
911,2016,NE,0.1457599999999999,0.3645213628988642,0.1306099999999999,1.01615378056233,1.01836720060252,-0.0351720775219551,0,8,0.02,0.013,4.9,0,1906.483,5.0,,57.0,0.1120236302018409,0.144671859366171,0.1686433749730441,0.2075092766599424,0.3521224218230206,0.3521224218230206,0.3521224218230206,0.3521224218230206,0.11258,0.1553999999999999,0.1536199999999999,-0.02479,0,ClintonH_2016,Trump_2016,,,,-0.367,-0.243,-0.1457599999999999,,,,0.403,0.162,0.6354786371011358,0.1457599999999999,0.0,,0,0,0,0,0,0,,,,0.0798257921988678,0.16465,,30.716007232666016,26.984405517578125,-1.223,1.61,0.7333239814285715,0.4948404255319148,0.6288229151409759,0.8772971742345927,1.056599977452933,0.12159499999999995
912,2016,NV,-0.00267,0.5129522586169984,-0.01499,1.01615378056233,1.01836720060252,-0.0351720775219551,0,8,0.02,0.013,4.9,0,2919.555,6.0,,57.0,0.0560587591299345,0.0044133441013782,-0.0066545068688126,0.0052543633490265,0.4080872928949269,0.4080872928949269,0.4080872928949269,0.4080872928949269,-0.0273799999999999,0.0001099999999999,0.0203999999999999,-0.0151,0,ClintonH_2016,Trump_2016,,,,-0.367,-0.243,0.00267,,,,0.403,0.162,0.4870477413830015,-0.00267,6.0,,0,0,0,0,0,0,,,,-0.1326196599053954,-0.0769583333333333,,57.18942260742188,33.27716445922852,-1.223,1.61,0.1121328824110316,0.2018392156862745,0.0692027839162865,0.1870249227945667,0.1812465047027976,-0.02118499999999995
913,2016,NH,0.0082999999999999,0.5019767069131318,-0.0093,1.01615378056233,1.01836720060252,-0.0351720775219551,0,8,0.02,0.013,4.9,0,1343.694,4.0,,57.0,-0.0515776771560457,-0.0201857256751624,-0.0014592706695668,-0.0041204720021388,0.5157237291809073,0.5157237291809073,0.5157237291809073,0.5157237291809073,-0.0121999999999999,-0.01997,0.00851,0.0106699999999999,0,ClintonH_2016,Trump_2016,,,,-0.367,-0.243,-0.0082999999999999,,,,0.403,0.162,0.4980232930868682,0.0082999999999999,4.0,,0,0,0,0,0,0,,,,-0.1400758637493896,-0.263125,,58.118560791015625,47.040016174316406,-1.223,1.61,-0.1333039167883211,-0.0063473053892215,-0.1069408439416058,-0.2821578912352322,-0.3346598984771572,-0.01074999999999995
914,2016,NJ,-0.06255,0.5728305785123967,-0.07074,1.01615378056233,1.01836720060252,-0.0351720775219551,0,8,0.02,0.013,4.9,0,8873.584,14.0,,57.0,-0.0461548963199588,-0.0541810780321387,-0.0285818887207431,-0.0175735014481909,0.5103009483448204,0.5103009483448204,0.5103009483448204,0.5103009483448204,-0.0421599999999999,-0.04678,-0.08028,-0.0239599999999999,0,ClintonH_2016,Trump_2016,,,,-0.367,-0.243,0.06255,,,,0.403,0.162,0.4271694214876033,-0.06255,14.0,,0,0,0,0,0,0,,,,-0.2093180160942077,-0.1427572391456582,,66.74701690673828,53.6426887512207,-1.223,1.61,0.0051482375572987,-0.0905423606082549,0.0113742708208375,-0.0979336097201472,-0.1646977379256269,-0.056449999999999945
915,2016,NM,-0.03627,0.5465458663646658,-0.03408,1.01615378056233,1.01836720060252,-0.0351720775219551,0,8,0.02,0.013,4.9,0,2092.555,5.0,,57.0,-0.0658287019633048,-0.0492949817324288,-0.0517525860671266,-0.038291585195361,0.5299747539881664,0.5299747539881664,0.5299747539881664,0.5299747539881664,-0.0401599999999999,-0.00907,0.00151,-0.0250099999999999,0,ClintonH_2016,Trump_2016,,,,-0.367,-0.243,0.03627,,,,0.403,0.162,0.4534541336353341,-0.03627,5.0,,0,0,0,0,0,0,,,,-0.1566019434847259,0.07675,,60.177921295166016,39.35802459716797,-1.223,1.61,0.0473907008520487,-0.0991435643564356,0.0899904933244553,0.0853653549645998,0.0541510834945737,-0.037119999999999945
916,2016,NY,-0.10743,0.6177117135978226,-0.12384,1.01615378056233,1.01836720060252,-0.0351720775219551,0,8,0.02,0.013,4.9,0,19636.391,29.0,,57.0,-0.1229808627157227,-0.1645706494541557,-0.1531897356660354,-0.140867175787078,0.5871269147405843,0.5871269147405843,0.5871269147405843,0.5871269147405843,-0.0992799999999999,-0.1059499999999999,-0.12905,-0.01789,0,ClintonH_2016,Trump_2016,,,,-0.367,-0.243,0.10743,,,,0.403,0.162,0.3822882864021774,-0.10743,29.0,,1,1,0,0,0,0,,,,-0.2721141741744994,-0.1254450888192267,,74.57221984863281,65.48941040039062,-1.223,1.61,-0.2610482315463879,-0.0951479862628785,-0.2041025411889191,-0.2403896175364743,-0.263236322421676,-0.11155999999999995
917,2016,NC,0.0293399999999999,0.4809375,0.0292799999999999,1.01615378056233,1.01836720060252,-0.0351720775219551,0,8,0.02,0.013,4.9,0,10161.802,15.0,,57.0,0.0217459008807587,-0.0070644936382644,0.008725672844006,0.0023499796562457,0.4424001511441028,0.4424001511441028,0.4424001511441028,0.4424001511441028,0.03483,0.0493499999999999,0.0664699999999999,-0.0200699999999999,0,ClintonH_2016,Trump_2016,,,,-0.367,-0.243,-0.0293399999999999,,,,0.403,0.162,0.5190625,0.0293399999999999,0.0,,0,0,0,0,0,0,,,,-0.0940453581368255,0.09125625,,52.382572174072266,22.568748474121094,-1.223,1.61,0.1558578636464937,0.2415084996304508,0.2640412488694127,0.2956872264480779,0.2770745703532399,0.03205499999999995
918,2016,ND,0.2083599999999999,0.3019181727464242,0.1201899999999999,1.01615378056233,1.01836720060252,-0.0351720775219551,0,8,0.02,0.013,4.9,0,756.114,3.0,,57.0,0.4641460520248615,0.5022558544989516,0.0132778306202472,-0.0706201146233677,0.0,0.0,0.0,0.0,0.08058,0.1260199999999999,0.1491,-0.00583,0,ClintonH_2016,Trump_2016,,,,-0.367,-0.243,-0.2083599999999999,,,,0.403,0.162,0.6980818272535758,0.2083599999999999,0.0,,0,0,0,0,0,0,,,,0.1134516741796493,0.4099166666666666,,26.525793075561523,31.388328552246094,-1.223,1.61,0.6778969606060606,0.4491324503311258,0.5855543021107457,0.6026576959279246,0.7490337976239246,0.10038499999999995
919,2016,OH,0.0529599999999999,0.4573228346456692,0.0039199999999999,1.01615378056233,1.01836720060252,-0.0351720775219551,0,8,0.02,0.013,4.9,0,11640.06,18.0,,57.0,0.0643551684149093,0.0229059415907992,0.0243783632121322,0.024270402214315,0.3997908836099522,0.3997908836099522,0.3997908836099522,0.3997908836099522,0.0131499999999999,-0.00248,0.0200099999999999,0.0063999999999999,0,ClintonH_2016,Trump_2016,,,,-0.367,-0.243,-0.0529599999999999,,,,0.403,0.162,0.5426771653543307,0.0529599999999999,0.0,,0,0,0,0,0,0,,,,-0.0779766890541076,0.0864772660818713,,50.38021087646485,26.372520446777344,-1.223,1.61,0.3017340950965994,0.1300409292035398,0.3096641680406837,0.3012307057602429,0.3215608759794118,0.0085349999999999
920,2016,OK,0.2033299999999999,0.3069496021220159,0.1871599999999999,1.01615378056233,1.01836720060252,-0.0351720775219551,0,8,0.02,0.013,4.9,0,3928.143,7.0,,57.0,0.1886361064232808,0.1784511707720459,0.1647343343610049,0.1635478325220277,0.2755099456015806,0.2755099456015806,0.2755099456015806,0.2755099456015806,0.19294,0.1426299999999999,0.11264,0.0445299999999999,0,ClintonH_2016,Trump_2016,,,,-0.367,-0.243,-0.2033299999999999,,,,0.403,0.162,0.6930503978779841,0.2033299999999999,0.0,,0,0,0,0,0,0,,,,0.1338746832863998,0.2366428571428571,,23.980825424194336,24.7269287109375,-1.223,1.61,0.6208729334774462,0.4315828677839851,0.6245923604887231,0.7926089266543566,0.7974844197563525,0.19004999999999994
921,2016,OR,-0.05129,0.5615746971736204,-0.04308,1.01615378056233,1.01836720060252,-0.0351720775219551,0,8,0.02,0.013,4.9,0,4093.271,7.0,,57.0,-0.1075744163201197,-0.0776895378341123,-0.0633910206242625,-0.1547560628532578,0.5717204683449812,0.5717204683449812,0.5717204683449812,0.5717204683449812,-0.0476499999999999,-0.03416,-0.00053,-0.0089199999999999,0,ClintonH_2016,Trump_2016,,,,-0.367,-0.243,0.05129,,,,0.403,0.162,0.4384253028263796,-0.05129,7.0,,0,0,0,0,0,0,,,,-0.1799467542070006,-0.2935848214285714,,63.08698272705078,67.98178100585938,-1.223,1.61,0.1656960881998557,0.0221301518438177,0.0726586319448954,-0.0035132018168967,0.0314128896499082,-0.04536499999999995
922,2016,PA,0.0140399999999999,0.4962358845671267,-0.00822,1.01615378056233,1.01836720060252,-0.0351720775219551,0,8,0.02,0.013,4.9,0,12788.468,20.0,,57.0,0.0195282488808348,-0.0053271710362973,-0.0165315416011131,-0.0109508103395089,0.4446178031440266,0.4446178031440266,0.4446178031440266,0.4446178031440266,-0.0158099999999999,-0.02565,-0.01965,0.01743,0,ClintonH_2016,Trump_2016,,,,-0.367,-0.243,-0.0140399999999999,,,,0.403,0.162,0.5037641154328732,0.0140399999999999,0.0,,0,0,0,0,0,0,,,,-0.0994662651898956,0.1326485507246377,,53.05808639526367,51.3301010131836,-1.223,1.61,0.1614434374488407,0.0520608591885441,0.1798987049040964,0.2204894085438901,0.2261544170082448,-0.01201499999999995
923,2016,RI,-0.07283,0.5831100632300933,-0.12129,1.01615378056233,1.01836720060252,-0.0351720775219551,0,8,0.02,0.013,4.9,0,1057.816,4.0,,57.0,-0.1468771906684129,-0.0873945554046228,-0.1298973909355964,-0.1697216027549989,0.6110232426932745,0.6110232426932745,0.6110232426932745,0.6110232426932745,-0.1054899999999999,-0.11885,-0.15466,-0.0024399999999999,0,ClintonH_2016,Trump_2016,,,,-0.367,-0.243,0.07283,,,,0.403,0.162,0.4168899367699067,-0.07283,4.0,,0,0,0,0,0,0,,,,-0.3291059741352844,-0.09,,81.67412567138672,69.3033218383789,-1.223,1.61,-0.053651140653409,-0.3374725050916497,-0.1128527310227272,-0.1107841108697925,-0.0869046506689318,-0.11338999999999995
924,2016,SC,0.0849099999999999,0.4253739148624621,0.0723499999999999,1.01615378056233,1.01836720060252,-0.0351720775219551,0,8,0.02,0.013,4.9,0,4963.031,9.0,,57.0,0.1249364748930886,0.0918767288209153,0.0479452734782921,0.0545462977433314,0.3392095771317728,0.3392095771317728,0.3392095771317728,0.3392095771317728,0.08193,0.0732799999999999,0.0833599999999999,-0.0009299999999999,0,ClintonH_2016,Trump_2016,,,,-0.367,-0.243,-0.0849099999999999,,,,0.403,0.162,0.5746260851375379,0.0849099999999999,0.0,,0,0,0,0,0,0,,,,-0.0432996840058899,-0.0866319444444444,,46.05901336669922,18.17152404785156,-1.223,1.61,0.2984720853464419,0.4106789600967352,0.4296997331927707,0.4814047625863863,0.2972401552379564,0.07713999999999996
925,2016,SD,0.1699799999999999,0.340302348021872,0.1111799999999999,1.01615378056233,1.01836720060252,-0.0351720775219551,0,8,0.02,0.013,4.9,0,863.693,3.0,,57.0,0.1294423219158209,0.0767531969922213,-0.0240849661777652,-0.126436504214301,0.3347037301090406,0.3347037301090406,0.3347037301090406,0.3347037301090406,0.07945,0.0960599999999999,0.1179799999999999,0.0151199999999999,0,ClintonH_2016,Trump_2016,,,,-0.367,-0.243,-0.1699799999999999,,,,0.403,0.162,0.6596976519781279,0.1699799999999999,0.0,,0,0,0,0,0,0,,,,0.0206853376873779,0.2354166666666666,,38.08566284179688,29.67807006835937,-1.223,1.61,0.6811000110526316,0.460621761658031,0.5632206805263158,0.7205970436779926,0.9168908873559852,0.09531499999999996
926,2016,TN,0.1464899999999999,0.3637887678122381,0.1226099999999999,1.01615378056233,1.01836720060252,-0.0351720775219551,0,8,0.02,0.013,4.9,0,6651.277,11.0,,57.0,0.1184801251185269,0.1345340535456143,0.1022329387751615,-0.0010040135766947,0.3456659269063346,0.3456659269063346,0.3456659269063346,0.3456659269063346,0.1128,0.05878,0.0214599999999999,0.0638299999999999,0,ClintonH_2016,Trump_2016,,,,-0.367,-0.243,-0.1464899999999999,,,,0.403,0.162,0.6362112321877619,0.1464899999999999,0.0,,0,0,0,0,0,0,,,,-0.0108634768669891,-0.0258636363636363,,42.01704788208008,24.11133575439453,-1.223,1.61,0.3492932353134273,0.4449108280254777,0.3821513819347308,0.5875954441648465,0.6139398287543928,0.11770499999999995
927,2016,TX,0.0573599999999999,0.4529171467476694,0.0992799999999999,1.01615378056233,1.01836720060252,-0.0351720775219551,0,8,0.02,0.013,4.9,0,27914.064,38.0,,57.0,0.1096966785806706,0.1024954478407502,0.1424114104966237,0.1343544979164952,0.3544493734441909,0.3544493734441909,0.3544493734441909,0.3544493734441909,0.09585,0.1020299999999999,0.1113899999999999,-0.0027499999999999,0,ClintonH_2016,Trump_2016,,,,-0.367,-0.243,-0.0573599999999999,,,,0.403,0.162,0.5470828532523306,0.0573599999999999,0.0,,0,0,0,0,0,0,,,,-0.0300801426737976,0.1587298761609907,,44.41168975830078,20.962814331054688,-1.223,1.61,0.4652980081458764,0.4340204545454545,0.4388734645922714,0.4681254230395739,0.47911206729968,0.09756499999999996
928,2016,UT,0.1341199999999999,0.3761643835616438,0.2650599999999999,1.01615378056233,1.01836720060252,-0.0351720775219551,0,8,0.02,0.013,4.9,0,3044.241,6.0,,57.0,0.1208674401732175,0.1686670820263076,0.1058390874174581,0.1104770157707974,0.343278611851644,0.343278611851644,0.343278611851644,0.343278611851644,0.18175,0.2203899999999999,0.21909,0.0446699999999999,0,ClintonH_2016,Trump_2016,,,,-0.367,-0.243,-0.1341199999999999,,,,0.403,0.162,0.6238356164383562,0.1341199999999999,0.0,,0,0,0,0,0,0,,,,0.095187391106987,-0.00955,,28.801755905151367,20.011734008789062,-1.223,1.61,0.3658615073104628,0.419810298102981,0.3688406236581952,0.4182594819475976,0.4918092560723868,0.22340499999999996
929,2016,VT,-0.14159,0.6518688901667625,-0.16322,1.01615378056233,1.01836720060252,-0.0351720775219551,0,8,0.02,0.013,4.9,0,624.366,3.0,,57.0,-0.2106998017564396,-0.2531498592073528,-0.2043328135409495,-0.4508790606842343,0.6748458537813011,0.6748458537813011,0.6748458537813011,0.6748458537813011,-0.1524999999999999,-0.11608,-0.05257,-0.0471399999999999,0,ClintonH_2016,Trump_2016,,,,-0.367,-0.243,0.14159,,,,0.403,0.162,0.3481311098332375,-0.14159,3.0,,0,0,0,0,0,0,,,,-0.3603885525468444,-0.29,,85.57233428955078,69.36619567871094,-1.223,1.61,-0.2447306678571427,-0.18284,-0.3187824574999999,-0.5466674749948996,-0.7170899793276032,-0.15785999999999994
930,2016,VA,-0.0179799999999999,0.5282557892500531,-0.00064,1.01615378056233,1.01836720060252,-0.0351720775219551,0,8,0.02,0.013,4.9,0,8417.651,13.0,,57.0,0.0389839912775878,0.0118594535133934,0.0296287759647342,0.0110633085793728,0.4251620607472737,0.4251620607472737,0.4251620607472737,0.4251620607472737,0.0046599999999999,0.0282699999999999,0.0433,-0.02891,0,ClintonH_2016,Trump_2016,,,,-0.367,-0.243,0.0179799999999999,,,,0.403,0.162,0.4717442107499469,-0.0179799999999999,13.0,,0,0,1,0,0,0,,,,-0.0804395493964386,-0.0276978021978021,,50.68711471557617,48.38266754150391,-1.223,1.61,0.0987824062829473,0.2772477928193054,0.1419951272595181,0.1013544945680592,0.0120218356928686,0.00200999999999995
931,2016,WA,-0.07761,0.5878930289806423,-0.05725,1.01615378056233,1.01836720060252,-0.0351720775219551,0,8,0.02,0.013,4.9,0,7299.961,12.0,,57.0,-0.0520871959057652,-0.0421823289485543,-0.0691040401509412,-0.0428632443914901,0.5162332479306267,0.5162332479306267,0.5162332479306267,0.5162332479306267,-0.05103,-0.04954,-0.0276199999999999,-0.0077099999999999,0,ClintonH_2016,Trump_2016,,,,-0.367,-0.243,0.07761,,,,0.403,0.162,0.4121069710193576,-0.07761,12.0,,0,0,0,0,0,0,,,,-0.1544186662966156,-0.0692367424242424,,59.90585708618164,59.81330108642578,-1.223,1.61,-0.0681648958457709,-0.1458380129589633,0.0112118020771145,-0.0817498995869012,-0.2363074966867374,-0.05414
932,2016,WV,0.2318599999999999,0.2784156747076793,0.1561699999999999,1.01615378056233,1.01836720060252,-0.0351720775219551,0,8,0.02,0.013,4.9,0,1832.435,5.0,,57.0,0.0350818701515323,0.101383637283498,0.0181151696630439,-0.1203330855426972,0.4290641818733292,0.4290641818733292,0.4290641818733292,0.4290641818733292,0.10323,0.05173,0.03425,0.1044399999999999,0,ClintonH_2016,Trump_2016,,,,-0.367,-0.243,-0.2318599999999999,,,,0.403,0.162,0.7215843252923206,0.2318599999999999,0.0,,0,0,0,0,0,0,,,,0.0650440995079803,0.2635785714285714,,32.5579948425293,43.74681854248047,-1.223,1.61,0.4124662999999999,0.0663747178329571,0.3595958481937602,0.3087670115791615,0.3193965333333332,0.12969999999999995
933,2016,WI,0.0143899999999999,0.4958898259848404,-0.01579,1.01615378056233,1.01836720060252,-0.0351720775219551,0,8,0.02,0.013,4.9,0,5775.17,10.0,,57.0,-0.0078649997140236,-0.0052994403542452,0.0180200715514473,0.0287056560927129,0.4720110517388851,0.4720110517388851,0.4720110517388851,0.4720110517388851,-0.0340699999999999,-0.01499,0.00068,-0.0008,0,ClintonH_2016,Trump_2016,,,,-0.367,-0.243,-0.0143899999999999,,,,0.403,0.162,0.5041101740151597,0.0143899999999999,0.0,,0,0,0,0,0,0,,,,-0.1056282681129455,-0.279275,,53.825950622558594,21.616010665893555,-1.223,1.61,0.1013436963812883,0.0888515625,0.1649177084657754,0.1884034506399834,0.1186321724022873,-0.02492999999999995
934,2016,WY,0.2673,0.242976124375347,0.2307799999999999,1.01615378056233,1.01836720060252,-0.0351720775219551,0,8,0.02,0.013,4.9,0,585.243,3.0,,57.0,0.2135311661516573,0.2452622153961728,0.2061188286715929,0.1005616835111926,0.2506148858732042,0.2506148858732042,0.2506148858732042,0.2506148858732042,0.20211,0.1900599999999999,0.21165,0.0407199999999999,0,ClintonH_2016,Trump_2016,,,,-0.367,-0.243,-0.2673,,,,0.403,0.162,0.757023875624653,0.2673,0.0,,0,0,0,0,0,0,,,,0.0992323314879989,0.025,,28.297704696655277,20.556671142578125,-1.223,1.61,0.4540884424242424,0.3721035856573705,0.5217907598484848,0.6620243885828082,0.4908374947981689,0.21644499999999994
935,2016,USA,0.0,0.5102801548174232,0.0,1.01615378056233,1.01836720060252,-0.0351720775219551,0,8,0.02,0.013,4.9,0,,,,57.0,,,,,0.4641460520248615,0.4641460520248615,0.4641460520248615,0.4641460520248615,0.0,0.0,0.0,0.0,0,ClintonH_2016,Trump_2016,,,,-0.367,-0.243,-0.0,,,,0.403,0.162,0.4897198451825768,0.0,,,0,0,0,0,0,0,,,,,,,,,-1.223,1.61,,,,,,0.0
936,2020,AL,0.1512,0.3708924949290061,0.1539999999999999,1.03686513242725,1.14527968213722,-0.0494524510184348,0,4,-0.0152,0.012,8.1,1,5024.803,9.0,43.0,43.0,0.1270075674945064,0.1553916381725893,0.1440023094491327,0.1423938426491569,0.4102255528208005,0.4102255528208005,0.4102255528208005,0.4102255528208005,0.1312799999999999,0.1454,0.1159099999999999,0.0085999999999999,1,Trump_2020,Biden_2020,,,,-0.32,0.283,-0.1512,,,,0.403,0.162,0.6291075050709939,0.1512,0.0,,0,0,0,0,1,0,,,,,,,,,-1.159,1.61,0.7216817643784785,0.5232543859649124,0.5693322539579468,0.4601886444304977,0.6450408290038401,0.14263999999999988
937,2020,AK,0.07471,0.4473849372384937,0.0941399999999999,1.03686513242725,1.14527968213722,-0.0494524510184348,0,4,-0.0152,0.012,8.1,1,732.441,3.0,43.0,43.0,0.0702962071050199,0.0754697130681134,0.0185255771712604,0.1930840086840886,0.4669369132102869,0.4669369132102869,0.4669369132102869,0.4669369132102869,0.0923799999999999,0.14714,0.1191899999999999,-0.0530000000000001,1,Trump_2020,Biden_2020,,,,-0.32,0.283,-0.07471,,,,0.403,0.162,0.5526150627615063,0.07471,0.0,,0,0,0,0,0,0,,,,,,,,,-1.159,1.61,-0.0622583319052419,0.1400754716981132,0.1444085665877016,-0.1357566691477762,-0.0536703979460847,0.0932599999999999
938,2020,AZ,0.02057,0.5015240804714489,0.0291699999999999,1.03686513242725,1.14527968213722,-0.0494524510184348,0,4,-0.0152,0.012,8.1,1,7177.986,11.0,43.0,43.0,0.0286191533616086,0.0426993450761624,0.0498829575470744,0.0466761220082135,0.5086139669536982,0.5086139669536982,0.5086139669536982,0.5086139669536982,0.0654499999999999,0.07963,0.0396799999999999,-0.05046,1,Trump_2020,Biden_2020,,,,-0.32,0.283,-0.02057,,,,0.403,0.162,0.4984759195285511,0.02057,11.0,,0,0,0,0,0,0,,,,,,,,,-1.159,1.61,0.0951122726632302,0.2269768786127168,0.0836606367221046,0.0831471010409468,0.0978897673249701,0.0473099999999999
939,2020,AR,0.1642,0.3578925704877547,0.1531399999999999,1.03686513242725,1.14527968213722,-0.0494524510184348,0,4,-0.0152,0.012,8.1,1,3012.232,6.0,43.0,43.0,0.1772056504740407,0.3649401800807987,0.1308489124195476,0.1788447625713357,0.3600274698412662,0.3600274698412662,0.3600274698412662,0.3600274698412662,0.1406999999999999,0.13821,0.0362899999999999,0.0149299999999999,1,Trump_2020,Biden_2020,,,,-0.32,0.283,-0.1642,,,,0.403,0.162,0.6421074295122453,0.1642,0.0,,0,0,0,0,1,0,,,,,,,,,-1.159,1.61,0.3211560262252346,0.419425,0.3534288686913451,0.4389392854335306,0.5414822127176534,0.14691999999999988
940,2020,CA,-0.1269899999999999,0.649079754601227,-0.15099,1.03686513242725,1.14527968213722,-0.0494524510184348,0,4,-0.0152,0.012,8.1,1,39499.738,55.0,43.0,43.0,-0.1312040693970733,-0.155471925114628,-0.1154344402115633,-0.1177961219174937,0.6684371897123802,0.6684371897123802,0.6684371897123802,0.6684371897123802,-0.09955,-0.0862899999999999,-0.0634799999999999,-0.0647,1,Trump_2020,Biden_2020,,,,-0.32,0.283,0.1269899999999999,,,,0.403,0.162,0.350920245398773,-0.1269899999999999,55.0,,0,0,0,1,0,0,,,,,,,,,-1.159,1.61,-0.1706509034191292,-0.3214091131798138,-0.2049963389661763,-0.2495492855422146,-0.2194383111506427,-0.12527
941,2020,CO,-0.0472799999999999,0.5693730729701952,-0.01658,1.03686513242725,1.14527968213722,-0.0494524510184348,0,4,-0.0152,0.012,8.1,1,5784.308,9.0,43.0,43.0,-0.0171294154515556,-0.0024700003691296,-0.0193870629892817,0.0165644110350952,0.5543625357668626,0.5543625357668626,0.5543625357668626,0.5543625357668626,-0.0085,-0.00902,0.0105899999999999,-0.00756,1,Trump_2020,Biden_2020,,,,-0.32,0.283,0.0472799999999999,,,,0.403,0.162,0.4306269270298047,-0.0472799999999999,9.0,,0,0,0,0,0,0,,,,,,,,,-1.159,1.61,0.0404693248827304,-0.2482510822510822,0.0622188860559069,0.0445362244971956,0.0380455748157518,-0.01254
942,2020,CT,-0.0798399999999999,0.6019299136617572,-0.06113,1.03686513242725,1.14527968213722,-0.0494524510184348,0,4,-0.0152,0.012,8.1,1,3600.26,7.0,43.0,43.0,-0.0748501679183264,-0.1289126290066051,-0.1287441173055808,-0.1409529822969826,0.6120832882336333,0.6120832882336333,0.6120832882336333,0.6120832882336333,-0.0689,-0.0766899999999999,-0.0658199999999999,0.0155599999999999,1,Trump_2020,Biden_2020,,,,-0.32,0.283,0.0798399999999999,,,,0.403,0.162,0.3980700863382428,-0.0798399999999999,7.0,,0,0,0,0,0,0,,,,,,,,,-1.159,1.61,-0.0968910936693162,-0.0297208121827411,-0.1594635795931939,-0.2793054904146971,-0.1259612888463618,-0.065015
943,2020,DC,-0.42255,0.9446437724243976,-0.44664,1.03686513242725,1.14527968213722,-0.0494524510184348,0,4,-0.0152,0.012,8.1,1,690.093,3.0,43.0,43.0,,,,,,,,,-0.4065000000000001,-0.39752,-0.41827,-0.04912,1,Trump_2020,Biden_2020,,,,-0.32,0.283,0.42255,,,,0.403,0.162,0.0553562275756023,-0.42255,3.0,,0,0,0,0,0,0,,,,,,,,,-1.159,1.61,,,,,,-0.42657
944,2020,DE,-0.0741899999999999,0.5962846411531824,-0.04968,1.03686513242725,1.14527968213722,-0.0494524510184348,0,4,-0.0152,0.012,8.1,1,991.886,3.0,43.0,43.0,-0.1073065792342158,-0.0827951247239273,-0.1529980641277844,-0.1559995643954096,0.6445396995495227,0.6445396995495227,0.6445396995495227,0.6445396995495227,-0.07516,-0.08989,-0.05139,0.0402099999999999,1,Trump_2020,Biden_2020,,,,-0.32,0.283,0.0741899999999999,,,,0.403,0.162,0.4037153588468176,-0.0741899999999999,3.0,,0,1,0,0,0,0,,,,,,,,,-1.159,1.61,0.1194124466666667,-0.071695652173913,-0.0144774242361111,-0.0784532869267533,0.1081228034223064,-0.06242
945,2020,FL,0.03905,0.48304400484457,0.0164799999999999,1.03686513242725,1.14527968213722,-0.0494524510184348,0,4,-0.0152,0.012,8.1,1,21569.932,29.0,43.0,43.0,0.0635973983994552,0.0355962186046752,0.0243047281493937,0.032324039156891,0.4736357219158517,0.4736357219158517,0.4736357219158517,0.4736357219158517,0.0146199999999999,0.02229,0.0121699999999999,-0.00581,1,Trump_2020,Biden_2020,,,,-0.32,0.283,-0.03905,,,,0.403,0.162,0.5169559951554299,0.03905,0.0,,1,0,0,0,1,0,,,,,,,,,-1.159,1.61,0.2465023738911088,0.2557511520737327,0.1964646031812258,0.161848958124748,0.2272081507316635,0.0155499999999999
946,2020,GA,0.02092,0.5011650288724546,0.0368899999999999,1.03686513242725,1.14527968213722,-0.0494524510184348,0,4,-0.0152,0.012,8.1,1,10725.8,16.0,43.0,43.0,0.0599497756711251,0.0952977060958045,0.049317540120177,0.0944645634455869,0.4772833446441817,0.4772833446441817,0.4772833446441817,0.4772833446441817,0.0586299999999999,0.06277,0.0704699999999999,-0.02588,1,Trump_2020,Biden_2020,,,,-0.32,0.283,-0.02092,,,,0.403,0.162,0.4988349711275454,0.02092,16.0,,0,0,0,0,1,0,,,,,,,,,-1.159,1.61,0.2584083234515212,0.2945945945945946,0.3448766995995409,0.3088849870062138,0.2571762935593946,0.0477599999999999
947,2020,HI,-0.12822,0.6503061224489796,-0.16419,1.03686513242725,1.14527968213722,-0.0494524510184348,0,4,-0.0152,0.012,8.1,1,1451.911,4.0,43.0,43.0,-0.2300058469321876,-0.2942756756648237,-0.1980497148732267,-0.1722570307021778,0.7672389672474945,0.7672389672474945,0.7672389672474945,0.7672389672474945,-0.19832,-0.19345,-0.0571099999999999,0.0292599999999999,1,Trump_2020,Biden_2020,,,,-0.32,0.283,0.12822,,,,0.403,0.162,0.3496938775510204,-0.12822,4.0,,0,0,0,0,0,0,,,,,,,,,-1.159,1.61,-0.1800676933333333,-0.404559633027523,-0.305368497254766,-0.3372628338727913,-0.1018113042132947,-0.181255
948,2020,ID,0.18085,0.3412444536167578,0.1933899999999999,1.03686513242725,1.14527968213722,-0.0494524510184348,0,4,-0.0152,0.012,8.1,1,1847.772,4.0,43.0,43.0,0.1768916613098557,0.1743412841246825,0.0962775009505193,0.1636226647169447,0.3603414590054511,0.3603414590054511,0.3603414590054511,0.3603414590054511,0.1834199999999999,0.16674,0.18016,0.0266499999999999,1,Trump_2020,Biden_2020,,,,-0.32,0.283,-0.18085,,,,0.403,0.162,0.6587555463832422,0.18085,0.0,,0,0,0,0,0,0,,,,,,,,,-1.159,1.61,0.2121166906716417,0.63184375,0.306084914800995,0.3100991912183009,0.3416487467588591,0.18840499999999988
949,2020,IL,-0.0645099999999999,0.586604139055969,-0.07995,1.03686513242725,1.14527968213722,-0.0494524510184348,0,4,-0.0152,0.012,8.1,1,12785.245,20.0,43.0,43.0,-0.0739252845478255,-0.046993796536552,-0.0500886637886305,-0.0518572259288766,0.6111584048631324,0.6111584048631324,0.6111584048631324,0.6111584048631324,-0.0668,-0.0908499999999999,-0.06516,0.0108999999999999,1,Trump_2020,Biden_2020,,,,-0.32,0.283,0.0645099999999999,,,,0.403,0.162,0.413395860944031,-0.0645099999999999,20.0,,0,0,0,0,0,0,,,,,,,,,-1.159,1.61,-0.1538776347684611,-0.2282072829131653,-0.2180048941777988,-0.241097560521105,-0.1344049639290742,-0.073375
950,2020,IN,0.10405,0.4180444988773219,0.1100899999999999,1.03686513242725,1.14527968213722,-0.0494524510184348,0,4,-0.0152,0.012,8.1,1,6785.644,11.0,43.0,43.0,0.0923632267793949,0.0708126270825944,0.075179265387054,0.0441924350577745,0.4448698935359119,0.4448698935359119,0.4448698935359119,0.4448698935359119,0.0711999999999999,0.03127,0.0911599999999999,0.0788199999999999,1,Trump_2020,Biden_2020,,,,-0.32,0.283,-0.10405,,,,0.403,0.162,0.581955501122678,0.10405,0.0,,0,0,1,0,0,0,,,,,,,,,-1.159,1.61,0.2805928240801823,0.2491502145922747,0.3089021957432445,0.2961311340518915,0.3676241132766868,0.09064499999999989
951,2020,IA,0.06394,0.4581547254541743,0.0609299999999999,1.03686513242725,1.14527968213722,-0.0494524510184348,0,4,-0.0152,0.012,8.1,1,3188.669,6.0,43.0,43.0,0.0167407842876674,0.0394629845537022,0.003364044991721,-0.0130494510200583,0.5204923360276394,0.5204923360276394,0.5204923360276394,0.5204923360276394,-0.0103699999999999,-0.012,-0.0097,0.0729299999999999,1,Trump_2020,Biden_2020,,,,-0.32,0.283,-0.06394,,,,0.403,0.162,0.5418452745458257,0.06394,0.0,,0,0,0,0,0,0,,,,,,,,,-1.159,1.61,0.1678147908187834,0.0912222222222222,0.1734178257396628,0.2330124136814056,0.1998796937806775,0.02528
952,2020,KS,0.09701,0.4250792676690191,0.1213899999999999,1.03686513242725,1.14527968213722,-0.0494524510184348,0,4,-0.0152,0.012,8.1,1,2935.88,6.0,43.0,43.0,0.0853125698905183,0.1787592047238091,0.0986232111005708,0.2934913881855203,0.4519205504247885,0.4519205504247885,0.4519205504247885,0.4519205504247885,0.1302099999999999,0.11261,0.1155999999999999,0.0087799999999998,1,Trump_2020,Biden_2020,,,,-0.32,0.283,-0.09701,,,,0.403,0.162,0.5749207323309808,0.09701,0.0,,0,0,0,0,0,0,,,,,,,,,-1.159,1.61,0.257403997937261,0.3922835820895523,0.2175084580036352,0.1869317914199876,0.3225876180912761,0.1257999999999999
953,2020,KY,0.15411,0.3679763843648208,0.1669999999999999,1.03686513242725,1.14527968213722,-0.0494524510184348,0,4,-0.0152,0.012,8.1,1,4503.958,8.0,43.0,43.0,0.1413250131952169,0.1998103995127051,0.0999605101946706,0.1023647122748657,0.3959081071200899,0.3959081071200899,0.3959081071200899,0.3959081071200899,0.1346199999999999,0.11882,0.0870099999999999,0.0481799999999999,1,Trump_2020,Biden_2020,,,,-0.32,0.283,-0.15411,,,,0.403,0.162,0.6320236156351792,0.15411,0.0,,0,0,0,0,0,0,,,,,,,,,-1.159,1.61,0.3532169785478548,0.2535021834061135,0.3496334471622846,0.2825533645226757,0.3250733361047003,0.1508099999999999
954,2020,LA,0.11674,0.4053504221340657,0.1119999999999999,1.03686513242725,1.14527968213722,-0.0494524510184348,0,4,-0.0152,0.012,8.1,1,4651.203,8.0,43.0,43.0,0.1389435398634526,0.1822588641143678,0.1815732289262762,0.2631492540544086,0.3982895804518543,0.3982895804518543,0.3982895804518543,0.3982895804518543,0.1065599999999999,0.13106,0.0602399999999999,-0.01906,1,Trump_2020,Biden_2020,,,,-0.32,0.283,-0.11674,,,,0.403,0.162,0.5946495778659343,0.11674,0.0,,0,0,0,0,1,0,,,,,,,,,-1.159,1.61,0.3843120010387761,0.2838817204301075,0.4553741022019958,0.3691916722110476,0.3589131404918589,0.1092799999999999
955,2020,ME,-0.0246099999999999,0.5466996189887756,-0.00569,1.03686513242725,1.14527968213722,-0.0494524510184348,0,4,-0.0152,0.012,8.1,1,1362.28,4.0,43.0,43.0,-0.0417817451471552,-0.0269417098293723,-0.1082045188406526,-0.114374850847394,0.5790148654624622,0.5790148654624622,0.5790148654624622,0.5790148654624622,-0.05946,-0.05181,-0.0589,0.0461199999999999,1,Trump_2020,Biden_2020,,,,-0.32,0.283,0.0246099999999999,,,,0.403,0.162,0.4533003810112244,-0.0246099999999999,4.0,,0,0,0,0,0,0,,,,,,,,,-1.159,1.61,-0.1775880911372344,-0.1784347826086957,-0.1324382182697666,-0.0824305405817036,-0.075568994832472,-0.032575
956,2020,MD,-0.1482,0.6702902266434212,-0.12989,1.03686513242725,1.14527968213722,-0.0494524510184348,0,4,-0.0152,0.012,8.1,1,6172.679,10.0,43.0,43.0,-0.1320086790412908,-0.137055785308664,-0.1172327947701371,-0.1544004233995307,0.6692417993565978,0.6692417993565978,0.6692417993565978,0.6692417993565978,-0.11414,-0.0928099999999999,-0.07873,-0.0370800000000001,1,Trump_2020,Biden_2020,,,,-0.32,0.283,0.1482,,,,0.403,0.162,0.3297097733565788,-0.1482,10.0,,0,0,0,0,0,0,,,,,,,,,-1.159,1.61,-0.0966687962841706,-0.2970060975609755,-0.129107884851331,-0.2113417650492344,-0.0673596809936095,-0.12201500000000001
957,2020,MA,-0.14908,0.6711684059750358,-0.13624,1.03686513242725,1.14527968213722,-0.0494524510184348,0,4,-0.0152,0.012,8.1,1,7022.22,11.0,43.0,43.0,-0.258817339433623,-0.3459674747040356,-0.3628768846805935,-0.2466357963392976,0.79605045974893,0.79605045974893,0.79605045974893,0.79605045974893,-0.09897,-0.09548,-0.1405,-0.04076,1,Trump_2020,Biden_2020,,,,-0.32,0.283,0.14908,,,,0.403,0.162,0.3288315940249642,-0.14908,11.0,,0,0,0,0,0,0,,,,,,,,,-1.159,1.61,-0.3819462954710366,-0.2457453416149068,-0.3722054398353103,-0.4188911077498073,-0.339826433253998,-0.117605
958,2020,MI,0.00797,0.5141174080845013,0.0114899999999999,1.03686513242725,1.14527968213722,-0.0494524510184348,0,4,-0.0152,0.012,8.1,1,10067.664,16.0,43.0,43.0,-0.0026759070008252,-0.0017646209200083,-0.0446089496011797,-0.0250592674695048,0.5399090273161321,0.5399090273161321,0.5399090273161321,0.5399090273161321,-0.02887,-0.0472199999999999,-0.03033,0.0587099999999998,1,Trump_2020,Biden_2020,,,,-0.32,0.283,-0.00797,,,,0.403,0.162,0.4858825919154986,0.00797,16.0,,0,0,0,0,0,0,,,,,,,,,-1.159,1.61,-0.0284024526134082,-0.0140950226244343,-0.0107133912085481,-0.0383195327460975,0.0273083110889343,-0.00869000000000005
959,2020,MN,-0.0143599999999999,0.5364455364455365,0.0019599999999999,1.03686513242725,1.14527968213722,-0.0494524510184348,0,4,-0.0152,0.012,8.1,1,5707.165,10.0,43.0,43.0,0.5372331203153069,0.0705309730940613,0.2193192012476491,0.084127868605301,0.0,0.0,0.0,0.0,-0.0202499999999999,-0.0157999999999999,-0.03068,0.0177599999999998,1,Trump_2020,Biden_2020,,,,-0.32,0.283,0.0143599999999999,,,,0.403,0.162,0.4635544635544635,-0.0143599999999999,10.0,,0,0,0,0,0,0,,,,,,,,,-1.159,1.61,0.1555862898516262,-0.0686454767726161,0.1621679448361278,0.1524868058800041,0.1195938006211558,-0.009145
960,2020,MS,0.10591,0.4161767687005879,0.1011699999999999,1.03686513242725,1.14527968213722,-0.0494524510184348,0,4,-0.0152,0.012,8.1,1,2956.87,6.0,43.0,43.0,0.0788409701242575,0.0947770947266385,0.0528066515066054,0.1332999581263779,0.4583921501910494,0.4583921501910494,0.4583921501910494,0.4583921501910494,0.0771799999999999,0.10291,0.0861699999999999,-0.00174,1,Trump_2020,Biden_2020,,,,-0.32,0.283,-0.10591,,,,0.403,0.162,0.583823231299412,0.10591,0.0,,0,0,0,0,1,0,,,,,,,,,-1.159,1.61,0.6521858226351351,0.4807234726688104,0.5286572449083011,0.4384527582545104,0.5154812740847784,0.0891749999999999
961,2020,MO,0.10044,0.4216474900722941,0.1084299999999999,1.03686513242725,1.14527968213722,-0.0494524510184348,0,4,-0.0152,0.012,8.1,1,6154.481,10.0,43.0,43.0,0.1014580446882466,0.0985056891764871,0.0842315180008372,0.0688476768546891,0.4357750756270602,0.4357750756270602,0.4357750756270602,0.4357750756270602,0.0670199999999999,0.03717,0.0231299999999999,0.0712599999999999,1,Trump_2020,Biden_2020,,,,-0.32,0.283,-0.10044,,,,0.403,0.162,0.5783525099277059,0.10044,0.0,,0,0,0,0,0,0,,,,,,,,,-1.159,1.61,0.3713920746590909,0.145306282722513,0.3299453908096591,0.2953727301184921,0.3148858157966658,0.0877249999999999
962,2020,MT,0.10606,0.4160254437262747,0.1213499999999999,1.03686513242725,1.14527968213722,-0.0494524510184348,0,4,-0.0152,0.012,8.1,1,1086.193,3.0,43.0,43.0,0.061089879747488,0.0735160553236859,0.0424034315988927,0.0571301287823573,0.4761432405678188,0.4761432405678188,0.4761432405678188,0.4761432405678188,0.0897099999999999,0.04818,0.0919299999999999,0.0731699999999999,1,Trump_2020,Biden_2020,,,,-0.32,0.283,-0.10606,,,,0.403,0.162,0.5839745562737253,0.10606,0.0,,0,0,0,0,0,0,,,,,,,,,-1.159,1.61,0.0439372345647772,0.2943701067615658,0.1603233511418754,0.120274441216571,-0.1851946243297821,0.1055299999999999
963,2020,NE,0.11989,0.4021973508573775,0.1457599999999999,1.03686513242725,1.14527968213722,-0.0494524510184348,0,4,-0.0152,0.012,8.1,1,1961.455,5.0,43.0,43.0,0.1575254096760315,0.2087446206608901,0.1120236302018409,0.144671859366171,0.3797077106392753,0.3797077106392753,0.3797077106392753,0.3797077106392753,0.1306099999999999,0.11258,0.1553999999999999,0.0331799999999999,1,Trump_2020,Biden_2020,,,,-0.32,0.283,-0.11989,,,,0.403,0.162,0.5978026491426225,0.11989,0.0,,0,0,0,0,0,0,,,,,,,,,-1.159,1.61,0.4151619852597403,0.1132033898305084,0.3699871809253247,0.3633827942477591,0.423431329960533,0.1381849999999999
964,2020,NV,0.00986,0.5122275657423514,-0.00267,1.03686513242725,1.14527968213722,-0.0494524510184348,0,4,-0.0152,0.012,8.1,1,3114.071,6.0,43.0,43.0,0.0095504912254796,-0.0123070243177625,0.0560587591299345,0.0044133441013782,0.5276826290898272,0.5276826290898272,0.5276826290898272,0.5276826290898272,-0.01499,-0.0273799999999999,0.0001099999999999,0.0247099999999999,1,Trump_2020,Biden_2020,,,,-0.32,0.283,-0.00986,,,,0.403,0.162,0.4877724342576486,0.00986,6.0,,0,0,0,0,0,0,,,,,,,,,-1.159,1.61,0.1227970516140279,0.0080869565217391,0.0370854243438883,-0.0725968403736841,0.0467334685946161,-0.00883
965,2020,NH,-0.0153799999999999,0.5374732334047109,0.0082999999999999,1.03686513242725,1.14527968213722,-0.0494524510184348,0,4,-0.0152,0.012,8.1,1,1377.848,4.0,43.0,43.0,-0.0183299718543097,-0.0230050960013799,-0.0515776771560457,-0.0201857256751624,0.5555630921696166,0.5555630921696166,0.5555630921696166,0.5555630921696166,-0.0093,-0.0121999999999999,-0.01997,0.0204999999999999,1,Trump_2020,Biden_2020,,,,-0.32,0.283,0.0153799999999999,,,,0.403,0.162,0.4625267665952891,-0.0153799999999999,4.0,,0,0,0,0,0,0,,,,,,,,,-1.159,1.61,-0.0310339399985253,-0.0915010266940452,-0.0206544150925311,-0.0144840013397056,-0.0166631985630528,-0.0005000000000000499
966,2020,NJ,-0.0585799999999999,0.5806745670009116,-0.06255,1.03686513242725,1.14527968213722,-0.0494524510184348,0,4,-0.0152,0.012,8.1,1,9279.743,14.0,43.0,43.0,-0.0704675279946329,-0.0489582003934636,-0.0461548963199588,-0.0541810780321387,0.6077006483099399,0.6077006483099399,0.6077006483099399,0.6077006483099399,-0.07074,-0.0421599999999999,-0.04678,-0.02039,1,Trump_2020,Biden_2020,,,,-0.32,0.283,0.0585799999999999,,,,0.403,0.162,0.4193254329990884,-0.0585799999999999,14.0,,0,0,0,0,0,0,,,,,,,,,-1.159,1.61,-0.0921178137260046,-0.1347777777777777,-0.0106845930000188,-0.0727166730783697,-0.1234765124345934,-0.066645
967,2020,NM,-0.03308,0.5551692402086104,-0.03627,1.03686513242725,1.14527968213722,-0.0494524510184348,0,4,-0.0152,0.012,8.1,1,2117.566,5.0,43.0,43.0,-0.0669386867150657,-0.0674624614383192,-0.0658287019633048,-0.0492949817324288,0.6041718070303727,0.6041718070303727,0.6041718070303727,0.6041718070303727,-0.03408,-0.0401599999999999,-0.00907,0.0038899999999999,1,Trump_2020,Biden_2020,,,,-0.32,0.283,0.03308,,,,0.403,0.162,0.4448307597913896,-0.03308,5.0,,0,0,0,0,0,0,,,,,,,,,-1.159,1.61,0.0038329648706303,0.0411966101694915,-0.0403545586733158,-0.0179790638178046,0.0941116139517439,-0.035175
968,2020,NY,-0.0950899999999999,0.6171787851130718,-0.10743,1.03686513242725,1.14527968213722,-0.0494524510184348,0,4,-0.0152,0.012,8.1,1,20154.933,29.0,43.0,43.0,-0.1591474862557218,-0.1698153132014911,-0.1229808627157227,-0.1645706494541557,0.6963806065710287,0.6963806065710287,0.6963806065710287,0.6963806065710287,-0.12384,-0.0992799999999999,-0.1059499999999999,-0.0081500000000001,1,Trump_2020,Biden_2020,,,,-0.32,0.283,0.0950899999999999,,,,0.403,0.162,0.3828212148869282,-0.0950899999999999,29.0,,0,0,0,0,0,0,,,,,,,,,-1.159,1.61,-0.1637630248517864,-0.3494025157232704,-0.2413830077645315,-0.4074156038348692,-0.2352089682286686,-0.115635
969,2020,NC,0.02889,0.4931993503857084,0.0293399999999999,1.03686513242725,1.14527968213722,-0.0494524510184348,0,4,-0.0152,0.012,8.1,1,10457.177,15.0,43.0,43.0,0.0475977713536243,0.0258545574332452,0.0217459008807587,-0.0070644936382644,0.4896353489616826,0.4896353489616826,0.4896353489616826,0.4896353489616826,0.0292799999999999,0.03483,0.0493499999999999,-0.00549,1,Trump_2020,Biden_2020,,,,-0.32,0.283,-0.02889,,,,0.403,0.162,0.5068006496142916,0.02889,0.0,,0,0,0,0,1,0,,,,,,,,,-1.159,1.61,-0.0121991217266143,0.1273730297723292,0.0457679315015501,0.0770305045177206,0.0443508853362146,0.0293099999999999
970,2020,ND,0.19423,0.3278620832042944,0.2083599999999999,1.03686513242725,1.14527968213722,-0.0494524510184348,0,4,-0.0152,0.012,8.1,1,778.962,3.0,43.0,43.0,0.5372331203153069,0.2369795494017027,0.4641460520248615,0.5022558544989516,0.0,0.0,0.0,0.0,0.1201899999999999,0.08058,0.1260199999999999,0.1277799999999999,1,Trump_2020,Biden_2020,,,,-0.32,0.283,-0.19423,,,,0.403,0.162,0.6721379167957056,0.19423,0.0,,0,0,0,0,0,0,,,,,,,,,-1.159,1.61,0.5718167254545454,0.4116603773584905,0.5083468388636363,0.5228332467877415,0.6486165320074582,0.1642749999999999
971,2020,OH,0.06285,0.4592427164754847,0.0529599999999999,1.03686513242725,1.14527968213722,-0.0494524510184348,0,4,-0.0152,0.012,8.1,1,11790.587,18.0,43.0,43.0,0.0610840792850594,0.0743564360010069,0.0643551684149093,0.0229059415907992,0.4761490410302474,0.4761490410302474,0.4761490410302474,0.4761490410302474,0.0039199999999999,0.0131499999999999,-0.00248,0.0398099999999999,1,Trump_2020,Biden_2020,,,,-0.32,0.283,-0.06285,,,,0.403,0.162,0.5407572835245152,0.06285,0.0,,0,0,0,0,0,0,,,,,,,,,-1.159,1.61,0.2399243887177141,0.024051948051948,0.1919734100764375,0.173655427625936,0.2405534392000805,0.028439999999999903
972,2020,OK,0.19145,0.330636903542904,0.2033299999999999,1.03686513242725,1.14527968213722,-0.0494524510184348,0,4,-0.0152,0.012,8.1,1,3962.031,7.0,43.0,43.0,0.1675538411541803,0.2118513294483707,0.1886361064232808,0.1784511707720459,0.3696792791611266,0.3696792791611266,0.3696792791611266,0.3696792791611266,0.1871599999999999,0.19294,0.1426299999999999,0.0103899999999999,1,Trump_2020,Biden_2020,,,,-0.32,0.283,-0.19145,,,,0.403,0.162,0.669363096457096,0.19145,0.0,,0,0,0,0,0,0,,,,,,,,,-1.159,1.61,0.41193463125,0.5462245762711864,0.371154821875,0.3612394202821698,0.4248619994877486,0.1952449999999999
973,2020,OR,-0.0609499999999999,0.5830406940714729,-0.05129,1.03686513242725,1.14527968213722,-0.0494524510184348,0,4,-0.0152,0.012,8.1,1,4241.544,7.0,43.0,43.0,-0.0644938062350408,-0.0915200022682491,-0.1075744163201197,-0.0776895378341123,0.6017269265503478,0.6017269265503478,0.6017269265503478,0.6017269265503478,-0.04308,-0.0476499999999999,-0.03416,-0.00364,1,Trump_2020,Biden_2020,,,,-0.32,0.283,0.0609499999999999,,,,0.403,0.162,0.4169593059285271,-0.0609499999999999,7.0,,0,0,0,0,0,0,,,,,,,,,-1.159,1.61,0.040955326387987,-0.0635685483870967,0.0677297467451298,0.013067881656461,0.1015889332123473,-0.047185000000000005
974,2020,PA,0.01617,0.5059180576631259,0.0140399999999999,1.03686513242725,1.14527968213722,-0.0494524510184348,0,4,-0.0152,0.012,8.1,1,12989.625,20.0,43.0,43.0,-0.0142420495642907,0.0338620284093063,0.0195282488808348,-0.0053271710362973,0.5514751698795977,0.5514751698795977,0.5514751698795977,0.5514751698795977,-0.00822,-0.0158099999999999,-0.02565,0.0298499999999999,1,Trump_2020,Biden_2020,,,,-0.32,0.283,-0.01617,,,,0.403,0.162,0.4940819423368741,0.01617,20.0,,0,0,0,0,0,0,,,,,,,,,-1.159,1.61,0.1631975583013714,-0.0923609671848013,0.0673736965439942,0.042815382182315,0.1498424059775432,0.00290999999999995
975,2020,RI,-0.0839299999999999,0.6060204081632653,-0.07283,1.03686513242725,1.14527968213722,-0.0494524510184348,0,4,-0.0152,0.012,8.1,1,1096.229,4.0,43.0,43.0,-0.1141270631369356,-0.1583560000399322,-0.1468771906684129,-0.0873945554046228,0.6513601834522426,0.6513601834522426,0.6513601834522426,0.6513601834522426,-0.12129,-0.1054899999999999,-0.11885,0.0326599999999999,1,Trump_2020,Biden_2020,,,,-0.32,0.283,0.0839299999999999,,,,0.403,0.162,0.3939795918367347,-0.0839299999999999,4.0,,0,0,0,0,0,0,,,,,,,,,-1.159,1.61,-0.165613195625,-0.4585384615384615,-0.2982309698437499,-0.3906790299803041,-0.1074426435657398,-0.09706000000000001
976,2020,SC,0.08136,0.4407347270144104,0.0849099999999999,1.03686513242725,1.14527968213722,-0.0494524510184348,0,4,-0.0152,0.012,8.1,1,5130.729,9.0,43.0,43.0,0.0874023540595545,0.0979980935787113,0.1249364748930886,0.0918767288209153,0.4498307662557523,0.4498307662557523,0.4498307662557523,0.4498307662557523,0.0723499999999999,0.08193,0.0732799999999999,0.0029799999999999,1,Trump_2020,Biden_2020,,,,-0.32,0.283,-0.08136,,,,0.403,0.162,0.5592652729855896,0.08136,0.0,,0,0,0,0,1,0,,,,,,,,,-1.159,1.61,0.2307161786764173,0.2701141975308642,0.2787790939168603,0.3105175473979926,0.23618232442348,0.0786299999999999
977,2020,SD,0.15641,0.3656808379544054,0.1699799999999999,1.03686513242725,1.14527968213722,-0.0494524510184348,0,4,-0.0152,0.012,8.1,1,887.099,3.0,43.0,43.0,0.1634929343361321,0.1336944137296875,0.1294423219158209,0.0767531969922213,0.3737401859791748,0.3737401859791748,0.3737401859791748,0.3737401859791748,0.1111799999999999,0.07945,0.0960599999999999,0.0905299999999999,1,Trump_2020,Biden_2020,,,,-0.32,0.283,-0.15641,,,,0.403,0.162,0.6343191620455946,0.15641,0.0,,0,0,0,0,0,0,,,,,,,,,-1.159,1.61,0.8463690105263156,0.538731707317073,0.6823399524671052,0.6279256190097259,0.8263470380194518,0.1405799999999999
978,2020,TN,0.14038,0.3817144022016104,0.1464899999999999,1.03686513242725,1.14527968213722,-0.0494524510184348,0,4,-0.0152,0.012,8.1,1,6920.119,11.0,43.0,43.0,0.1391107321924249,0.139889748454848,0.1184801251185269,0.1345340535456143,0.398122388122882,0.398122388122882,0.398122388122882,0.398122388122882,0.1226099999999999,0.1128,0.05878,0.0336899999999999,1,Trump_2020,Biden_2020,,,,-0.32,0.283,-0.14038,,,,0.403,0.162,0.6182855977983897,0.14038,0.0,,0,0,0,0,1,0,,,,,,,,,-1.159,1.61,0.1811786867455316,0.2288796992481203,0.3110758090965445,0.2606987516660155,0.1472349079362239,0.1345499999999999
979,2020,TX,0.0504,0.4716866247209255,0.0573599999999999,1.03686513242725,1.14527968213722,-0.0494524510184348,0,4,-0.0152,0.012,8.1,1,29217.653,38.0,43.0,43.0,0.0549223462161487,0.099474224375956,0.1096966785806706,0.1024954478407502,0.4823107740991581,0.4823107740991581,0.4823107740991581,0.4823107740991581,0.0992799999999999,0.09585,0.1020299999999999,-0.03849,1,Trump_2020,Biden_2020,,,,-0.32,0.283,-0.0504,,,,0.403,0.162,0.5283133752790745,0.0504,0.0,,0,0,0,0,1,0,,,,,,,,,-1.159,1.61,0.317526428834868,0.2486560178306092,0.272810206483755,0.2649783217059652,0.3430502094092583,0.07831999999999989
980,2020,UT,0.129,0.3930883274169973,0.1341199999999999,1.03686513242725,1.14527968213722,-0.0494524510184348,0,4,-0.0152,0.012,8.1,1,3281.684,6.0,43.0,43.0,0.1599477743711276,0.1587274291182355,0.1208674401732175,0.1686670820263076,0.3772853459441792,0.3772853459441792,0.3772853459441792,0.3772853459441792,0.2650599999999999,0.18175,0.2203899999999999,-0.04763,1,Trump_2020,Biden_2020,,,,-0.32,0.283,-0.129,,,,0.403,0.162,0.6069116725830027,0.129,0.0,,0,0,0,0,0,0,,,,,,,,,-1.159,1.61,0.3168988358739837,0.2673622047244094,0.2606156657883275,0.280011487410498,0.354357917401681,0.1995899999999999
981,2020,VT,-0.1609399999999999,0.6830301777594048,-0.14159,1.03686513242725,1.14527968213722,-0.0494524510184348,0,4,-0.0152,0.012,8.1,1,642.495,3.0,43.0,43.0,-0.1900399576165894,-0.507333445060008,-0.2106998017564396,-0.2531498592073528,0.7272730779318963,0.7272730779318963,0.7272730779318963,0.7272730779318963,-0.16322,-0.1524999999999999,-0.11608,0.0109099999999999,1,Trump_2020,Biden_2020,,,,-0.32,0.283,0.1609399999999999,,,,0.403,0.162,0.3169698222405952,-0.1609399999999999,3.0,,0,0,0,0,0,0,,,,,,,,,-1.159,1.61,-0.5070345439159306,-0.3163097345132744,-0.5228303186512336,-0.9871605142458022,-1.165,-0.152405
982,2020,VA,-0.0294299999999999,0.5515237998165324,-0.0179799999999999,1.03686513242725,1.14527968213722,-0.0494524510184348,0,4,-0.0152,0.012,8.1,1,8632.044,13.0,43.0,43.0,-0.0327292273766194,-0.0095503638669772,0.0389839912775878,0.0118594535133934,0.5699623476919263,0.5699623476919263,0.5699623476919263,0.5699623476919263,-0.00064,0.0046599999999999,0.0282699999999999,-0.0226399999999999,1,Trump_2020,Biden_2020,,,,-0.32,0.283,0.0294299999999999,,,,0.403,0.162,0.4484762001834675,-0.0294299999999999,13.0,,0,0,0,0,1,0,,,,,,,,,-1.159,1.61,0.2006443853037568,0.4002267716535433,0.1136409688543878,0.0645351320563046,0.160092364211075,-0.00930999999999995
983,2020,WA,-0.0771499999999999,0.5992350630556129,-0.07761,1.03686513242725,1.14527968213722,-0.0494524510184348,0,4,-0.0152,0.012,8.1,1,7718.785,12.0,43.0,43.0,-0.1057348384087616,-0.0600636757005452,-0.0520871959057652,-0.0421823289485543,0.6429679587240685,0.6429679587240685,0.6429679587240685,0.6429679587240685,-0.05725,-0.05103,-0.04954,-0.02658,1,Trump_2020,Biden_2020,,,,-0.32,0.283,0.0771499999999999,,,,0.403,0.162,0.4007649369443871,-0.0771499999999999,12.0,,0,0,0,0,0,0,,,,,,,,,-1.159,1.61,-0.2124437707690062,-0.106312661498708,-0.2069500850349202,-0.2055652839746234,-0.1569004721274317,-0.06743
984,2020,WV,0.22009,0.3020038653239751,0.2318599999999999,1.03686513242725,1.14527968213722,-0.0494524510184348,0,4,-0.0152,0.012,8.1,1,1789.798,5.0,43.0,43.0,0.1269440597010837,0.1574008356951013,0.0350818701515323,0.101383637283498,0.4102890606142232,0.4102890606142232,0.4102890606142232,0.4102890606142232,0.1561699999999999,0.10323,0.05173,0.1286299999999999,1,Trump_2020,Biden_2020,,,,-0.32,0.283,-0.22009,,,,0.403,0.162,0.6979961346760248,0.22009,0.0,,0,0,0,0,0,0,,,,,,,,,-1.159,1.61,0.2111527297208538,-0.0853942307692307,0.2272013972742199,0.224744094190112,0.2501650221506242,0.19401499999999988
985,2020,WI,0.01888,0.5032054543604355,0.0143899999999999,1.03686513242725,1.14527968213722,-0.0494524510184348,0,4,-0.0152,0.012,8.1,1,5892.323,10.0,43.0,43.0,-0.0010529196712152,-0.0280326177873664,-0.0078649997140236,-0.0052994403542452,0.5382860399865221,0.5382860399865221,0.5382860399865221,0.5382860399865221,-0.01579,-0.0340699999999999,-0.01499,0.0484599999999998,1,Trump_2020,Biden_2020,,,,-0.32,0.283,-0.01888,,,,0.403,0.162,0.4967945456395645,0.01888,10.0,,0,0,0,0,0,0,,,,,,,,,-1.159,1.61,0.264207183560438,0.1118691099476439,0.1536144991512488,0.1270780162044606,0.2274201372767997,-0.0007000000000000495
986,2020,WY,0.24693,0.2751580474660586,0.2673,1.03686513242725,1.14527968213722,-0.0494524510184348,0,4,-0.0152,0.012,8.1,1,577.267,3.0,43.0,43.0,0.2183728688594819,0.1668793488202037,0.2135311661516573,0.2452622153961728,0.3188602514558249,0.3188602514558249,0.3188602514558249,0.3188602514558249,0.2307799999999999,0.20211,0.1900599999999999,0.0651899999999999,1,Trump_2020,Biden_2020,,,,-0.32,0.283,-0.24693,,,,0.403,0.162,0.7248419525339413,0.24693,0.0,,0,0,0,0,0,0,,,,,,,,,-1.159,1.61,0.8369787366178656,0.4940272108843537,0.6302009815665086,0.6132557149237773,0.8049597859269589,0.24903999999999993
987,2020,USA,0.0,0.5220874616464527,0.0,1.03686513242725,1.14527968213722,-0.0494524510184348,0,4,-0.0152,0.012,8.1,1,,,43.0,43.0,,,,,0.5372331203153069,0.5372331203153069,0.5372331203153069,0.5372331203153069,0.0,0.0,0.0,0.0,1,Trump_2020,Biden_2020,,,,-0.32,0.283,-0.0,,,,0.403,0.162,0.4779125383535473,0.0,,,0,0,0,0,0,0,,,,,,,,,-1.159,1.61,,,,,,0.0
988,2024,AL,,,0.1512,1.0259640859581984,,-0.0299636828791369,0,4,,0.024,,0,,9.0,,38.0,0.2314049570919061,0.2133947250382725,0.1270075674945064,0.1553916381725893,0.2526224628905739,0.2526224628905739,0.2526224628905739,0.2526224628905739,0.1539999999999999,0.1312799999999999,0.1454,0.0199200000000001,0,nan_2024,nan_2024,,,,-0.32,0.283,,,,,,,,,,,0,0,0,0,0,1,,,,,,,,,,,,,,,,0.15259999999999996
989,2024,AK,,,0.07471,1.0259640859581984,,-0.0299636828791369,0,4,,0.024,,0,,3.0,,38.0,-0.0143713828027501,0.0599081350933666,0.0702962071050199,0.0754697130681134,0.4983988027852302,0.4983988027852302,0.4983988027852302,0.4983988027852302,0.0941399999999999,0.0923799999999999,0.14714,-0.0176699999999999,0,nan_2024,nan_2024,,,,-0.32,0.283,,,,,,,,,,,0,0,0,0,0,0,,,,,,,,,,,,,,,,0.08442499999999994
990,2024,AZ,,,0.02057,1.0259640859581984,,-0.0299636828791369,0,4,,0.024,,0,,11.0,,38.0,0.0528210654474728,0.0154750770286877,0.0286191533616086,0.0426993450761624,0.4312063545350071,0.4312063545350071,0.4312063545350071,0.4312063545350071,0.0291699999999999,0.0654499999999999,0.07963,-0.0448799999999998,0,nan_2024,nan_2024,,,,-0.32,0.283,,,,,,,,,,,0,0,0,0,0,0,,,,,,,,,,,,,,,,0.02486999999999995
991,2024,AR,,,0.1642,1.0259640859581984,,-0.0299636828791369,0,4,,0.024,,0,,6.0,,38.0,0.171564714281784,0.2288597704439595,0.1772056504740407,0.3649401800807987,0.3124627057006959,0.3124627057006959,0.3124627057006959,0.3124627057006959,0.1531399999999999,0.1406999999999999,0.13821,0.0235000000000001,0,nan_2024,nan_2024,,,,-0.32,0.283,,,,,,,,,,,0,0,0,0,0,1,,,,,,,,,,,,,,,,0.15866999999999995
992,2024,CA,,,-0.1269899999999999,1.0259640859581984,,-0.0299636828791369,0,4,,0.024,,0,,54.0,,38.0,-0.1519700046179053,-0.1486706694934685,-0.1312040693970733,-0.155471925114628,0.6359974246003853,0.6359974246003853,0.6359974246003853,0.6359974246003853,-0.15099,-0.09955,-0.0862899999999999,-0.0274399999999999,0,nan_2024,nan_2024,,,,-0.32,0.283,,,,,,,,,,,1,0,0,0,0,0,,,,,,,,,,,,,,,,-0.13898999999999995
993,2024,CO,,,-0.0472799999999999,1.0259640859581984,,-0.0299636828791369,0,4,,0.024,,0,,10.0,,38.0,-0.0810422480797964,-0.0351266644048399,-0.0171294154515556,-0.0024700003691296,0.5650696680622764,0.5650696680622764,0.5650696680622764,0.5650696680622764,-0.01658,-0.0085,-0.00902,-0.0387799999999999,0,nan_2024,nan_2024,,,,-0.32,0.283,,,,,,,,,,,0,0,0,0,0,0,,,,,,,,,,,,,,,,-0.03192999999999995
994,2024,CT,,,-0.0798399999999999,1.0259640859581984,,-0.0299636828791369,0,4,,0.024,,0,,7.0,,38.0,-0.0935266429403612,-0.0877721752375643,-0.0748501679183264,-0.1289126290066051,0.5775540629228413,0.5775540629228413,0.5775540629228413,0.5775540629228413,-0.06113,-0.0689,-0.0766899999999999,-0.0109399999999998,0,nan_2024,nan_2024,,,,-0.32,0.283,,,,,,,,,,,0,0,0,0,0,0,,,,,,,,,,,,,,,,-0.07048499999999995
995,2024,DC,,,-0.42255,1.0259640859581984,,-0.0299636828791369,0,4,,0.024,,0,,3.0,,38.0,,-0.4859322772004438,,,,,,,-0.44664,-0.4065000000000001,-0.39752,-0.0160499999999998,0,nan_2024,nan_2024,,,,-0.32,0.283,,,,,,,,,,,0,0,0,0,0,0,,,,,,,,,,,,,,,,-0.43459499999999995
996,2024,DE,,,-0.0741899999999999,1.0259640859581984,,-0.0299636828791369,0,4,,0.024,,0,,3.0,,38.0,-0.0794799090617596,-0.074876003732235,-0.1073065792342158,-0.0827951247239273,0.5635073290442396,0.5635073290442396,0.5635073290442396,0.5635073290442396,-0.04968,-0.07516,-0.08989,0.00097,0,nan_2024,nan_2024,,,,-0.32,0.283,,,,,,,,,,,0,0,0,0,0,0,,,,,,,,,,,,,,,,-0.06193499999999995
997,2024,FL,,,0.03905,1.0259640859581984,,-0.0299636828791369,0,4,,0.024,,0,,30.0,,38.0,0.0791586876790158,0.0393704424015328,0.0635973983994552,0.0355962186046752,0.4048687323034642,0.4048687323034642,0.4048687323034642,0.4048687323034642,0.0164799999999999,0.0146199999999999,0.02229,0.02443,0,nan_2024,nan_2024,,,,-0.32,0.283,,,,,,,,,,,0,1,0,0,0,1,,,,,,,,,,,,,,,,0.02776499999999995
998,2024,GA,,,0.02092,1.0259640859581984,,-0.0299636828791369,0,4,,0.024,,0,,16.0,,38.0,0.0071723653756979,0.0240305874341357,0.0599497756711251,0.0952977060958045,0.476855054606782,0.476855054606782,0.476855054606782,0.476855054606782,0.0368899999999999,0.0586299999999999,0.06277,-0.0377099999999999,0,nan_2024,nan_2024,,,,-0.32,0.283,,,,,,,,,,,0,0,0,0,0,1,,,,,,,,,,,,,,,,0.02890499999999995
999,2024,HI,,,-0.12822,1.0259640859581984,,-0.0299636828791369,0,4,,0.024,,0,,4.0,,38.0,-0.2026462829394175,-0.1815754140477918,-0.2300058469321876,-0.2942756756648237,0.6866737029218976,0.6866737029218976,0.6866737029218976,0.6866737029218976,-0.16419,-0.19832,-0.19345,0.0701,0,nan_2024,nan_2024,,,,-0.32,0.283,,,,,,,,,,,0,0,0,0,0,0,,,,,,,,,,,,,,,,-0.146205
1000,2024,ID,,,0.18085,1.0259640859581984,,-0.0299636828791369,0,4,,0.024,,0,,4.0,,38.0,0.1699862504113181,0.2012757782653453,0.1768916613098557,0.1743412841246825,0.3140411695711618,0.3140411695711618,0.3140411695711618,0.3140411695711618,0.1933899999999999,0.1834199999999999,0.16674,-0.0025699999999999,0,nan_2024,nan_2024,,,,-0.32,0.283,,,,,,,,,,,0,0,0,0,0,0,,,,,,,,,,,,,,,,0.18711999999999995
1001,2024,IL,,,-0.0645099999999999,1.0259640859581984,,-0.0299636828791369,0,4,,0.024,,0,,19.0,,38.0,-0.0781707497357701,-0.0672290860236471,-0.0739252845478255,-0.046993796536552,0.5621981697182501,0.5621981697182501,0.5621981697182501,0.5621981697182501,-0.07995,-0.0668,-0.0908499999999999,0.0022900000000001,0,nan_2024,nan_2024,,,,-0.32,0.283,,,,,,,,,,,0,0,0,0,0,0,,,,,,,,,,,,,,,,-0.07222999999999995
1002,2024,IN,,,0.10405,1.0259640859581984,,-0.0299636828791369,0,4,,0.024,,0,,11.0,,38.0,0.0914432184237571,0.1067585246209074,0.0923632267793949,0.0708126270825944,0.3925842015587228,0.3925842015587228,0.3925842015587228,0.3925842015587228,0.1100899999999999,0.0711999999999999,0.03127,0.0328500000000001,0,nan_2024,nan_2024,,,,-0.32,0.283,,,,,,,,,,,0,0,0,0,0,0,,,,,,,,,,,,,,,,0.10706999999999994
1003,2024,IA,,,0.06394,1.0259640859581984,,-0.0299636828791369,0,4,,0.024,,0,,6.0,,38.0,0.0468833790032361,0.0440201366100956,0.0167407842876674,0.0394629845537022,0.4371440409792438,0.4371440409792438,0.4371440409792438,0.4371440409792438,0.0609299999999999,-0.0103699999999999,-0.012,0.07431,0,nan_2024,nan_2024,,,,-0.32,0.283,,,,,,,,,,,0,0,0,0,0,0,,,,,,,,,,,,,,,,0.06243499999999995
1004,2024,KS,,,0.09701,1.0259640859581984,,-0.0299636828791369,0,4,,0.024,,0,,6.0,,38.0,0.056520431765704,0.0960686289200701,0.0853125698905183,0.1787592047238091,0.4275069882167759,0.4275069882167759,0.4275069882167759,0.4275069882167759,0.1213899999999999,0.1302099999999999,0.11261,-0.0331999999999998,0,nan_2024,nan_2024,,,,-0.32,0.283,,,,,,,,,,,0,0,0,0,0,0,,,,,,,,,,,,,,,,0.10919999999999995
1005,2024,KY,,,0.15411,1.0259640859581984,,-0.0299636828791369,0,4,,0.024,,0,,8.0,,38.0,0.1441055107403093,0.1637652767951825,0.1413250131952169,0.1998103995127051,0.3399219092421707,0.3399219092421707,0.3399219092421707,0.3399219092421707,0.1669999999999999,0.1346199999999999,0.11882,0.0194900000000001,0,nan_2024,nan_2024,,,,-0.32,0.283,,,,,,,,,,,0,0,0,0,0,0,,,,,,,,,,,,,,,,0.16055499999999995
1006,2024,LA,,,0.11674,1.0259640859581984,,-0.0299636828791369,0,4,,0.024,,0,,8.0,,38.0,0.1921346178181688,0.1672217050329255,0.1389435398634526,0.1822588641143678,0.2918928021643112,0.2918928021643112,0.2918928021643112,0.2918928021643112,0.1119999999999999,0.1065599999999999,0.13106,0.0101800000000001,0,nan_2024,nan_2024,,,,-0.32,0.283,,,,,,,,,,,0,0,0,0,0,1,,,,,,,,,,,,,,,,0.11436999999999994
1007,2024,ME,,,-0.0246099999999999,1.0259640859581984,,-0.0299636828791369,0,4,,0.024,,0,,4.0,,38.0,-0.0365500049186775,-0.0654798381670114,-0.0417817451471552,-0.0269417098293723,0.5205774249011575,0.5205774249011575,0.5205774249011575,0.5205774249011575,-0.00569,-0.05946,-0.05181,0.0348500000000001,0,nan_2024,nan_2024,,,,-0.32,0.283,,,,,,,,,,,0,0,0,0,0,0,,,,,,,,,,,,,,,,-0.01514999999999995
1008,2024,MD,,,-0.1482,1.0259640859581984,,-0.0299636828791369,0,4,,0.024,,0,,10.0,,38.0,-0.1675897834309966,-0.1363272256684246,-0.1320086790412908,-0.137055785308664,0.6516172034134766,0.6516172034134766,0.6516172034134766,0.6516172034134766,-0.12989,-0.11414,-0.0928099999999999,-0.0340599999999999,0,nan_2024,nan_2024,,,,-0.32,0.283,,,,,,,,,,,0,0,0,0,0,0,,,,,,,,,,,,,,,,-0.139045
1009,2024,MA,,,-0.14908,1.0259640859581984,,-0.0299636828791369,0,4,,0.024,,0,,11.0,,38.0,-0.2143367758360409,-0.2662309762500092,-0.258817339433623,-0.3459674747040356,0.6983641958185209,0.6983641958185209,0.6983641958185209,0.6983641958185209,-0.13624,-0.09897,-0.09548,-0.0501099999999999,0,nan_2024,nan_2024,,,,-0.32,0.283,,,,,,,,,,,0,0,0,0,0,0,,,,,,,,,,,,,,,,-0.14266
1010,2024,MI,,,0.00797,1.0259640859581984,,-0.0299636828791369,0,4,,0.024,,0,,15.0,,38.0,-0.0278219473241241,0.0074110541076651,-0.0026759070008252,-0.0017646209200083,0.5118493673066041,0.5118493673066041,0.5118493673066041,0.5118493673066041,0.0114899999999999,-0.02887,-0.0472199999999999,0.03684,0,nan_2024,nan_2024,,,,-0.32,0.283,,,,,,,,,,,0,0,0,0,0,0,,,,,,,,,,,,,,,,0.00972999999999995
1011,2024,MN,,,-0.0143599999999999,1.0259640859581984,,-0.0299636828791369,0,4,,0.024,,0,,10.0,,38.0,0.0906423927042419,0.0873483415672838,0.5372331203153069,0.0705309730940613,0.393385027278238,0.393385027278238,0.393385027278238,0.393385027278238,0.0019599999999999,-0.0202499999999999,-0.0157999999999999,0.00589,0,nan_2024,nan_2024,,,,-0.32,0.283,,,,,,,,,,,0,0,1,0,0,0,,,,,,,,,,,,,,,,-0.006200000000000001
1012,2024,MS,,,0.10591,1.0259640859581984,,-0.0299636828791369,0,4,,0.024,,0,,6.0,,38.0,0.127980697726477,0.1711794452794111,0.0788409701242575,0.0947770947266385,0.3560467222560029,0.3560467222560029,0.3560467222560029,0.3560467222560029,0.1011699999999999,0.0771799999999999,0.10291,0.02873,0,nan_2024,nan_2024,,,,-0.32,0.283,,,,,,,,,,,0,0,0,0,0,1,,,,,,,,,,,,,,,,0.10353999999999995
1013,2024,MO,,,0.10044,1.0259640859581984,,-0.0299636828791369,0,4,,0.024,,0,,10.0,,38.0,0.0902000301395447,0.1093413253508343,0.1014580446882466,0.0985056891764871,0.3938273898429353,0.3938273898429353,0.3938273898429353,0.3938273898429353,0.1084299999999999,0.0670199999999999,0.03717,0.03342,0,nan_2024,nan_2024,,,,-0.32,0.283,,,,,,,,,,,0,0,0,0,0,0,,,,,,,,,,,,,,,,0.10443499999999994
1014,2024,MT,,,0.10606,1.0259640859581984,,-0.0299636828791369,0,4,,0.024,,0,,4.0,,38.0,0.0909249451542124,0.0779312726383781,0.061089879747488,0.0735160553236859,0.3931024748282676,0.3931024748282676,0.3931024748282676,0.3931024748282676,0.1213499999999999,0.0897099999999999,0.04818,0.01635,0,nan_2024,nan_2024,,,,-0.32,0.283,,,,,,,,,,,0,0,0,0,0,0,,,,,,,,,,,,,,,,0.11370499999999995
1015,2024,NE,,,0.11989,1.0259640859581984,,-0.0299636828791369,0,4,,0.024,,0,,5.0,,38.0,0.1217042773015545,0.1562984120051765,0.1575254096760315,0.2087446206608901,0.3623231426809254,0.3623231426809254,0.3623231426809254,0.3623231426809254,0.1457599999999999,0.1306099999999999,0.11258,-0.0107199999999998,0,nan_2024,nan_2024,,,,-0.32,0.283,,,,,,,,,,,0,0,0,0,0,0,,,,,,,,,,,,,,,,0.13282499999999994
1016,2024,NV,,,0.00986,1.0259640859581984,,-0.0299636828791369,0,4,,0.024,,0,,6.0,,38.0,0.0014723090680949,0.0018697288748874,0.0095504912254796,-0.0123070243177625,0.482555110914385,0.482555110914385,0.482555110914385,0.482555110914385,-0.00267,-0.01499,-0.0273799999999999,0.0248500000000001,0,nan_2024,nan_2024,,,,-0.32,0.283,,,,,,,,,,,0,0,0,0,0,0,,,,,,,,,,,,,,,,0.003595
1017,2024,NH,,,-0.0153799999999999,1.0259640859581984,,-0.0299636828791369,0,4,,0.024,,0,,4.0,,38.0,-0.0655960611753661,-0.0249001653167029,-0.0183299718543097,-0.0230050960013799,0.5496234811578461,0.5496234811578461,0.5496234811578461,0.5496234811578461,0.0082999999999999,-0.0093,-0.0121999999999999,-0.0060799999999998,0,nan_2024,nan_2024,,,,-0.32,0.283,,,,,,,,,,,0,0,0,0,0,0,,,,,,,,,,,,,,,,-0.0035400000000000006
1018,2024,NJ,,,-0.0585799999999999,1.0259640859581984,,-0.0299636828791369,0,4,,0.024,,0,,14.0,,38.0,-0.0656803049133356,-0.0653541396317707,-0.0704675279946329,-0.0489582003934636,0.5497077248958157,0.5497077248958157,0.5497077248958157,0.5497077248958157,-0.06255,-0.07074,-0.0421599999999999,0.01216,0,nan_2024,nan_2024,,,,-0.32,0.283,,,,,,,,,,,0,0,0,0,0,0,,,,,,,,,,,,,,,,-0.06056499999999995
1019,2024,NM,,,-0.03308,1.0259640859581984,,-0.0299636828791369,0,4,,0.024,,0,,5.0,,38.0,-0.0666197945023975,-0.0346254012299845,-0.0669386867150657,-0.0674624614383192,0.5506472144848775,0.5506472144848775,0.5506472144848775,0.5506472144848775,-0.03627,-0.03408,-0.0401599999999999,0.001,0,nan_2024,nan_2024,,,,-0.32,0.283,,,,,,,,,,,0,0,0,0,0,0,,,,,,,,,,,,,,,,-0.034675
1020,2024,NY,,,-0.0950899999999999,1.0259640859581984,,-0.0299636828791369,0,4,,0.024,,0,,28.0,,38.0,-0.0915247079874738,-0.1227452904196038,-0.1591474862557218,-0.1698153132014911,0.5755521279699538,0.5755521279699538,0.5755521279699538,0.5755521279699538,-0.10743,-0.12384,-0.0992799999999999,0.0287500000000001,0,nan_2024,nan_2024,,,,-0.32,0.283,,,,,,,,,,,0,0,0,0,0,0,,,,,,,,,,,,,,,,-0.10125999999999995
1021,2024,NC,,,0.02889,1.0259640859581984,,-0.0299636828791369,0,4,,0.024,,0,,16.0,,38.0,0.0055802883145713,0.0113088687005049,0.0475977713536243,0.0258545574332452,0.4784471316679086,0.4784471316679086,0.4784471316679086,0.4784471316679086,0.0293399999999999,0.0292799999999999,0.03483,-0.0003899999999999,0,nan_2024,nan_2024,,,,-0.32,0.283,,,,,,,,,,,0,0,0,0,0,1,,,,,,,,,,,,,,,,0.02911499999999995
1022,2024,ND,,,0.19423,1.0259640859581984,,-0.0299636828791369,0,4,,0.024,,0,,3.0,,38.0,0.48402741998248,0.5140677227995561,0.5372331203153069,0.2369795494017027,0.0,0.0,0.0,0.0,0.2083599999999999,0.1201899999999999,0.08058,0.0740400000000001,0,nan_2024,nan_2024,,,,-0.32,0.283,,,,,,,,,,,0,0,0,0,0,0,,,,,,,,,,,,,,,,0.20129499999999995
1023,2024,OH,,,0.06285,1.0259640859581984,,-0.0299636828791369,0,4,,0.024,,0,,17.0,,38.0,0.0483132507200663,0.0843107655664652,0.0610840792850594,0.0743564360010069,0.4357141692624136,0.4357141692624136,0.4357141692624136,0.4357141692624136,0.0529599999999999,0.0039199999999999,0.0131499999999999,0.0589300000000001,0,nan_2024,nan_2024,,,,-0.32,0.283,,,,,,,,,,,0,0,0,1,0,0,,,,,,,,,,,,,,,,0.057904999999999957
1024,2024,OK,,,0.19145,1.0259640859581984,,-0.0299636828791369,0,4,,0.024,,0,,7.0,,38.0,0.1646113715155048,0.2010674451508068,0.1675538411541803,0.2118513294483707,0.3194160484669751,0.3194160484669751,0.3194160484669751,0.3194160484669751,0.2033299999999999,0.1871599999999999,0.19294,0.0042900000000001,0,nan_2024,nan_2024,,,,-0.32,0.283,,,,,,,,,,,0,0,0,0,0,0,,,,,,,,,,,,,,,,0.19738999999999995
1025,2024,OR,,,-0.0609499999999999,1.0259640859581984,,-0.0299636828791369,0,4,,0.024,,0,,8.0,,38.0,-0.0590713682512241,-0.0566550390364876,-0.0644938062350408,-0.0915200022682491,0.5430987882337042,0.5430987882337042,0.5430987882337042,0.5430987882337042,-0.05129,-0.04308,-0.0476499999999999,-0.0178699999999999,0,nan_2024,nan_2024,,,,-0.32,0.283,,,,,,,,,,,0,0,0,0,0,0,,,,,,,,,,,,,,,,-0.05611999999999995
1026,2024,PA,,,0.01617,1.0259640859581984,,-0.0299636828791369,0,4,,0.024,,0,,19.0,,38.0,0.0098431092917298,0.0204019248057494,-0.0142420495642907,0.0338620284093063,0.4741843106907501,0.4741843106907501,0.4741843106907501,0.4741843106907501,0.0140399999999999,-0.00822,-0.0158099999999999,0.02439,0,nan_2024,nan_2024,,,,-0.32,0.283,,,,,,,,,,,0,0,0,0,0,0,,,,,,,,,,,,,,,,0.01510499999999995
1027,2024,RI,,,-0.0839299999999999,1.0259640859581984,,-0.0299636828791369,0,4,,0.024,,0,,4.0,,38.0,-0.0894942160679387,-0.2258466028104597,-0.1141270631369356,-0.1583560000399322,0.5735216360504187,0.5735216360504187,0.5735216360504187,0.5735216360504187,-0.07283,-0.12129,-0.1054899999999999,0.03736,0,nan_2024,nan_2024,,,,-0.32,0.283,,,,,,,,,,,0,0,0,0,0,0,,,,,,,,,,,,,,,,-0.07837999999999995
1028,2024,SC,,,0.08136,1.0259640859581984,,-0.0299636828791369,0,4,,0.024,,0,,9.0,,38.0,0.1553173392365895,0.0815285168680434,0.0874023540595545,0.0979980935787113,0.3287100807458904,0.3287100807458904,0.3287100807458904,0.3287100807458904,0.0849099999999999,0.0723499999999999,0.08193,0.00901,0,nan_2024,nan_2024,,,,-0.32,0.283,,,,,,,,,,,0,0,0,0,0,1,,,,,,,,,,,,,,,,0.08313499999999996
1029,2024,SD,,,0.15641,1.0259640859581984,,-0.0299636828791369,0,4,,0.024,,0,,3.0,,38.0,0.48402741998248,0.5140677227995561,0.1634929343361321,0.1336944137296875,0.0,0.0,0.0,0.0,0.1699799999999999,0.1111799999999999,0.07945,0.0452300000000001,0,nan_2024,nan_2024,,,,-0.32,0.283,,,,,,,,,,,0,0,0,0,0,0,,,,,,,,,,,,,,,,0.16319499999999995
1030,2024,TN,,,0.14038,1.0259640859581984,,-0.0299636828791369,0,4,,0.024,,0,,11.0,,38.0,0.1379381733945906,0.1179303539092913,0.1391107321924249,0.139889748454848,0.3460892465878893,0.3460892465878893,0.3460892465878893,0.3460892465878893,0.1464899999999999,0.1226099999999999,0.1128,0.0177700000000001,0,nan_2024,nan_2024,,,,-0.32,0.283,,,,,,,,,,,0,0,0,0,0,1,,,,,,,,,,,,,,,,0.14343499999999995
1031,2024,TX,,,0.0504,1.0259640859581984,,-0.0299636828791369,0,4,,0.024,,0,,40.0,,38.0,0.0872397949863333,0.0616516810529121,0.0549223462161487,0.099474224375956,0.3967876249961466,0.3967876249961466,0.3967876249961466,0.3967876249961466,0.0573599999999999,0.0992799999999999,0.09585,-0.0488799999999999,0,nan_2024,nan_2024,,,,-0.32,0.283,,,,,,,,,,,0,0,0,0,0,1,,,,,,,,,,,,,,,,0.05387999999999995
1032,2024,UT,,,0.129,1.0259640859581984,,-0.0299636828791369,0,4,,0.024,,0,,6.0,,38.0,0.1463400314087161,0.1472522600951126,0.1599477743711276,0.1587274291182355,0.3376873885737639,0.3376873885737639,0.3376873885737639,0.3376873885737639,0.1341199999999999,0.2650599999999999,0.18175,-0.1360599999999999,0,nan_2024,nan_2024,,,,-0.32,0.283,,,,,,,,,,,0,0,0,0,0,0,,,,,,,,,,,,,,,,0.13155999999999995
1033,2024,VT,,,-0.1609399999999999,1.0259640859581984,,-0.0299636828791369,0,4,,0.024,,0,,3.0,,38.0,-0.208401892939514,-0.1995793845372095,-0.1900399576165894,-0.507333445060008,0.6924293129219941,0.6924293129219941,0.6924293129219941,0.6924293129219941,-0.14159,-0.16322,-0.1524999999999999,0.00228,0,nan_2024,nan_2024,,,,-0.32,0.283,,,,,,,,,,,0,0,0,0,0,0,,,,,,,,,,,,,,,,-0.15126499999999993
1034,2024,VA,,,-0.0294299999999999,1.0259640859581984,,-0.0299636828791369,0,4,,0.024,,0,,13.0,,38.0,-0.0341391036000394,-0.0099162097242971,-0.0327292273766194,-0.0095503638669772,0.5181665235825195,0.5181665235825195,0.5181665235825195,0.5181665235825195,-0.0179799999999999,-0.00064,0.0046599999999999,-0.0287899999999998,0,nan_2024,nan_2024,,,,-0.32,0.283,,,,,,,,,,,0,0,0,0,0,1,,,,,,,,,,,,,,,,-0.0237049999999999
1035,2024,WA,,,-0.0771499999999999,1.0259640859581984,,-0.0299636828791369,0,4,,0.024,,0,,12.0,,38.0,-0.0972093501581816,-0.088217731491358,-0.1057348384087616,-0.0600636757005452,0.5812367701406617,0.5812367701406617,0.5812367701406617,0.5812367701406617,-0.07761,-0.05725,-0.05103,-0.0198999999999999,0,nan_2024,nan_2024,,,,-0.32,0.283,,,,,,,,,,,0,0,0,0,0,0,,,,,,,,,,,,,,,,-0.07737999999999995
1036,2024,WV,,,0.22009,1.0259640859581984,,-0.0299636828791369,0,4,,0.024,,0,,4.0,,38.0,0.1597849301078834,0.1896951442331105,0.1269440597010837,0.1574008356951013,0.3242424898745966,0.3242424898745966,0.3242424898745966,0.3242424898745966,0.2318599999999999,0.1561699999999999,0.10323,0.06392,0,nan_2024,nan_2024,,,,-0.32,0.283,,,,,,,,,,,0,0,0,0,0,0,,,,,,,,,,,,,,,,0.22597499999999995
1037,2024,WI,,,0.01888,1.0259640859581984,,-0.0299636828791369,0,4,,0.024,,0,,10.0,,38.0,0.0647640401059467,0.0287402670752379,-0.0010529196712152,-0.0280326177873664,0.4192633798765332,0.4192633798765332,0.4192633798765332,0.4192633798765332,0.0143899999999999,-0.01579,-0.0340699999999999,0.03467,0,nan_2024,nan_2024,,,,-0.32,0.283,,,,,,,,,,,0,0,0,0,0,0,,,,,,,,,,,,,,,,0.01663499999999995
1038,2024,WY,,,0.24693,1.0259640859581984,,-0.0299636828791369,0,4,,0.024,,0,,3.0,,38.0,0.2207316817513815,0.2501997519068377,0.2183728688594819,0.1668793488202037,0.2632957382310984,0.2632957382310984,0.2632957382310984,0.2632957382310984,0.2673,0.2307799999999999,0.20211,0.0161500000000001,0,nan_2024,nan_2024,,,,-0.32,0.283,,,,,,,,,,,0,0,0,0,0,0,,,,,,,,,,,,,,,,0.257115
1039,2024,USA,,,0.0,1.0259640859581984,,-0.0299636828791369,0,4,,0.024,,0,,,,38.0,,,,,0.48402741998248,0.48402741998248,0.48402741998248,0.48402741998248,0.0,0.0,0.0,0.0,0,nan_2024,nan_2024,,,,-0.32,0.283,,,,,,,,,,,0,0,0,0,0,0,,,,,,,,,,,,,,,,0.0
