,year,state,resent_0,resent_1,resent_2,resent_3,resent_4,resent_5,resent_6,ideo_0,ideo_1,ideo_2,ideo_3,ideo_4,ideo_5,ideo_6,rlean,rlean_rolling2,masseconlib_est,masssociallib_est,predict_ideo4,predict_resent4
0,1948,,,,,,,,,,,,,,,,,,,,,
1,1948,NY,,,,,,,,,,,,,,,,,0.3466419368769749,0.25023545583376894,,
2,1948,OH,,,,,,,,,,,,,,,,,0.05640663821930246,-0.29618035703832934,,
3,1948,ID,,,,,,,,,,,,,,,,,0.0428091623156533,-0.3712519789635153,,
4,1948,MI,,,,,,,,,,,,,,,,,0.13477586982105166,-0.15202170730641312,,
5,1948,GA,,,,,,,,,,,,,,,,,0.08568228520711861,-0.6621927011578411,,
6,1948,NE,,,,,,,,,,,,,,,,,-0.039258038290461116,-0.41401393037662776,,
7,1948,MA,,,,,,,,,,,,,,,,,0.1747327684077418,0.20371047548449678,,
8,1948,KY,,,,,,,,,,,,,,,,,0.09810095258100415,-0.5950557925019325,,
9,1948,MO,,,,,,,,,,,,,,,,,0.03671644938557461,-0.40605396018105927,,
10,1948,NC,,,,,,,,,,,,,,,,,-0.007450335146815546,-0.6638201202995901,,
11,1948,AR,,,,,,,,,,,,,,,,,0.14782385639685872,-0.7440615416957074,,
12,1948,MN,,,,,,,,,,,,,,,,,0.11299475149263125,-0.21912449894036037,,
13,1948,TN,,,,,,,,,,,,,,,,,0.00859598049184914,-0.6691412430782314,,
14,1948,KS,,,,,,,,,,,,,,,,,-0.047931252502351,-0.5294293228145355,,
15,1948,WI,,,,,,,,,,,,,,,,,0.02579889774038465,0.10529729767379134,,
16,1948,IN,,,,,,,,,,,,,,,,,0.03779908479582901,-0.38902851968433316,,
17,1948,CT,,,,,,,,,,,,,,,,,0.09799351303480411,0.04578784959067332,,
18,1948,NJ,,,,,,,,,,,,,,,,,0.1804659399759248,0.15522670574815417,,
19,1948,AL,,,,,,,,,,,,,,,,,0.052189501294571075,-0.4373026849095121,,
20,1948,OR,,,,,,,,,,,,,,,,,0.15723958877528674,-0.2299738946728701,,
21,1948,SD,,,,,,,,,,,,,,,,,-0.030988728909285723,-0.08565133126926042,,
22,1948,LA,,,,,,,,,,,,,,,,,-0.04618310420641012,-0.09053323087317258,,
23,1948,DC,,,,,,,,,,,,,,,,,,,,
24,1948,CA,,,,,,,,,,,,,,,,,0.14410123029242805,0.03164502742459665,,
25,1948,CO,,,,,,,,,,,,,,,,,0.07381856958191588,-0.14522044150401484,,
26,1948,NM,,,,,,,,,,,,,,,,,0.06186167009924264,-0.3779262686131485,,
27,1948,IL,,,,,,,,,,,,,,,,,0.06656120331926599,-0.1510644243015375,,
28,1948,PA,,,,,,,,,,,,,,,,,0.18610917663508822,-0.04409631669865481,,
29,1948,TX,,,,,,,,,,,,,,,,,0.005756926010461055,-0.5282019447014792,,
30,1948,SC,,,,,,,,,,,,,,,,,0.033950816454636074,-0.6576065692746014,,
31,1948,MS,,,,,,,,,,,,,,,,,-0.09061377128270488,-0.4832564782323536,,
32,1948,IA,,,,,,,,,,,,,,,,,-0.023904031194627123,-0.421259235869929,,
33,1948,MD,,,,,,,,,,,,,,,,,0.13057648869869878,-0.08163579517177558,,
34,1948,WA,,,,,,,,,,,,,,,,,0.21975879350009533,-0.04321452825333254,,
35,1948,VA,,,,,,,,,,,,,,,,,-0.023198087568270243,-0.5448869319215028,,
36,1948,FL,,,,,,,,,,,,,,,,,0.01601388915268407,-0.3220433956906527,,
37,1948,ME,,,,,,,,,,,,,,,,,0.0021957835191039905,-0.2850626825257896,,
38,1948,UT,,,,,,,,,,,,,,,,,0.10913927335065172,-0.32364371858014995,,
39,1948,OK,,,,,,,,,,,,,,,,,0.1594393912217663,-0.5355229128044415,,
40,1948,AZ,,,,,,,,,,,,,,,,,-0.05310272522056614,-0.18392056849668179,,
41,1948,WV,,,,,,,,,,,,,,,,,0.05805185033673911,-0.6327865656265825,,
42,1948,WY,,,,,,,,,,,,,,,,,0.08467052270563624,0.06661999459517229,,
43,1948,DE,,,,,,,,,,,,,,,,,0.1660180085004087,-0.16204997550785796,,
44,1948,NH,,,,,,,,,,,,,,,,,0.08378712222749637,0.1535064769519882,,
45,1948,HI,,,,,,,,,,,,,,,,,,,,
46,1948,NV,,,,,,,,,,,,,,,,,0.1902704111768173,0.2716887789293521,,
47,1948,ND,,,,,,,,,,,,,,,,,0.05094330492152155,-0.4059582265744466,,
48,1948,RI,,,,,,,,,,,,,,,,,0.24468262364156929,0.28648721814360195,,
49,1948,VT,,,,,,,,,,,,,,,,,0.04706264806403986,-0.2611772106587067,,
50,1948,MT,,,,,,,,,,,,,,,,,0.0857869595556531,-0.1538639118466787,,
51,1948,AK,,,,,,,,,,,,,,,,,,,,
52,1952,,,,,,,,,,,,,,,,,,,,,
53,1952,NY,,,,,,,,,,,,,,,,,0.2383626169037111,0.021926431293301393,,
54,1952,OH,,,,,,,,,,,,,,,,,-0.08649615000748566,-0.3207525120678505,,
55,1952,ID,,,,,,,,,,,,,,,,,-0.02238350382598476,-0.26304611402941,,
56,1952,MI,,,,,,,,,,,,,,,,,-0.05532671838451144,-0.20418313114176145,,
57,1952,GA,,,,,,,,,,,,,,,,,0.19667855554204663,-0.48597915544234616,,
58,1952,NE,,,,,,,,,,,,,,,,,-0.2397051328213006,-0.2278870719728609,,
59,1952,MA,,,,,,,,,,,,,,,,,0.04513818095313594,0.07958239985566082,,
60,1952,KY,,,,,,,,,,,,,,,,,-0.07575011601056818,-0.4175817984548678,,
61,1952,MO,,,,,,,,,,,,,,,,,0.002972034457123416,-0.28752757401075835,,
62,1952,NC,,,,,,,,,,,,,,,,,0.08330742535587159,-0.36753879155560354,,
63,1952,AR,,,,,,,,,,,,,,,,,0.0016908645392982747,-0.47141339853070385,,
64,1952,MN,,,,,,,,,,,,,,,,,0.011786343672674452,-0.28883101829567576,,
65,1952,TN,,,,,,,,,,,,,,,,,0.018601315060466986,-0.6207985552218696,,
66,1952,KS,,,,,,,,,,,,,,,,,-0.0917036088054007,-0.35038025357912306,,
67,1952,WI,,,,,,,,,,,,,,,,,-0.0775013686019008,-0.049882571880835364,,
68,1952,IN,,,,,,,,,,,,,,,,,-0.1848754096412155,-0.304186930457268,,
69,1952,CT,,,,,,,,,,,,,,,,,0.07479838229401868,-0.2892882514614548,,
70,1952,NJ,,,,,,,,,,,,,,,,,0.22078735062758315,0.10498360491303849,,
71,1952,AL,,,,,,,,,,,,,,,,,0.081482093245512,-0.34122666137276286,,
72,1952,OR,,,,,,,,,,,,,,,,,0.10520627596793543,-0.3173374392643598,,
73,1952,SD,,,,,,,,,,,,,,,,,0.07045835883379992,-0.05155716365907192,,
74,1952,LA,,,,,,,,,,,,,,,,,0.07774158437961448,-0.38463656535476703,,
75,1952,DC,,,,,,,,,,,,,,,,,,,,
76,1952,CA,,,,,,,,,,,,,,,,,0.11707648908757098,-0.08405352269621429,,
77,1952,CO,,,,,,,,,,,,,,,,,-0.024334277222977832,-0.3285756292645233,,
78,1952,NM,,,,,,,,,,,,,,,,,0.1282165057955415,-0.42207308161319257,,
79,1952,IL,,,,,,,,,,,,,,,,,0.05881490882717155,-0.22428031693887523,,
80,1952,PA,,,,,,,,,,,,,,,,,0.10877328682556307,-0.1888876895706408,,
81,1952,TX,,,,,,,,,,,,,,,,,-0.037903358306829726,-0.23323671130860665,,
82,1952,SC,,,,,,,,,,,,,,,,,0.03070504809225153,-0.639478642947882,,
83,1952,MS,,,,,,,,,,,,,,,,,-0.002825885005535062,-0.5307845043890058,,
84,1952,IA,,,,,,,,,,,,,,,,,-0.014183324518168573,-0.21565823402061587,,
85,1952,MD,,,,,,,,,,,,,,,,,0.048247285905014176,-0.14534049294957038,,
86,1952,WA,,,,,,,,,,,,,,,,,0.10075351431403562,-0.24473519621577627,,
87,1952,VA,,,,,,,,,,,,,,,,,-0.18620597131193953,-0.42963820435267003,,
88,1952,FL,,,,,,,,,,,,,,,,,0.0014703426567890976,-0.32148572287917465,,
89,1952,ME,,,,,,,,,,,,,,,,,0.11904634904323043,-0.25120715214064165,,
90,1952,UT,,,,,,,,,,,,,,,,,-0.04422125117729599,-0.21459773980576033,,
91,1952,OK,,,,,,,,,,,,,,,,,-0.02000448539886577,-0.5088910155706452,,
92,1952,AZ,,,,,,,,,,,,,,,,,0.050127805299657435,-0.2558316867217322,,
93,1952,WV,,,,,,,,,,,,,,,,,0.044962785728948185,-0.39669360936536086,,
94,1952,WY,,,,,,,,,,,,,,,,,0.0015881783707528687,-0.23257219646830293,,
95,1952,DE,,,,,,,,,,,,,,,,,0.15981555342780107,-0.24999853077635595,,
96,1952,NH,,,,,,,,,,,,,,,,,0.17681509024778333,-0.1358479217387449,,
97,1952,HI,,,,,,,,,,,,,,,,,,,,
98,1952,NV,,,,,,,,,,,,,,,,,0.1441687063243204,-0.1791466718114177,,
99,1952,ND,,,,,,,,,,,,,,,,,0.011684340551702603,-0.3517738167204077,,
100,1952,RI,,,,,,,,,,,,,,,,,0.11244824560670448,-0.03237893363411185,,
101,1952,VT,,,,,,,,,,,,,,,,,-0.11336209383405095,-0.1230052269526666,,
102,1952,MT,,,,,,,,,,,,,,,,,0.08288326977165827,-0.20256108083501503,,
103,1952,AK,,,,,,,,,,,,,,,,,,,,
104,1954,,,,,,,,,,,,,,,,,,,,,
105,1954,NY,,,,,,,,,,,,,,,,,0.20932117979362694,-0.02420862608943264,,
106,1954,OH,,,,,,,,,,,,,,,,,0.07451291310491659,-0.3343698416681923,,
107,1954,ID,,,,,,,,,,,,,,,,,-0.032399968580461444,-0.1525349707817987,,
108,1954,MI,,,,,,,,,,,,,,,,,0.09185474678357328,-0.35352169283004736,,
109,1954,GA,,,,,,,,,,,,,,,,,0.15830995047539967,-0.56524707388288,,
110,1954,NE,,,,,,,,,,,,,,,,,-0.1144447002670843,-0.26952972469755565,,
111,1954,MA,,,,,,,,,,,,,,,,,0.22545750421974986,0.050397983587768425,,
112,1954,KY,,,,,,,,,,,,,,,,,0.13679744501152583,-0.6592910045763204,,
113,1954,MO,,,,,,,,,,,,,,,,,0.03660179544357884,-0.39261327954075953,,
114,1954,NC,,,,,,,,,,,,,,,,,-0.05706439320809056,-0.5066456640571307,,
115,1954,AR,,,,,,,,,,,,,,,,,0.29803526363777544,-0.45878881792738613,,
116,1954,MN,,,,,,,,,,,,,,,,,-0.12684421782651928,-0.1722762978804977,,
117,1954,TN,,,,,,,,,,,,,,,,,-0.02557185606335474,-0.7638394309683025,,
118,1954,KS,,,,,,,,,,,,,,,,,-0.0008883553156591178,-0.4336731492816005,,
119,1954,WI,,,,,,,,,,,,,,,,,-0.05117562379348323,0.07237452431458712,,
120,1954,IN,,,,,,,,,,,,,,,,,-0.020573937900333995,-0.25624560428464854,,
121,1954,CT,,,,,,,,,,,,,,,,,-0.05474129694900697,0.016918020317296344,,
122,1954,NJ,,,,,,,,,,,,,,,,,0.12244310018887135,0.1025049192041323,,
123,1954,AL,,,,,,,,,,,,,,,,,0.2627404229244051,-0.6620888163949008,,
124,1954,OR,,,,,,,,,,,,,,,,,0.1380130454743738,-0.25101454576627297,,
125,1954,SD,,,,,,,,,,,,,,,,,-0.1304481254060632,-0.3639623113378909,,
126,1954,LA,,,,,,,,,,,,,,,,,0.20123308675468876,-0.408173043005887,,
127,1954,DC,,,,,,,,,,,,,,,,,,,,
128,1954,CA,,,,,,,,,,,,,,,,,0.0328629480211082,-0.12914115526845993,,
129,1954,CO,,,,,,,,,,,,,,,,,-0.12980512643841813,-0.24639941344000335,,
130,1954,NM,,,,,,,,,,,,,,,,,0.10652499404002144,-0.2937399726511531,,
131,1954,IL,,,,,,,,,,,,,,,,,0.09333040925338339,-0.2286888322716822,,
132,1954,PA,,,,,,,,,,,,,,,,,0.14047132950674818,-0.27464489335795256,,
133,1954,TX,,,,,,,,,,,,,,,,,0.06973474967898646,-0.5749358223369563,,
134,1954,SC,,,,,,,,,,,,,,,,,0.08942168660726599,-0.4412617453429175,,
135,1954,MS,,,,,,,,,,,,,,,,,0.19181622967180362,-0.5545833934043505,,
136,1954,IA,,,,,,,,,,,,,,,,,-0.08522476033139612,-0.20458216848312594,,
137,1954,MD,,,,,,,,,,,,,,,,,0.16561457437504917,-0.29030881109010914,,
138,1954,WA,,,,,,,,,,,,,,,,,-0.08798890240149504,-0.11435608621935109,,
139,1954,VA,,,,,,,,,,,,,,,,,0.07787240279791505,-0.5316523061241774,,
140,1954,FL,,,,,,,,,,,,,,,,,0.16240565198195336,-0.24110354750378285,,
141,1954,ME,,,,,,,,,,,,,,,,,0.15776731169438893,-0.2963954628798309,,
142,1954,UT,,,,,,,,,,,,,,,,,-0.021855117382574223,-0.3653628476490408,,
143,1954,OK,,,,,,,,,,,,,,,,,0.017723866569871002,-0.48166427518312965,,
144,1954,AZ,,,,,,,,,,,,,,,,,0.0084683067106735,-0.3374037773647771,,
145,1954,WV,,,,,,,,,,,,,,,,,0.18287404024693493,-0.20127086239151615,,
146,1954,WY,,,,,,,,,,,,,,,,,0.004349104800426675,-0.17817312356984227,,
147,1954,DE,,,,,,,,,,,,,,,,,0.10388357319875667,-0.2547653591755856,,
148,1954,NH,,,,,,,,,,,,,,,,,0.07341356332724425,-0.2472843932979297,,
149,1954,HI,,,,,,,,,,,,,,,,,,,,
150,1954,NV,,,,,,,,,,,,,,,,,0.028005578525871322,-0.2849448526194922,,
151,1954,ND,,,,,,,,,,,,,,,,,0.013171678419274241,-0.3531286851571137,,
152,1954,RI,,,,,,,,,,,,,,,,,0.11365579700968811,-0.023831183279744896,,
153,1954,VT,,,,,,,,,,,,,,,,,-0.01549797232480137,0.06958073840968071,,
154,1954,MT,,,,,,,,,,,,,,,,,-0.007616219961734785,-0.155546788367359,,
155,1954,AK,,,,,,,,,,,,,,,,,,,,
156,1956,,,,,,,,,,,,,,,,,,,,,
157,1956,NY,,,,,,,,,,,,,,,,,0.1906828859094422,-0.07221225352894811,,
158,1956,OH,,,,,,,,,,,,,,,,,0.15858691320567683,-0.238229726838735,,
159,1956,ID,,,,,,,,,,,,,,,,,0.030538767514746924,-0.36679141126351594,,
160,1956,MI,,,,,,,,,,,,,,,,,0.15481846079828293,-0.240880903093549,,
161,1956,GA,,,,,,,,,,,,,,,,,0.19978417730204454,-0.46527382669373524,,
162,1956,NE,,,,,,,,,,,,,,,,,-0.0023586545294647827,-0.2752304969252195,,
163,1956,MA,,,,,,,,,,,,,,,,,0.13389357124158488,-0.07926467963962895,,
164,1956,KY,,,,,,,,,,,,,,,,,0.15358696955911724,-0.754756474907432,,
165,1956,MO,,,,,,,,,,,,,,,,,0.13816101289623123,-0.5874974397047256,,
166,1956,NC,,,,,,,,,,,,,,,,,0.18298141137218407,-0.7742040073967517,,
167,1956,AR,,,,,,,,,,,,,,,,,0.1199734761153954,-0.6589084353662293,,
168,1956,MN,,,,,,,,,,,,,,,,,-0.044369689996152074,-0.19960268064538547,,
169,1956,TN,,,,,,,,,,,,,,,,,0.1901867093835284,-0.6634375714692826,,
170,1956,KS,,,,,,,,,,,,,,,,,0.05872404850564626,-0.48491024874958083,,
171,1956,WI,,,,,,,,,,,,,,,,,-0.08921281665925741,-0.0078048725443315755,,
172,1956,IN,,,,,,,,,,,,,,,,,-0.06776757251802742,-0.3466777576657639,,
173,1956,CT,,,,,,,,,,,,,,,,,0.12504311492624282,-0.03856603240570774,,
174,1956,NJ,,,,,,,,,,,,,,,,,0.10614381507685453,-0.06651628624425027,,
175,1956,AL,,,,,,,,,,,,,,,,,0.31496296749748864,-0.7043420096302694,,
176,1956,OR,,,,,,,,,,,,,,,,,0.0805017645662328,-0.37010348539903437,,
177,1956,SD,,,,,,,,,,,,,,,,,-0.12621395072983127,-0.4673082388533468,,
178,1956,LA,,,,,,,,,,,,,,,,,0.2064871965371585,-0.5256514703124017,,
179,1956,DC,,,,,,,,,,,,,,,,,0.31496296749748864,0.04898930818880089,,
180,1956,CA,,,,,,,,,,,,,,,,,0.18805380845096276,-0.23701339652477532,,
181,1956,CO,,,,,,,,,,,,,,,,,0.1686524342940614,-0.30905264906846996,,
182,1956,NM,,,,,,,,,,,,,,,,,0.10322171329750543,-0.4128351928556875,,
183,1956,IL,,,,,,,,,,,,,,,,,0.034153237519281315,-0.2849437922240991,,
184,1956,PA,,,,,,,,,,,,,,,,,0.08075296311646311,-0.24537968805494353,,
185,1956,TX,,,,,,,,,,,,,,,,,0.1067555669323069,-0.5077522172861053,,
186,1956,SC,,,,,,,,,,,,,,,,,0.039660162848212284,-0.5134906722618147,,
187,1956,MS,,,,,,,,,,,,,,,,,0.23137576470430848,-0.5508578174339683,,
188,1956,IA,,,,,,,,,,,,,,,,,-0.05376454866920881,-0.4500364020238738,,
189,1956,MD,,,,,,,,,,,,,,,,,-0.07120217507135071,-0.3003755685768149,,
190,1956,WA,,,,,,,,,,,,,,,,,0.062120096116078174,-0.1804696441674447,,
191,1956,VA,,,,,,,,,,,,,,,,,0.06809414764140258,-0.4595780838219879,,
192,1956,FL,,,,,,,,,,,,,,,,,0.03097374823084474,-0.6269198181959853,,
193,1956,ME,,,,,,,,,,,,,,,,,0.03161936335951688,-0.5216849902652804,,
194,1956,UT,,,,,,,,,,,,,,,,,0.000484251727412741,-0.3566409432695687,,
195,1956,OK,,,,,,,,,,,,,,,,,0.053232502858883986,-0.4004212286995143,,
196,1956,AZ,,,,,,,,,,,,,,,,,0.03981547672320057,-0.259321150425474,,
197,1956,WV,,,,,,,,,,,,,,,,,0.06406193569987959,-0.5240483201243764,,
198,1956,WY,,,,,,,,,,,,,,,,,0.0052681051711218774,-0.3416634085980515,,
199,1956,DE,,,,,,,,,,,,,,,,,0.12969598117612058,-0.2386549967415632,,
200,1956,NH,,,,,,,,,,,,,,,,,0.07617747043917844,-0.24372503901744108,,
201,1956,HI,,,,,,,,,,,,,,,,,,,,
202,1956,NV,,,,,,,,,,,,,,,,,0.05516090732889397,-0.3723534967084601,,
203,1956,ND,,,,,,,,,,,,,,,,,-0.0011217411272850077,-0.1801069610599631,,
204,1956,RI,,,,,,,,,,,,,,,,,-0.03200295804133706,0.04898930818880089,,
205,1956,VT,,,,,,,,,,,,,,,,,0.08269533131887798,0.019488760728346995,,
206,1956,MT,,,,,,,,,,,,,,,,,0.09411466575232594,-0.12793730472270762,,
207,1956,AK,,,,,,,,,,,,,,,,,,,,
208,1958,,,,,,,,,,,,,,,,,,,,,
209,1958,NY,,,,,,,,,,,,,,,,,0.024064729836730754,-0.10499129181819648,,
210,1958,OH,,,,,,,,,,,,,,,,,-0.07620576573901504,-0.3025025073672539,,
211,1958,ID,,,,,,,,,,,,,,,,,-0.058204414463997024,-0.3509266185728871,,
212,1958,MI,,,,,,,,,,,,,,,,,-0.041790753149332616,-0.24187792004354008,,
213,1958,GA,,,,,,,,,,,,,,,,,0.05694439075016669,-0.40348496998816064,,
214,1958,NE,,,,,,,,,,,,,,,,,-0.1025062165927665,-0.21896493963914798,,
215,1958,MA,,,,,,,,,,,,,,,,,-0.028844166893756053,-0.031217483797799043,,
216,1958,KY,,,,,,,,,,,,,,,,,0.23128754731739753,-0.5325603973402167,,
217,1958,MO,,,,,,,,,,,,,,,,,0.029679818969434883,-0.4105470331611969,,
218,1958,NC,,,,,,,,,,,,,,,,,0.12752503229878936,-0.710882338684885,,
219,1958,AR,,,,,,,,,,,,,,,,,0.009192546651361279,-0.6802941907410232,,
220,1958,MN,,,,,,,,,,,,,,,,,-0.08619287817368632,-0.11027750700168515,,
221,1958,TN,,,,,,,,,,,,,,,,,0.1934547462267379,-0.7285591189053742,,
222,1958,KS,,,,,,,,,,,,,,,,,-0.07363263335690312,-0.35702291740411357,,
223,1958,WI,,,,,,,,,,,,,,,,,-0.009967683368571258,0.0417415669185726,,
224,1958,IN,,,,,,,,,,,,,,,,,-0.007569860298723269,-0.4084065880740222,,
225,1958,CT,,,,,,,,,,,,,,,,,0.02832112401225005,-0.08034524240851575,,
226,1958,NJ,,,,,,,,,,,,,,,,,0.012987438140390948,-0.016332242325662754,,
227,1958,AL,,,,,,,,,,,,,,,,,0.18910507939269064,-0.7309156354294195,,
228,1958,OR,,,,,,,,,,,,,,,,,-0.10963831317946121,-0.3480135993256527,,
229,1958,SD,,,,,,,,,,,,,,,,,-0.09447653658649835,-0.12441448979569386,,
230,1958,LA,,,,,,,,,,,,,,,,,0.12636271396723303,-0.349688503474136,,
231,1958,DC,,,,,,,,,,,,,,,,,0.23128754731739753,0.10443153961872642,,
232,1958,CA,,,,,,,,,,,,,,,,,0.13748783007711954,-0.18381082426717538,,
233,1958,CO,,,,,,,,,,,,,,,,,-0.005985400192614451,-0.18775670477762205,,
234,1958,NM,,,,,,,,,,,,,,,,,0.062495586665383504,-0.23571471756691673,,
235,1958,IL,,,,,,,,,,,,,,,,,0.06970403806689933,-0.22397732182276991,,
236,1958,PA,,,,,,,,,,,,,,,,,0.06628402517746085,-0.17944479187064838,,
237,1958,TX,,,,,,,,,,,,,,,,,-0.030720942910295382,-0.5799787439440692,,
238,1958,SC,,,,,,,,,,,,,,,,,-0.037769706530378165,-0.5924905928177389,,
239,1958,MS,,,,,,,,,,,,,,,,,0.15051617821471155,-0.6726820083780162,,
240,1958,IA,,,,,,,,,,,,,,,,,-0.16709647508994782,-0.20382545566669782,,
241,1958,MD,,,,,,,,,,,,,,,,,0.04583802508716568,0.021298999785339154,,
242,1958,WA,,,,,,,,,,,,,,,,,-0.03321454807011183,-0.07704764858265815,,
243,1958,VA,,,,,,,,,,,,,,,,,0.04937077373299956,-0.36427650749504425,,
244,1958,FL,,,,,,,,,,,,,,,,,-0.04103382798011522,-0.3046468215653325,,
245,1958,ME,,,,,,,,,,,,,,,,,0.02594196787173081,-0.45189613562503644,,
246,1958,UT,,,,,,,,,,,,,,,,,-0.008332220511152217,-0.253319142614368,,
247,1958,OK,,,,,,,,,,,,,,,,,0.02978497614960382,-0.5117446538841498,,
248,1958,AZ,,,,,,,,,,,,,,,,,-0.023527661239245823,-0.20053440413113466,,
249,1958,WV,,,,,,,,,,,,,,,,,-0.06772755605143595,-0.39134687989091166,,
250,1958,WY,,,,,,,,,,,,,,,,,-0.037676005567783055,-0.2433800257782169,,
251,1958,DE,,,,,,,,,,,,,,,,,0.033994242498110616,-0.18568594556063167,,
252,1958,NH,,,,,,,,,,,,,,,,,-0.04801340238544405,-0.11598535460989559,,
253,1958,HI,,,,,,,,,,,,,,,,,,,,
254,1958,NV,,,,,,,,,,,,,,,,,-0.015172649714682369,-0.30788019101082603,,
255,1958,ND,,,,,,,,,,,,,,,,,-0.04203849074783013,-0.12731517453950497,,
256,1958,RI,,,,,,,,,,,,,,,,,0.006210352483861938,0.10443153961872642,,
257,1958,VT,,,,,,,,,,,,,,,,,-0.018078528802515495,-0.05119290302453892,,
258,1958,MT,,,,,,,,,,,,,,,,,0.0522696740536106,-0.13291457471963267,,
259,1958,AK,,,,,,,,,,,,,,,,,,,,
260,1960,,,,,,,,,,,,,,,,,,,,,
261,1960,NY,,,,,,,,,,,,,,,,,0.19301799443949225,-0.08901090936742434,,
262,1960,OH,,,,,,,,,,,,,,,,,0.21643305018237924,-0.31974290483019424,,
263,1960,ID,,,,,,,,,,,,,,,,,-0.0714405915991728,-0.4664535787346877,,
264,1960,MI,,,,,,,,,,,,,,,,,0.2578993642786282,-0.20721371530246568,,
265,1960,GA,,,,,,,,,,,,,,,,,0.3800854949661007,-0.45939687624281,,
266,1960,NE,,,,,,,,,,,,,,,,,-0.04459662091532041,-0.12462944046380577,,
267,1960,MA,,,,,,,,,,,,,,,,,0.13756423865612782,-0.09847788103817409,,
268,1960,KY,,,,,,,,,,,,,,,,,0.28278437786085,-0.5326877653600769,,
269,1960,MO,,,,,,,,,,,,,,,,,0.23257886160794558,-0.5149441887646424,,
270,1960,NC,,,,,,,,,,,,,,,,,0.14298110887761065,-0.6670228337112462,,
271,1960,AR,,,,,,,,,,,,,,,,,0.024257008087112467,-0.5880646350359212,,
272,1960,MN,,,,,,,,,,,,,,,,,0.21196636782570227,-0.21401758457777165,,
273,1960,TN,,,,,,,,,,,,,,,,,0.17816176172908085,-0.7477312006599911,,
274,1960,KS,,,,,,,,,,,,,,,,,0.037769867097320324,-0.4070827096712007,,
275,1960,WI,,,,,,,,,,,,,,,,,0.29720559890384535,-0.054497257449029286,,
276,1960,IN,,,,,,,,,,,,,,,,,-0.04829982473220507,-0.4787129772221595,,
277,1960,CT,,,,,,,,,,,,,,,,,0.15125965317117382,-0.1995287703682351,,
278,1960,NJ,,,,,,,,,,,,,,,,,0.17384474897811927,0.028822783082952688,,
279,1960,AL,,,,,,,,,,,,,,,,,0.26452345263438864,-0.7681954270403588,,
280,1960,OR,,,,,,,,,,,,,,,,,0.11252986112490712,-0.25221550718045,,
281,1960,SD,,,,,,,,,,,,,,,,,0.004566116801463267,-0.165219059508282,,
282,1960,LA,,,,,,,,,,,,,,,,,0.2606801221384039,-0.5160255786554493,,
283,1960,DC,,,,,,,,,,,,,,,,,0.3800854949661007,0.03214094640460088,,
284,1960,CA,,,,,,,,,,,,,,,,,0.16505363718846702,-0.1726882435021109,,
285,1960,CO,,,,,,,,,,,,,,,,,0.1269957037987159,-0.2430432821543366,,
286,1960,NM,,,,,,,,,,,,,,,,,0.3072995265432353,-0.28843531509360587,,
287,1960,IL,,,,,,,,,,,,,,,,,0.2047995989665819,-0.17015408614887914,,
288,1960,PA,,,,,,,,,,,,,,,,,0.2996783304716573,-0.3091485550577061,,
289,1960,TX,,,,,,,,,,,,,,,,,0.027650528015427847,-0.49422829189085316,,
290,1960,SC,,,,,,,,,,,,,,,,,0.21605636667040404,-0.6782561102108606,,
291,1960,MS,,,,,,,,,,,,,,,,,0.14574553440190818,-0.6466514883937479,,
292,1960,IA,,,,,,,,,,,,,,,,,0.19896926731542589,-0.20088892526017957,,
293,1960,MD,,,,,,,,,,,,,,,,,0.13498085040756427,-0.11301981968167452,,
294,1960,WA,,,,,,,,,,,,,,,,,0.16960268460404868,-0.08692809873524233,,
295,1960,VA,,,,,,,,,,,,,,,,,0.05043251300860446,-0.5130098460841839,,
296,1960,FL,,,,,,,,,,,,,,,,,0.14108103210115114,-0.3313203477466675,,
297,1960,ME,,,,,,,,,,,,,,,,,0.30686403582386507,-0.4485672184410729,,
298,1960,UT,,,,,,,,,,,,,,,,,0.046810261442149975,-0.30517638970745836,,
299,1960,OK,,,,,,,,,,,,,,,,,0.1892230277012467,-0.49897838915754034,,
300,1960,AZ,,,,,,,,,,,,,,,,,0.09557819483410562,-0.26992392019650063,,
301,1960,WV,,,,,,,,,,,,,,,,,0.2309913059111748,-0.4588670391951927,,
302,1960,WY,,,,,,,,,,,,,,,,,0.11174640120253106,-0.30951316229338643,,
303,1960,DE,,,,,,,,,,,,,,,,,0.16926844938610994,-0.23702479636202262,,
304,1960,NH,,,,,,,,,,,,,,,,,0.21242379621335736,-0.163327780337275,,
305,1960,HI,,,,,,,,,,,,,,,,,0.12463984360910638,-0.3352351176257624,,
306,1960,NV,,,,,,,,,,,,,,,,,0.13752729573474912,-0.35220508446217963,,
307,1960,ND,,,,,,,,,,,,,,,,,0.15890603379694604,-0.1465166093776545,,
308,1960,RI,,,,,,,,,,,,,,,,,0.20747629954611552,0.03214094640460088,,
309,1960,VT,,,,,,,,,,,,,,,,,0.08158139582610587,-0.0635582957944604,,
310,1960,MT,,,,,,,,,,,,,,,,,0.19213940495431156,-0.1762804497650717,,
311,1960,AK,,,,,,,,,,,,,,,,,0.11883807062864611,-0.05812042809675915,,
312,1962,,,,,,,,,,,,,,,,,,,,,
313,1962,NY,,,,,,,,,,,,,,,,,0.2700294802644909,-0.27244742113184695,,
314,1962,OH,,,,,,,,,,,,,,,,,0.12877161628920797,-0.3653889702925532,,
315,1962,ID,,,,,,,,,,,,,,,,,-0.0970556093838599,-0.5786127651892882,,
316,1962,MI,,,,,,,,,,,,,,,,,0.07604862603635978,-0.3791972512518687,,
317,1962,GA,,,,,,,,,,,,,,,,,0.17703714585961972,-0.6778271963544662,,
318,1962,NE,,,,,,,,,,,,,,,,,-0.18573159219615595,-0.18217820187007452,,
319,1962,MA,,,,,,,,,,,,,,,,,0.2197433009274664,-0.39221044327489046,,
320,1962,KY,,,,,,,,,,,,,,,,,0.14686479939415598,-0.7672299425505595,,
321,1962,MO,,,,,,,,,,,,,,,,,0.06419775824741858,-0.528276289691219,,
322,1962,NC,,,,,,,,,,,,,,,,,0.11268528620755042,-0.6826506249053444,,
323,1962,AR,,,,,,,,,,,,,,,,,0.07611404375806667,-0.6847229987214319,,
324,1962,MN,,,,,,,,,,,,,,,,,0.02051632369170081,-0.22508462157755907,,
325,1962,TN,,,,,,,,,,,,,,,,,0.03168637462898756,-0.7087235018081898,,
326,1962,KS,,,,,,,,,,,,,,,,,-0.03498330542846347,-0.4935578156586672,,
327,1962,WI,,,,,,,,,,,,,,,,,0.10061083014945844,-0.2141341728198264,,
328,1962,IN,,,,,,,,,,,,,,,,,0.03812529683466017,-0.6083626159209341,,
329,1962,CT,,,,,,,,,,,,,,,,,0.07861723918754981,-0.3351722332213155,,
330,1962,NJ,,,,,,,,,,,,,,,,,0.23078006057089778,-0.18314730704463064,,
331,1962,AL,,,,,,,,,,,,,,,,,0.19062560220213737,-0.8839622892460987,,
332,1962,OR,,,,,,,,,,,,,,,,,0.1508437236681549,-0.29647157467109747,,
333,1962,SD,,,,,,,,,,,,,,,,,-0.17234158876795252,-0.2745904476950843,,
334,1962,LA,,,,,,,,,,,,,,,,,0.08139197855284012,-0.7035503643919441,,
335,1962,DC,,,,,,,,,,,,,,,,,0.27312402290870824,-0.07798931996750245,,
336,1962,CA,,,,,,,,,,,,,,,,,0.17175930412682153,-0.17941323246837396,,
337,1962,CO,,,,,,,,,,,,,,,,,-0.08879645468575006,-0.2855336856413367,,
338,1962,NM,,,,,,,,,,,,,,,,,0.08673112924317503,-0.3770801562708878,,
339,1962,IL,,,,,,,,,,,,,,,,,0.14924621451973233,-0.20646996240305454,,
340,1962,PA,,,,,,,,,,,,,,,,,0.27312402290870824,-0.5059254652564404,,
341,1962,TX,,,,,,,,,,,,,,,,,-0.1402361715776785,-0.516860474645677,,
342,1962,SC,,,,,,,,,,,,,,,,,0.03452019313496289,-0.7518292662172398,,
343,1962,MS,,,,,,,,,,,,,,,,,0.048393959528859824,-0.7914754140957366,,
344,1962,IA,,,,,,,,,,,,,,,,,-0.06672579398231913,-0.324011851727686,,
345,1962,MD,,,,,,,,,,,,,,,,,0.09419465460445382,-0.29321353975784237,,
346,1962,WA,,,,,,,,,,,,,,,,,0.060118438312353695,-0.16141238354468362,,
347,1962,VA,,,,,,,,,,,,,,,,,0.1300251566022299,-0.6280011019574621,,
348,1962,FL,,,,,,,,,,,,,,,,,-0.0027884375270495853,-0.4828084030902427,,
349,1962,ME,,,,,,,,,,,,,,,,,0.03136068585732612,-0.526684780262641,,
350,1962,UT,,,,,,,,,,,,,,,,,-0.1026348216357183,-0.36095889907329215,,
351,1962,OK,,,,,,,,,,,,,,,,,-0.007455649765939646,-0.5853750491055701,,
352,1962,AZ,,,,,,,,,,,,,,,,,-0.07969306160898319,-0.3352046055983478,,
353,1962,WV,,,,,,,,,,,,,,,,,-0.029854274825841052,-0.5643945472969694,,
354,1962,WY,,,,,,,,,,,,,,,,,-0.05993954274594365,-0.3725188696992303,,
355,1962,DE,,,,,,,,,,,,,,,,,0.09398859535379535,-0.37780027777029807,,
356,1962,NH,,,,,,,,,,,,,,,,,0.09785057565790659,-0.3449374932520539,,
357,1962,HI,,,,,,,,,,,,,,,,,0.04663749048775793,-0.4762210205663965,,
358,1962,NV,,,,,,,,,,,,,,,,,0.09033771370917362,-0.4733168017794564,,
359,1962,ND,,,,,,,,,,,,,,,,,0.022509761262764084,-0.20800961658027292,,
360,1962,RI,,,,,,,,,,,,,,,,,0.1379085565464619,-0.12033396708220295,,
361,1962,VT,,,,,,,,,,,,,,,,,-0.0029241273891486026,-0.1730884138266109,,
362,1962,MT,,,,,,,,,,,,,,,,,0.050408003523648603,-0.2761088350217707,,
363,1962,AK,,,,,,,,,,,,,,,,,-0.0008163773780753249,-0.07798931996750245,,
364,1964,,,,,,,,,,,,,,,,,,,,,
365,1964,NY,,,,,,,,,,,,,,,,,0.3752398581877002,-0.1485098598269242,,
366,1964,OH,,,,,,,,,,,,,,,,,0.16609318951120186,-0.3271921514258027,,
367,1964,ID,,,,,,,,,,,,,,,,,-0.06751605677585192,-0.532344891087052,,
368,1964,MI,,,,,,,,,,,,,,,,,0.24238005958528955,-0.22464936796699614,,
369,1964,GA,,,,,,,,,,,,,,,,,0.2422361401844895,-0.6850124516947951,,
370,1964,NE,,,,,,,,,,,,,,,,,0.06433158299782617,-0.05333313007042874,,
371,1964,MA,,,,,,,,,,,,,,,,,0.3829127023107277,-0.38707943232659325,,
372,1964,KY,,,,,,,,,,,,,,,,,0.37143341669600877,-0.765707022085382,,
373,1964,MO,,,,,,,,,,,,,,,,,0.10983458039750765,-0.38287228819517094,,
374,1964,NC,,,,,,,,,,,,,,,,,0.24528150041360267,-0.6359472038290356,,
375,1964,AR,,,,,,,,,,,,,,,,,0.19288339325988002,-0.6610449916333404,,
376,1964,MN,,,,,,,,,,,,,,,,,0.20824930658975876,-0.08294695407160207,,
377,1964,TN,,,,,,,,,,,,,,,,,0.2657836915262649,-0.6037490428068703,,
378,1964,KS,,,,,,,,,,,,,,,,,-0.010064538305687914,-0.45828703937773446,,
379,1964,WI,,,,,,,,,,,,,,,,,0.06653426089621654,-0.14780619332314787,,
380,1964,IN,,,,,,,,,,,,,,,,,0.08671429937640374,-0.4529104587225168,,
381,1964,CT,,,,,,,,,,,,,,,,,0.21691001892352044,-0.36412235180688435,,
382,1964,NJ,,,,,,,,,,,,,,,,,0.34457211330302107,-0.19890841697984143,,
383,1964,AL,,,,,,,,,,,,,,,,,0.3385946866216239,-0.8403481172236157,,
384,1964,OR,,,,,,,,,,,,,,,,,0.17057816803194997,-0.19375846106667438,,
385,1964,SD,,,,,,,,,,,,,,,,,-0.06417819534607912,-0.12711738048630383,,
386,1964,LA,,,,,,,,,,,,,,,,,0.07627058853370179,-0.6635271725840122,,
387,1964,DC,,,,,,,,,,,,,,,,,0.3829127023107277,-0.0136342556294837,,
388,1964,CA,,,,,,,,,,,,,,,,,0.166931646082226,-0.05351626091097593,,
389,1964,CO,,,,,,,,,,,,,,,,,-0.037036284836839614,-0.1456132547377781,,
390,1964,NM,,,,,,,,,,,,,,,,,0.17247078232613652,-0.30745118251185655,,
391,1964,IL,,,,,,,,,,,,,,,,,0.2187737840161194,-0.12322293162002937,,
392,1964,PA,,,,,,,,,,,,,,,,,0.32175227480357516,-0.4857677865079235,,
393,1964,TX,,,,,,,,,,,,,,,,,0.17604131736735493,-0.4363818706449167,,
394,1964,SC,,,,,,,,,,,,,,,,,0.14788716681013675,-0.7287703759045004,,
395,1964,MS,,,,,,,,,,,,,,,,,0.04778272795265492,-0.7572277132946981,,
396,1964,IA,,,,,,,,,,,,,,,,,0.00863117034495683,-0.20733109324369214,,
397,1964,MD,,,,,,,,,,,,,,,,,0.2999643764445685,-0.3465378746611891,,
398,1964,WA,,,,,,,,,,,,,,,,,0.14535286085615406,-0.03456577164259669,,
399,1964,VA,,,,,,,,,,,,,,,,,0.22984179005751665,-0.5857650453034704,,
400,1964,FL,,,,,,,,,,,,,,,,,0.125404002083574,-0.4932113990143776,,
401,1964,ME,,,,,,,,,,,,,,,,,0.12473465717571909,-0.45318059525212645,,
402,1964,UT,,,,,,,,,,,,,,,,,0.04890743623573445,-0.196340582095556,,
403,1964,OK,,,,,,,,,,,,,,,,,-0.04409334235441333,-0.47022857618397396,,
404,1964,AZ,,,,,,,,,,,,,,,,,0.048111956173728,-0.20873294141844292,,
405,1964,WV,,,,,,,,,,,,,,,,,0.2667496633091332,-0.47529803393284836,,
406,1964,WY,,,,,,,,,,,,,,,,,0.09870796447608562,-0.33910855203874235,,
407,1964,DE,,,,,,,,,,,,,,,,,0.06817352435815993,-0.34692158981678733,,
408,1964,NH,,,,,,,,,,,,,,,,,0.2278412414594223,-0.36493566571506736,,
409,1964,HI,,,,,,,,,,,,,,,,,0.13948164621621112,-0.37052094941356656,,
410,1964,NV,,,,,,,,,,,,,,,,,0.1268106902352279,-0.3925693492457686,,
411,1964,ND,,,,,,,,,,,,,,,,,0.18606611764656097,-0.09584288074598316,,
412,1964,RI,,,,,,,,,,,,,,,,,0.23732025300729262,-0.07647105244953586,,
413,1964,VT,,,,,,,,,,,,,,,,,-0.0071832985057524315,-0.16958134118996826,,
414,1964,MT,,,,,,,,,,,,,,,,,0.01656083689827354,-0.19058053163948357,,
415,1964,AK,,,,,,,,,,,,,,,,,0.11003491034865769,-0.0136342556294837,,
416,1966,,,,,,,,,,,,,,,,,,,,,
417,1966,NY,,,,,,,,,,,,,,,,,0.2827397856647259,-0.09560638042684852,,
418,1966,OH,,,,,,,,,,,,,,,,,0.2318177760624213,-0.4139481029298406,,
419,1966,ID,,,,,,,,,,,,,,,,,-0.169783754977069,-0.6931469616675034,,
420,1966,MI,,,,,,,,,,,,,,,,,0.20539330750767082,-0.4361985364316483,,
421,1966,GA,,,,,,,,,,,,,,,,,0.011659964531993198,-0.61710936504454,,
422,1966,NE,,,,,,,,,,,,,,,,,-0.11256617414189932,-0.29375758792263373,,
423,1966,MA,,,,,,,,,,,,,,,,,0.2026619508386356,-0.15076033740423483,,
424,1966,KY,,,,,,,,,,,,,,,,,0.25578791071681517,-0.6190562338125324,,
425,1966,MO,,,,,,,,,,,,,,,,,0.14994563126944102,-0.5152375571171927,,
426,1966,NC,,,,,,,,,,,,,,,,,-0.08784131690471078,-0.6267979932690673,,
427,1966,AR,,,,,,,,,,,,,,,,,0.11696045029101965,-0.6838190760869823,,
428,1966,MN,,,,,,,,,,,,,,,,,0.0993624589957125,-0.2729988069858498,,
429,1966,TN,,,,,,,,,,,,,,,,,0.05035830068716727,-0.553379040173751,,
430,1966,KS,,,,,,,,,,,,,,,,,-0.05189155845369085,-0.6223073652050948,,
431,1966,WI,,,,,,,,,,,,,,,,,0.09830013965892666,-0.2203979683610039,,
432,1966,IN,,,,,,,,,,,,,,,,,0.14242624263028827,-0.5669620934252931,,
433,1966,CT,,,,,,,,,,,,,,,,,0.1391481616786942,-0.27732090480855015,,
434,1966,NJ,,,,,,,,,,,,,,,,,0.30069512991688213,-0.28516509883639785,,
435,1966,AL,,,,,,,,,,,,,,,,,0.1157611426099417,-0.8266286303081548,,
436,1966,OR,,,,,,,,,,,,,,,,,0.1283365734004134,-0.644902168764266,,
437,1966,SD,,,,,,,,,,,,,,,,,-0.07437122455868614,-0.3566773686683889,,
438,1966,LA,,,,,,,,,,,,,,,,,0.012968530900381503,-0.6158600912767138,,
439,1966,DC,,,,,,,,,,,,,,,,,0.30069512991688213,-0.0043337270367366535,,
440,1966,CA,,,,,,,,,,,,,,,,,0.20435650943240957,-0.31278971014964385,,
441,1966,CO,,,,,,,,,,,,,,,,,-0.007622580736283857,-0.338526567080545,,
442,1966,NM,,,,,,,,,,,,,,,,,0.1262067586963757,-0.3959200457993607,,
443,1966,IL,,,,,,,,,,,,,,,,,0.11109820032591626,-0.25106557144043135,,
444,1966,PA,,,,,,,,,,,,,,,,,0.18169802667330326,-0.3431643574933198,,
445,1966,TX,,,,,,,,,,,,,,,,,-0.12684210376800892,-0.7099176133325634,,
446,1966,SC,,,,,,,,,,,,,,,,,-0.025836020148969283,-0.6045006809505056,,
447,1966,MS,,,,,,,,,,,,,,,,,0.0479803812632961,-0.7564261701188446,,
448,1966,IA,,,,,,,,,,,,,,,,,-0.10916949773915594,-0.3265450214355286,,
449,1966,MD,,,,,,,,,,,,,,,,,0.2775134440986378,-0.30738840467869105,,
450,1966,WA,,,,,,,,,,,,,,,,,0.14242520307046644,-0.28576234078030155,,
451,1966,VA,,,,,,,,,,,,,,,,,0.017983646847189085,-0.49766562271601883,,
452,1966,FL,,,,,,,,,,,,,,,,,0.05668663480926101,-0.47070843894394604,,
453,1966,ME,,,,,,,,,,,,,,,,,0.1405895667511559,-0.405581255795975,,
454,1966,UT,,,,,,,,,,,,,,,,,0.09266104441656631,-0.28524822312022746,,
455,1966,OK,,,,,,,,,,,,,,,,,-0.06907028456755916,-0.4328649183035854,,
456,1966,AZ,,,,,,,,,,,,,,,,,0.03058945745730134,-0.3803336073104111,,
457,1966,WV,,,,,,,,,,,,,,,,,0.21915970958889283,-0.4746555995673268,,
458,1966,WY,,,,,,,,,,,,,,,,,0.15601281104065748,-0.5680402871477367,,
459,1966,DE,,,,,,,,,,,,,,,,,0.08741563492219276,-0.31795093582613043,,
460,1966,NH,,,,,,,,,,,,,,,,,0.07598315069919702,-0.3679371545743913,,
461,1966,HI,,,,,,,,,,,,,,,,,0.06679272305739478,-0.3985975378834126,,
462,1966,NV,,,,,,,,,,,,,,,,,0.05175139698872284,-0.4231643842020519,,
463,1966,ND,,,,,,,,,,,,,,,,,0.04406387484040353,-0.2962450465496943,,
464,1966,RI,,,,,,,,,,,,,,,,,0.12032743064267215,-0.15812111896340791,,
465,1966,VT,,,,,,,,,,,,,,,,,-0.055614994330661346,-0.3067657190268863,,
466,1966,MT,,,,,,,,,,,,,,,,,0.01879217636737898,-0.4280837369434652,,
467,1966,AK,,,,,,,,,,,,,,,,,0.04659038896865512,-0.0043337270367366535,,
468,1968,,,,,,,,,,,,,,,,,,,,,
469,1968,NY,,,,,,,,,,,,,,,,,0.2967160758159359,-0.2886783600889298,,
470,1968,OH,,,,,,,,,,,,,,,,,0.21893829063102987,-0.3360812814651975,,
471,1968,ID,,,,,,,,,,,,,,,,,-0.11033668705898395,-0.4854515494355991,,
472,1968,MI,,,,,,,,,,,,,,,,,0.23324513494365687,-0.4440318133942885,,
473,1968,GA,,,,,,,,,,,,,,,,,0.23516109899786375,-0.3056427316612915,,
474,1968,NE,,,,,,,,,,,,,,,,,-0.1392530241752885,-0.3009484480934317,,
475,1968,MA,,,,,,,,,,,,,,,,,0.2677222174391798,-0.30664056112746896,,
476,1968,KY,,,,,,,,,,,,,,,,,0.2778689157896056,-0.4756762867992835,,
477,1968,MO,,,,,,,,,,,,,,,,,0.0850576315589718,-0.33742799753474223,,
478,1968,NC,,,,,,,,,,,,,,,,,0.10868636668688256,-0.4358514163684392,,
479,1968,AR,,,,,,,,,,,,,,,,,-0.05368809875577628,-0.47282505249591333,,
480,1968,MN,,,,,,,,,,,,,,,,,0.1052771701333188,-0.43175692244708874,,
481,1968,TN,,,,,,,,,,,,,,,,,0.21402578051609375,-0.5538202927540847,,
482,1968,KS,,,,,,,,,,,,,,,,,0.024634911705279653,-0.5055584100201951,,
483,1968,WI,,,,,,,,,,,,,,,,,0.11437780313736845,-0.42419827010491695,,
484,1968,IN,,,,,,,,,,,,,,,,,0.14365388756357492,-0.47210438040642694,,
485,1968,CT,,,,,,,,,,,,,,,,,0.225697346971597,-0.3391452475314604,,
486,1968,NJ,,,,,,,,,,,,,,,,,0.299581235399215,-0.395229706896426,,
487,1968,AL,,,,,,,,,,,,,,,,,0.11786816993090941,-0.5417081990059366,,
488,1968,OR,,,,,,,,,,,,,,,,,0.2056204812188808,-0.40069210034448083,,
489,1968,SD,,,,,,,,,,,,,,,,,-0.028380624422158038,-0.46945647451059414,,
490,1968,LA,,,,,,,,,,,,,,,,,0.11746496841449967,-0.30675214435784326,,
491,1968,DC,,,,,,,,,,,,,,,,,0.32073802194475526,-0.08060836400049215,,
492,1968,CA,,,,,,,,,,,,,,,,,0.19232866096334775,-0.2669555831749169,,
493,1968,CO,,,,,,,,,,,,,,,,,-0.040057665491978894,-0.33692007385447037,,
494,1968,NM,,,,,,,,,,,,,,,,,0.16334914259362504,-0.4500934442201816,,
495,1968,IL,,,,,,,,,,,,,,,,,0.14142548830336896,-0.3181146341571678,,
496,1968,PA,,,,,,,,,,,,,,,,,0.25624658195562955,-0.4958257408232941,,
497,1968,TX,,,,,,,,,,,,,,,,,0.011401577148613184,-0.40787410813067687,,
498,1968,SC,,,,,,,,,,,,,,,,,0.026901038324374797,-0.44014092021669926,,
499,1968,MS,,,,,,,,,,,,,,,,,0.26229424537740026,-0.37686598303611246,,
500,1968,IA,,,,,,,,,,,,,,,,,-0.0988041502741795,-0.3821580080226471,,
501,1968,MD,,,,,,,,,,,,,,,,,0.32073802194475526,-0.35590049863231216,,
502,1968,WA,,,,,,,,,,,,,,,,,0.1581871055263474,-0.15644614448083127,,
503,1968,VA,,,,,,,,,,,,,,,,,0.13423187687129576,-0.4120877810399181,,
504,1968,FL,,,,,,,,,,,,,,,,,-0.0036953375110632056,-0.41424381760513435,,
505,1968,ME,,,,,,,,,,,,,,,,,0.20472665610930546,-0.38525389531190873,,
506,1968,UT,,,,,,,,,,,,,,,,,0.0729949526578981,-0.49499975771681803,,
507,1968,OK,,,,,,,,,,,,,,,,,-0.06245596063774585,-0.5114738783319417,,
508,1968,AZ,,,,,,,,,,,,,,,,,0.06118620629435312,-0.4564267264117302,,
509,1968,WV,,,,,,,,,,,,,,,,,0.25733574176063395,-0.4319222714420217,,
510,1968,WY,,,,,,,,,,,,,,,,,0.09878107512161624,-0.5086322583365199,,
511,1968,DE,,,,,,,,,,,,,,,,,0.15241949164502133,-0.3515337565943115,,
512,1968,NH,,,,,,,,,,,,,,,,,0.1537654907877022,-0.36151281194328416,,
513,1968,HI,,,,,,,,,,,,,,,,,0.0627900594636214,-0.35007381135785437,,
514,1968,NV,,,,,,,,,,,,,,,,,0.07742321566975599,-0.2727193706167327,,
515,1968,ND,,,,,,,,,,,,,,,,,0.06165698695576034,-0.40724350774020346,,
516,1968,RI,,,,,,,,,,,,,,,,,0.12662069468712536,-0.34512013179936024,,
517,1968,VT,,,,,,,,,,,,,,,,,-0.053201763773234004,-0.3386268483827408,,
518,1968,MT,,,,,,,,,,,,,,,,,0.04268977885744009,-0.49781025810185286,,
519,1968,AK,,,,,,,,,,,,,,,,,0.07919074440470476,-0.08060836400049215,,
520,1970,,,,,,,,,,,,,,,,,,,,,
521,1970,NY,,,,,,,,,,,,,,,,,0.4801619597421368,0.05147799813451088,,
522,1970,OH,,,,,,,,,,,,,,,,,0.3486109709174739,-0.2924568368308937,,
523,1970,ID,,,,,,,,,,,,,,,,,-0.0430874340640912,-0.43799768806653055,,
524,1970,MI,,,,,,,,,,,,,,,,,0.30799321604968427,-0.26908606297391185,,
525,1970,GA,,,,,,,,,,,,,,,,,0.3664957250212671,-0.24346329399224434,,
526,1970,NE,,,,,,,,,,,,,,,,,0.04189477126359102,-0.23062519413866178,,
527,1970,MA,,,,,,,,,,,,,,,,,0.4673569599970476,-0.030944522654436816,,
528,1970,KY,,,,,,,,,,,,,,,,,0.34158065717084546,-0.32483781077974766,,
529,1970,MO,,,,,,,,,,,,,,,,,0.19839794574792002,-0.2799381581570467,,
530,1970,NC,,,,,,,,,,,,,,,,,0.17025073954459363,-0.3758260317919845,,
531,1970,AR,,,,,,,,,,,,,,,,,0.11707658460585825,-0.4630036884510786,,
532,1970,MN,,,,,,,,,,,,,,,,,0.2319221785081761,-0.14519121172426375,,
533,1970,TN,,,,,,,,,,,,,,,,,0.27165351292450657,-0.43259061605301,,
534,1970,KS,,,,,,,,,,,,,,,,,0.18552046013200274,-0.3553791148875048,,
535,1970,WI,,,,,,,,,,,,,,,,,0.23317088881762366,-0.23588780233552,,
536,1970,IN,,,,,,,,,,,,,,,,,0.16052672333234252,-0.3386231264704375,,
537,1970,CT,,,,,,,,,,,,,,,,,0.36359592599722196,-0.0008619533569318253,,
538,1970,NJ,,,,,,,,,,,,,,,,,0.5413557473886486,0.07093415260142749,,
539,1970,AL,,,,,,,,,,,,,,,,,0.23059390348993525,-0.4236076201132604,,
540,1970,OR,,,,,,,,,,,,,,,,,0.2652772906792785,-0.17845967075203714,,
541,1970,SD,,,,,,,,,,,,,,,,,0.022382174325444742,-0.29715008498196077,,
542,1970,LA,,,,,,,,,,,,,,,,,0.29545689549191767,-0.29750469028544496,,
543,1970,DC,,,,,,,,,,,,,,,,,0.5413557473886486,0.09133261313676153,,
544,1970,CA,,,,,,,,,,,,,,,,,0.3371204538406065,-0.08399869070430836,,
545,1970,CO,,,,,,,,,,,,,,,,,0.08697953785654503,-0.24087046930899453,,
546,1970,NM,,,,,,,,,,,,,,,,,0.3199319634463416,-0.2786756884816832,,
547,1970,IL,,,,,,,,,,,,,,,,,0.3033007889836158,-0.14438948218766134,,
548,1970,PA,,,,,,,,,,,,,,,,,0.39574588609104494,-0.2214272153561325,,
549,1970,TX,,,,,,,,,,,,,,,,,0.16038849442611952,-0.3653613772056912,,
550,1970,SC,,,,,,,,,,,,,,,,,0.2242785145333587,-0.2777479671825221,,
551,1970,MS,,,,,,,,,,,,,,,,,0.39883547275115133,-0.40811390483004245,,
552,1970,IA,,,,,,,,,,,,,,,,,0.0384807971535559,-0.2674554220364568,,
553,1970,MD,,,,,,,,,,,,,,,,,0.4668167630683501,-0.06392230618240827,,
554,1970,WA,,,,,,,,,,,,,,,,,0.24693374699808923,-0.03460968487866404,,
555,1970,VA,,,,,,,,,,,,,,,,,0.30986826603906825,-0.230898383140794,,
556,1970,FL,,,,,,,,,,,,,,,,,0.2909919935082421,-0.256546065694574,,
557,1970,ME,,,,,,,,,,,,,,,,,0.36885897716937494,-0.1546309716133096,,
558,1970,UT,,,,,,,,,,,,,,,,,0.16673127584107877,-0.4476188792974517,,
559,1970,OK,,,,,,,,,,,,,,,,,0.2054128797385166,-0.31336358741618375,,
560,1970,AZ,,,,,,,,,,,,,,,,,0.21173489039731774,-0.2815235515061798,,
561,1970,WV,,,,,,,,,,,,,,,,,0.3127256853890224,-0.4184236139415048,,
562,1970,WY,,,,,,,,,,,,,,,,,0.1717563707631578,-0.310516994986954,,
563,1970,DE,,,,,,,,,,,,,,,,,0.32911496037045,-0.15187669192926975,,
564,1970,NH,,,,,,,,,,,,,,,,,0.18806461197335797,-0.07511891571390107,,
565,1970,HI,,,,,,,,,,,,,,,,,0.25416354802632696,-0.05455461160820562,,
566,1970,NV,,,,,,,,,,,,,,,,,0.20222945835875292,-0.10079201691630443,,
567,1970,ND,,,,,,,,,,,,,,,,,0.1322130590573541,-0.33747488266606096,,
568,1970,RI,,,,,,,,,,,,,,,,,0.30056092200800627,-0.14995488784571093,,
569,1970,VT,,,,,,,,,,,,,,,,,0.05445402443944193,-0.07064647939783526,,
570,1970,MT,,,,,,,,,,,,,,,,,0.11972322060547397,-0.37169103119795577,,
571,1970,AK,,,,,,,,,,,,,,,,,0.19761443609057316,0.09133261313676153,,
572,1972,,,,,,,,,,,,,,,,,,,,,
573,1972,NY,0.10701194433999603,0.07578016471370286,0.11188421104710974,0.24418497830505487,0.13771022692905677,0.135148806755798,0.18827966790928174,0.03695206072103726,0.13402167433676432,0.12734141291371334,0.3116970506826473,0.1579003418992896,0.18969843741995585,0.04238902202659234,-2.200000000000003,-0.6500000000000021,0.5859926368739334,0.1503016629516485,0.7679125405534518,0.6765715253349203
574,1972,OH,0.08111479024456565,0.060346315967792954,0.09387126116850056,0.2272617009539249,0.1438518444951637,0.15407987183963934,0.2394742153304129,0.032374003882773984,0.1200453960303651,0.11803033292946985,0.3065222693099559,0.16563319723984726,0.2090821942860085,0.04831260632157941,-1.1000000000000014,0.3500000000000014,0.30532019315008585,-0.18080622109584826,0.7426051993924121,0.6064459128299478
575,1972,ID,0.10127106261549222,0.07250590886909396,0.10827065306135095,0.24148780063818542,0.1394243793334441,0.13917320379418718,0.19786699168824617,0.03164588195386479,0.1177623504533137,0.11642989784783364,0.3053879919071232,0.16686169140946538,0.2125075476728675,0.049404638755531805,3.5,8.45,-0.10249495737405051,-0.5795679938235062,0.7380878135716007,0.6629598045175666
576,1972,MI,0.10059749240879544,0.07211633677837263,0.10783318384420906,0.24113656656057564,0.13961569489998515,0.13965301363971416,0.1990477118683479,0.035348884834706606,0.12920060118452753,0.12422329944049026,0.3102381309247082,0.16059929369916826,0.1960929629323266,0.04429682698407256,-4.5,-3.1999999999999993,0.26072703605403014,-0.05374584790367199,0.7596102100836009,0.6612992744919379
577,1972,GA,0.09981317212125733,0.07166127084901276,0.10732014981054594,0.2407179717188463,0.1398355969892887,0.1402136594872705,0.20043817902377847,0.02825534405347103,0.10690637226849035,0.10850834809585294,0.2987365161536939,0.17247919356036512,0.22992534419949773,0.0551888816686289,14.299999999999997,0.649999999999995,0.21885011666726728,-0.40468135021196916,0.7148857741318734,0.659348161488951
578,1972,NE,0.06322974490648846,0.04866073809448182,0.07860254987512193,0.20643749286131424,0.14398520252716968,0.16739565150293945,0.29168862023248443,0.029910114861167004,0.11225138333733096,0.11247326204084993,0.302280795180418,0.16976610827674088,0.22110749747273162,0.05221083883076161,9.799999999999997,13.099999999999998,0.06683769775865435,-0.3213473506284221,0.7266816636965068,0.5409157282645761
579,1972,MA,0.12726515640895827,0.08668614806068267,0.12309036661475825,0.2500688329451133,0.13084320868906385,0.12194856195299353,0.16009772532843014,0.05403130286288065,0.1808580257093509,0.1526901960200952,0.3119796038918687,0.1316747621530282,0.13988855854953142,0.028877550813244945,-15.5,-13.0,0.47820157157248355,0.04316736507262246,0.8312338906372236,0.7179537127185763
580,1972,KY,0.08506646008046269,0.06281308038424578,0.09691601033108235,0.23071742716505592,0.1432437089771869,0.15108926310414483,0.23015404995782152,0.045082539596669115,0.15731282452180162,0.14104906598244968,0.3146278457469571,0.14473188485728272,0.16246919508235524,0.0347266442124845,2.6999999999999957,1.5499999999999972,0.3257185622031036,-0.4338640398014506,0.8028041607051603,0.6187566869380337
581,1972,MO,0.08084830227821814,0.06017848673402139,0.09366183882180726,0.22701539634622106,0.14388696119202632,0.15428205177773613,0.2401269628499697,0.030164297985822926,0.11306447765239455,0.11306537797037827,0.3027731533153317,0.16934372229706096,0.21980817400717068,0.05178079677184089,1.5,1.5,0.15655037225062074,-0.31322620447059035,0.7284110292209884,0.6055909853722942
582,1972,NC,0.1006591362266977,0.07215203710188658,0.10787333983205641,0.24116902621084835,0.1395982796287858,0.13960903790593826,0.1989391430937869,0.03202959156275658,0.11896757922585724,0.1172775845051661,0.3059976011470669,0.16621478887674113,0.21068957708476865,0.04882327759764338,8.799999999999997,2.4499999999999993,0.2600694319367261,-0.43324430833165295,0.740487145317588,0.6614518190002748
583,1972,AR,0.08545480939527526,0.06305329234985498,0.09720916414384823,0.23103772604125739,0.14317562393653438,0.15079641489375872,0.22927296923947105,0.027229898451357454,0.10354867188286498,0.10595274092564444,0.2962241096811321,0.1741177157776621,0.23572155154399843,0.05720531173734045,8.200000000000003,-2.1999999999999975,0.17791840108062282,-0.5429145712798025,0.7070731367186611,0.6199306158667702
584,1972,MN,0.09804866340357041,0.07063181932717175,0.106151550500857,0.23973770039798487,0.14031850441009852,0.1414824478371971,0.20362931412312035,0.03450325118007,0.12662606816211106,0.12251793449006715,0.3093225476745647,0.16202920425793277,0.1996297842840168,0.04537120995123756,-9.100000000000001,-5.5,0.07908878081843228,-0.18224037619872618,0.7549990057647457,0.6548882380396825
585,1972,TN,0.06934914758913276,0.05275628746028038,0.08411226032657192,0.21461933639137887,0.14452739270112797,0.16295838940003915,0.27167718613146896,0.029438548925043943,0.11073734400567775,0.1113629577977665,0.30133165393661027,0.17054624777855576,0.22355599142265925,0.05302725613368653,7.0,0.6999999999999993,0.2502387672576331,-0.33875585452995954,0.7234167524436542,0.5653644244684919
586,1972,KS,0.08329950125725932,0.06171515308276762,0.09556854770682127,0.2292170619127458,0.14353523067537904,0.15242438627446409,0.23424011909056286,0.02386217982450648,0.09227096236149729,0.09699679077715949,0.2860041318790605,0.17911445607734278,0.2567858513890584,0.06496562769137504,7.0,9.2,0.06538136929791308,-0.31372418358118226,0.6782485209195666,0.613335494634973
587,1972,WI,0.0801065173590028,0.0597103364859297,0.09307614111611107,0.22632068770847155,0.14398052942968342,0.15484500988542083,0.24196077801538063,0.031934848539455364,0.11867042734070243,0.11706916986924473,0.30584956243507083,0.166374630447523,0.21113577113556514,0.048965590232438516,-7.300000000000004,-1.4000000000000021,0.1877859878251599,-0.3312470187572623,0.7398986386319963,0.6031942120991985
588,1972,IN,0.08205528729317095,0.06093712701580163,0.09460619466790701,0.22811731740206012,0.1437217227616166,0.15336670107122896,0.23719564978821472,0.027585483531679285,0.10471696772180686,0.1068476644505213,0.2971242351177804,0.17355406308560584,0.23368148757705076,0.05649009851555553,5.3999999999999915,6.149999999999995,0.02431914327751392,-0.2299581645273041,0.7098284139073937,0.6094376491405563
589,1972,CT,0.1154696957402283,0.08045541165265058,0.11684612623753188,0.24727345667377704,0.13496467990504657,0.12944336651327137,0.17554726327749426,0.036197710446287,0.13176288169029826,0.12589268813197252,0.31105405739731834,0.15916784932380768,0.19265820763366492,0.04326660537665128,-2.1000000000000014,-0.6000000000000014,0.2921737404514683,0.1319480078931157,0.7640751869896838,0.6950093702092344
590,1972,NJ,0.08212444482824689,0.06098047913174383,0.09465998107924944,0.2281794006575786,0.14371178025296116,0.1533142859891523,0.23702962806106775,0.035263857087612795,0.12894272546013283,0.12405375014980102,0.3101508025478826,0.16074292604910967,0.19644330624381623,0.044402632461644886,0.8999999999999986,1.8000000000000007,0.49966461864710077,0.11516420204387331,0.7591540612945389,0.6096560859497799
591,1972,AL,0.09626487935254513,0.06958310625862937,0.10494968588178552,0.23869102112881363,0.1407890251762388,0.14277529326360583,0.2069469889383817,0.02929012825566542,0.11025931268537685,0.11101030171530102,0.3010231228940302,0.17079075835667934,0.22433702027966151,0.053289355813285644,11.700000000000003,-8.849999999999998,0.20240403851553915,-0.38119917585974117,0.7223736239070528,0.6502777177980125
592,1972,OR,0.13188530688697425,0.08903652232234305,0.12533411017711188,0.2507489567806539,0.12917008942492525,0.1191596827307172,0.15466533167727448,0.044103337224816866,0.1546069780275514,0.13957014647155908,0.31460137535749955,0.14625832019419827,0.16535444899506968,0.03550539372930517,-8.300000000000004,-0.9500000000000028,0.1673366910000041,-0.01001715903404985,0.7991401572756252,0.7261749855920083
593,1972,SD,0.08499143800816422,0.06276663035966562,0.09685925436826903,0.23065516260697755,0.1432566987869749,0.15114586264749486,0.23032495322245383,0.025263985988032707,0.0970124989875244,0.10083263837246367,0.29065202386787947,0.1771231173713237,0.24761582323339293,0.06149991217938311,-6.5,1.6999999999999993,-0.021370784738767783,-0.3879474423337548,0.690884264587224,0.6185291841300513
594,1972,LA,0.09279650970583236,0.06752080018959328,0.1025527609560769,0.236488512780882,0.14164788419595836,0.1453165799880557,0.2136769521836014,0.034021391168831065,0.12514919252736922,0.12152693174221035,0.30875269859123905,0.1628449943432142,0.20169862523787985,0.04600616638925625,4.599999999999994,-7.650000000000002,0.32985636536750407,-0.452265855101226,0.7522952083728639,0.6410064678283429
595,1972,DC,0.23701727798544994,0.1300047799754269,0.1529051610617257,0.23188290969255188,0.09249168268722974,0.07356859580239827,0.08212959279521759,0.10752421777317715,0.2855177181542439,0.17867620895251013,0.2591176065147883,0.08136122937739243,0.07390139865545353,0.013901620572434492,-39.1,-32.15,0.5859926368739334,0.18184582548831604,0.912196980772112,0.8443018114023841
596,1972,CA,0.1053336263720398,0.07483145450696624,0.11084885578994727,0.2434498057346703,0.1382257923092719,0.13631301379169625,0.19099745149540825,0.037728553658686756,0.13632894064288603,0.12879914667352135,0.31228232619952856,0.15660131213642503,0.1867389701886163,0.04152075050033599,-5.700000000000003,-0.6500000000000021,0.3023629716216732,0.03596233762514532,0.7717402793110477,0.6726895347128955
597,1972,CO,0.09659323658577922,0.06977675913938565,0.10517248411607422,0.23888798162015173,0.1407038060316077,0.14253655826875178,0.2063291742382497,0.037305723228380425,0.13507477853741928,0.1280095275496707,0.3119730233138982,0.15730790716257104,0.18833976905475314,0.041989271153307195,1.8999999999999986,4.5,-0.02526099228088651,-0.07509884461301314,0.7696709597919397,0.6511342674929985
598,1972,NM,0.08122296054154868,0.060414386165247996,0.09395611888361444,0.2273611887401789,0.14383736697467486,0.15399781654755273,0.23921016214718238,0.026995051101322894,0.10277474185902447,0.10535653688405211,0.2956122717261312,0.17448706000352232,0.2370869427604676,0.057687395665479424,0.29999999999999716,4.349999999999998,0.3100134785399755,-0.2419698190713786,0.705225661574053,0.6067920213052649
599,1972,IL,0.1122189272723369,0.07867922018057419,0.1149886361460393,0.24620317347757936,0.13604607037344596,0.13160392700418444,0.18026004554583985,0.03510403766612265,0.1284574199119498,0.12373390532237177,0.3099838334488564,0.16101299875074837,0.1971049758820108,0.044602829017940215,-1.7000000000000028,1.0,0.1772702640608798,-0.014733525573417538,0.758292195100049,0.6881360274499757
600,1972,PA,0.09817572065595083,0.0707062102871192,0.10623636866794639,0.23981009649929097,0.14028429681503674,0.14139074565295617,0.2033965614216997,0.036135596247497605,0.1315761244724214,0.1257719470974387,0.310997728685396,0.15927242833523403,0.1929057491202869,0.04334042604172539,-1.6000000000000014,-0.5,0.3774891567634475,-0.11129259903123688,0.7637538248379877,0.6552126929253441
601,1972,TX,0.09730555699536936,0.0701959174203445,0.10565338605173705,0.23930857431016034,0.14051675207259773,0.14201981394957386,0.20499999920021716,0.029800066911505323,0.11189870479961386,0.11221552991392983,0.3020634830456127,0.16994858841986027,0.2216744496946803,0.0523991772147977,5.5,1.0,0.014104396029508403,-0.35342203841624853,0.725926373090522,0.652980186850209
602,1972,SC,0.10252624857144318,0.07322882842848455,0.10907822403634751,0.24212230383736966,0.13906201810267982,0.13828327003862217,0.1956991069850531,0.03043241250646168,0.11391986630067173,0.11368516509641163,0.3032782199034448,0.16889691917811867,0.21845285931634584,0.05133455769854567,10.099999999999994,2.3999999999999915,0.19471594481651447,-0.19028881893626595,0.7302125829851085,0.6660176229763247
603,1972,MS,0.10401367461290001,0.07408039540543115,0.11002244067088657,0.24284116705380288,0.13862322395907434,0.13723585402542593,0.19318324427247913,0.02879383752057936,0.10865561877564424,0.10981984323441912,0.2999564821362686,0.17160432821304017,0.22698559380607652,0.054184296313972036,17.5,-6.199999999999999,0.38822337678384483,-0.3982743529262557,0.7188301098799514,0.6695809017020949
604,1972,IA,0.08651694273677449,0.06370826074934682,0.0980054664700871,0.23189668447151496,0.14298233148335393,0.1499967305136939,0.22689358357522882,0.02525015072297545,0.0969660334697364,0.1007955469439642,0.2906090284876903,0.17714347561310984,0.2477034088891833,0.061532355873340494,-3.1000000000000014,3.25,-0.0527551287273141,-0.3765543410134127,0.6907642352374762,0.6231096859110773
605,1972,MD,0.09786143259915837,0.07052212272882187,0.10602637235750187,0.23963050001995978,0.14036874828393187,0.14161767444393958,0.20397314956668666,0.03179299327474683,0.11822497948914079,0.11675602808126967,0.3056248770527446,0.16661382140723924,0.21180712580061656,0.04918017489424231,0.5999999999999943,-0.45000000000000284,0.38794686553481456,0.07956796837853208,0.7390126993051411,0.6544091759893738
606,1972,WA,0.12251800167883188,0.08421860727488582,0.12066848437718536,0.24913684848282658,0.13253278107319078,0.12489981216265089,0.1660254649504287,0.04508775807626016,0.15732717419049963,0.14105683050320686,0.3146277868635639,0.14472379940503988,0.16245406963345987,0.03472258132796968,-3.8000000000000043,-1.0500000000000007,0.21058028462676076,0.10807477517338236,0.8028233490385704,0.7090747228869204
607,1972,VA,0.09548350061399405,0.06912117488207753,0.10441665288322136,0.23821441726057602,0.14098919815217448,0.14334472847412527,0.2084303277338313,0.03490397575042556,0.12784881150136992,0.12333138516086611,0.30976957136114214,0.16135124198563922,0.19793911541252907,0.044855898828027985,7.099999999999994,3.549999999999997,0.2935430240226141,-0.1725340071413242,0.757204985759443,0.6482249437920434
608,1972,FL,0.0810299854645677,0.06029292780485586,0.09380467313810445,0.22718350561753425,0.14386310482382558,0.15414420748570445,0.2396815956654077,0.027234869053292792,0.10356503228607027,0.10596531531690426,0.29623690900290706,0.17410987267822575,0.2356928087861151,0.05719519287648478,11.200000000000003,4.150000000000002,0.2669079331250212,-0.18298692625452687,0.7071119983374001,0.6061741968488878
609,1972,ME,0.12059556519132111,0.08320404869690273,0.11965320618295852,0.24868767413819814,0.13320630848356152,0.12611987977233274,0.16853331753472522,0.037388604034324265,0.13532103238413715,0.1281650873171485,0.3120354056825054,0.157169253682789,0.18802398115549812,0.04189663574359759,0.7999999999999972,0.25,0.3649472784549326,-0.10279046229432937,0.7700793831009043,0.705346802692942
610,1972,UT,0.10810763242282219,0.07639575963994598,0.11255091379177345,0.24464211926277646,0.13736782338858666,0.13439437996421433,0.18654137152988093,0.03159365606712462,0.11759794699419428,0.11631377809705595,0.30530293916530915,0.16694963956102116,0.2127572375173068,0.04948480259798804,6.8999999999999915,9.999999999999996,-0.07566266331874982,-0.5834436188416601,0.7377579598847052,0.6790642485059047
611,1972,OK,0.08330269364897804,0.06171714410327807,0.09557100245810454,0.22921983713729566,0.1435347317478653,0.15242197054544937,0.23423262035902903,0.032941168668119844,0.12181213893919808,0.11925338638275046,0.3073412138531447,0.16467404866278346,0.20648426202282122,0.04749378147118222,13.0,8.650000000000002,0.1658364968561142,-0.22570034977026704,0.7460219565059966,0.6133454090955216
612,1972,AZ,0.07191302238171855,0.05444190483893223,0.08633034076615667,0.21770084362795636,0.14455131918668895,0.161045286200865,0.26401728299768223,0.02849072894127003,0.10767217754471392,0.10908418084460011,0.29927795428450377,0.1720978629423825,0.22863174404969266,0.05474535139283698,4.0,7.699999999999999,0.1704442818586409,-0.21206258935804584,0.7166229045574704,0.5749374308014528
613,1972,WV,0.07801160538774084,0.05838034225952339,0.09139995420644267,0.2242849243659737,0.1442101805620699,0.1564354331627894,0.2472775600554601,0.03648335559436689,0.13262022228847095,0.1264450863404212,0.311306400361605,0.15868731450098295,0.191527403579414,0.04293021733473901,2.8999999999999986,0.14999999999999858,0.34481484934536705,-0.4366451307848966,0.765542379085847,0.5962870067817505
614,1972,WY,0.08693336154247507,0.06396424481791678,0.09831548728139028,0.2322267094451841,0.1429037886056045,0.1496837446746203,0.225972663632809,0.03422237925715707,0.1257660836574353,0.12194200456002816,0.3089947429501089,0.1625046686920063,0.20083087117586707,0.04573924970739718,8.299999999999997,10.349999999999998,0.04439404235892274,-0.23106552998052038,0.7534298791167358,0.6243435916925707
615,1972,DE,0.1090808618934173,0.07694006337334773,0.11313704566399421,0.2450333885800291,0.1370600449576712,0.13372803786441212,0.18502055766712833,0.04257712465881006,0.15033649891643439,0.13717590362775905,0.3144030621843826,0.14867329720117195,0.1700462590756121,0.03678785433582987,-1.1000000000000014,0.3000000000000007,0.27949170366435616,-0.01830633203468153,0.793165886588558,0.6812514044684596
616,1972,NH,0.10670817247489935,0.07560896866796447,0.11169808604163353,0.2440550742692028,0.1378043589134328,0.13535875636750005,0.188766583265367,0.03973227148944176,0.14220031943055952,0.1324087366198395,0.3134602104098789,0.15328252182395252,0.17948539788224738,0.03943054234408039,3.299999999999997,6.0,0.045210843604260025,0.04354099318269544,0.7810840597736722,0.675874660367133
617,1972,HI,0.06814049454147915,0.0519554757841994,0.08304834911394555,0.2130980179639382,0.14447714281064128,0.16385149894636775,0.27542902083942866,0.03532175604948048,0.1291183478682493,0.12416924974410942,0.31021038096756454,0.16064511660135106,0.19620461649118548,0.04433053227805972,1.7999999999999972,-1.4499999999999993,0.235258642166819,0.10080977121151795,0.7594648512307548,0.5607194802142036
618,1972,NV,0.07175791027968578,0.05434043172475564,0.08619763229774127,0.21751990706612587,0.14455291791944985,0.16116162434615322,0.26446957636608837,0.029646869533075187,0.11140708551314649,0.11185534955967932,0.30175674076234604,0.1702022012648614,0.22246818923553413,0.05266356413135742,3.0,3.5500000000000007,0.14591515655723536,-0.04568998640741179,0.7248682466331084,0.5743687992877584
619,1972,ND,0.05727028688523444,0.04457303441313639,0.07293347096226956,0.1972327197269154,0.14266008814561965,0.1714117811127751,0.31391861875404947,0.02239315408755911,0.08722841585234604,0.09280375272489177,0.2804546149846415,0.1810129755887081,0.267076818045477,0.06903026871637641,1.3999999999999986,6.949999999999999,0.022232083092084288,-0.3355269053732137,0.6638929132381466,0.5146696001331754
620,1972,RI,0.12890205706761745,0.0875246189842323,0.12389791062710723,0.250334466784045,0.13025323693828017,0.12095111684879545,0.15813659274992242,0.033134496727488374,0.12241205247333979,0.11966562999003666,0.3076078695103417,0.16434682848986049,0.20561235894192997,0.047220763867003024,-7.700000000000003,-9.65,0.2885387612372472,-0.11468812585269404,0.747166877191067,0.7209122904012821
621,1972,VT,0.18177437903997556,0.11134472628278508,0.1433465936947691,0.2477081641315958,0.11082433030577832,0.09379651130533662,0.11120529523975953,0.05588211915855313,0.18547258424130167,0.15471736110273412,0.31092392465483776,0.1291786861958304,0.13593062407679146,0.02789470056995147,2.0,5.699999999999999,0.0658397455950036,0.10135132277980619,0.8361746753532571,0.7949981934549039
622,1972,MT,0.07583247418483133,0.056984498863889815,0.08962132035028944,0.22204785430018956,0.14439116549008268,0.158088236135011,0.2530344506757062,0.03736617019943163,0.13525439765731284,0.12812301885848973,0.312018605398585,0.15720677675114036,0.1881093600164664,0.04192167111857403,-2.8000000000000043,2.1999999999999993,0.0613586188003545,-0.4275010120810561,0.7699689688649595,0.5888773131892828
623,1972,AK,0.10039817977170573,0.07200084163092599,0.10770318233998452,0.24103117775040678,0.13967187301550232,0.13979528859124424,0.19939945690023042,0.03647066952832098,0.13258219837417082,0.1264206524479885,0.31129542502358104,0.15870864179269017,0.19157736267014336,0.042945050163105125,-2.6000000000000014,-0.3500000000000014,0.15578755083042015,0.18184582548831604,0.7654775871667515,0.6608052545085253
624,1974,,,,,,,,,,,,,,,,,,,,,
625,1974,NY,0.11377852467845691,0.07953458773074633,0.11588739906987588,0.2467341314746565,0.13553090795592038,0.1305622786963514,0.1779721703939926,0.03413095088513312,0.1254856184466923,0.12175349591543203,0.30888541756212845,0.1626594738491125,0.20122474595547835,0.04586029738602326,-2.200000000000003,-0.6500000000000021,0.38417873506497074,0.030627658902933917,0.7529149566584984,0.691465550909656
626,1974,OH,0.08411561098432309,0.0622232717280287,0.0961936914897717,0.22991888176359232,0.1434043711980808,0.15180721855012502,0.23233695428607837,0.03099822595468541,0.11571741209688477,0.11497718250828615,0.3042971716036149,0.16795028908503207,0.21564286195420068,0.05041685679729602,-1.1000000000000014,0.3500000000000014,0.19077195566063154,-0.23898221795722563,0.7339402812485033,0.6158558271637966
627,1974,ID,0.10738641072746717,0.0759908870981134,0.11211288166944058,0.24434321497218786,0.13759370704613105,0.1348904681678076,0.18768243031885234,0.030442014419070153,0.11395045696212677,0.11370727077021431,0.30329603918441067,0.16888089535672013,0.21840460857274246,0.0513187147347155,3.5,8.45,-0.27241027213132685,-0.5291818847287141,0.730276676692542,0.6774271015133401
628,1974,MI,0.10407166984566091,0.07411348625581701,0.11005897724669336,0.24286848207177364,0.13860591715052573,0.13719517474789145,0.1930862926816379,0.03405905135469164,0.12526487793755303,0.12160489393804944,0.30879853098604604,0.16278122165409448,0.20153549973660445,0.04595592439296092,-4.5,-3.1999999999999993,0.15378219744897353,-0.0907146199440788,0.7525085758704346,0.6697185325704706
629,1974,GA,0.10307922031995337,0.07354605692343794,0.10943086092592899,0.24239369076697515,0.13890004855148985,0.13789296103244886,0.19475716147976585,0.02780137060061623,0.1054242151880138,0.10738645570103225,0.2976555896181772,0.17320941876055718,0.23245866934761394,0.056064280783989395,14.299999999999997,0.649999999999995,0.12883122236415395,-0.3545612650792376,0.7114770498683967,0.6673498774877853
630,1974,NE,0.06816175155831619,0.051969594283422765,0.08306716262121819,0.21312516344684693,0.14447825297271605,0.1638358489470806,0.2753622261703993,0.028329745224450906,0.10714862862942241,0.10869078996320261,0.2989090421139085,0.1723588520383602,0.22951500427093718,0.05504793775971817,9.799999999999997,13.099999999999998,-0.14567639740084296,-0.28850861576071984,0.7154370579693446,0.5608019248825201
631,1974,MA,0.13469831328368848,0.09044308252159527,0.126647035200668,0.2510608658582905,0.12814090871034267,0.11750144401808105,0.151508350407334,0.051642162569095006,0.1747750072752115,0.1498915619722119,0.3131204044116634,0.13500020852230987,0.14532354178322837,0.03024711346627995,-15.5,-13.0,0.3042039282500216,0.05989730678527095,0.8244293447504917,0.7309902055745849
632,1974,KY,0.08976997353517187,0.06569600841305502,0.10039505344663277,0.23437652801554926,0.14232966377431466,0.14756092930417197,0.21987184351110445,0.04264682083859261,0.15053293660434597,0.13728765847655655,0.31441650849487346,0.14856209117055452,0.1698266184926588,0.0367273659224181,2.6999999999999957,1.5499999999999972,0.16008543115451612,-0.4831289865383043,0.7934460155849231,0.6325672271847236
633,1974,MO,0.08356136179106621,0.06187838054354697,0.09576965745748073,0.22944392049015425,0.1434939647608019,0.1522262714771584,0.23362644347979156,0.028409456514476978,0.10740797172665374,0.10888581067283634,0.29909245667091733,0.17222972461686026,0.2290768724561556,0.054897707342099755,1.5,1.5,0.04053617534130809,-0.4563550518291115,0.7160254202017446,0.61414728504305
634,1974,NC,0.10163255317353591,0.07271451344910211,0.10850424916776355,0.2416731902513466,0.13932078911932777,0.1389163435208849,0.19723836131803918,0.031990536654674606,0.1188451219925882,0.11719174247015121,0.30593677234413225,0.1662806869889384,0.2108732948928297,0.04888184465668566,8.799999999999997,2.4499999999999993,0.235291687315148,-0.40228934230169877,0.7402448604504847,0.6638452951610759
635,1974,AR,0.08973296207784806,0.06567354693471075,0.10036827922228325,0.23434955935173335,0.14233757549387183,0.1475885147444035,0.21994956217514927,0.02650103952282696,0.1011406830922339,0.10408888405387068,0.29427901263178546,0.17525571376159976,0.24000697896795375,0.05872768796972949,8.200000000000003,-2.1999999999999975,0.041716052339365296,-0.4808370971217272,0.7012653330623168,0.6324619230804472
636,1974,MN,0.10125466478907863,0.07249643842550299,0.10826003716556457,0.24147933974820368,0.13942906334453198,0.13918486610714065,0.1978955904199775,0.03327320306696866,0.1228417484619859,0.11995995479146065,0.30779535060800745,0.16411200185090036,0.20499099862969228,0.047026742590984716,-9.100000000000001,-5.5,-0.02263458414882459,-0.22229050096822336,0.747982258779323,0.6629195434728818
637,1974,TN,0.07420542502369153,0.05593401994733439,0.08826963868366344,0.22029502645475602,0.14448473966333825,0.15931916095284204,0.25749198927437433,0.02722343201896081,0.10352738681319014,0.10593637970453196,0.29620744931040516,0.17412791757032475,0.23575895365505917,0.057218480927528015,7.0,0.6999999999999993,0.04049293088303144,-0.4369720305334576,0.7070225654174128,0.5831888497727836
638,1974,KS,0.09109600208419298,0.0664984147781691,0.10134810179120218,0.235324364593955,0.14203926597408328,0.1465747632893668,0.21711908748903064,0.02220715616895636,0.08658452247094478,0.09225982481299932,0.2796985224588905,0.18123664627084424,0.2684327974369972,0.0695805303803676,7.0,9.2,-0.19680751239468286,-0.29690080849035116,0.6619866721826352,0.6363061492216026
639,1974,WI,0.0841737469672107,0.06225940120761547,0.09623804091642627,0.22996829383680986,0.14339479846007047,0.15176328614329393,0.2322024324685733,0.03142874390976214,0.11707824372749168,0.11594593494255509,0.3050310536900481,0.16722717429358291,0.21354925676749192,0.04973959266906813,-7.300000000000004,-1.4000000000000021,0.05713499742368385,-0.2188427522146867,0.7367111505634399,0.6160342813881328
640,1974,IN,0.08652207893640873,0.06371142086185294,0.09800929778165976,0.23190077803146739,0.14298137205788491,0.14999286816482782,0.22688218416589845,0.026285511106093114,0.10042518768837141,0.10353003806795699,0.29367724957456987,0.17558727949545894,0.2413016786101715,0.059193055457378185,5.3999999999999915,6.149999999999995,-0.13403436494900509,-0.24647357602643802,0.6995052659324503,0.6231249476692737
641,1974,CT,0.11974347570308774,0.08275152612714162,0.11919672368460457,0.24847476676660907,0.1335025717495476,0.126665261203179,0.1696656747658304,0.03482874361425489,0.12761962997754522,0.12317940210891151,0.30968747437312716,0.1614784795899954,0.19825448888187225,0.04495178145429357,-2.1000000000000014,-0.6000000000000014,0.17683377296111144,0.10011307913903165,0.7567937296638342,0.7036690640309906
642,1974,NJ,0.08499365937317482,0.06276800593235965,0.09686093546040517,0.23065700804157133,0.14325631492821156,0.1511441866430513,0.23031988962122618,0.03444081447096917,0.12643510765455518,0.12239032069490444,0.30925072034053225,0.16213488213955884,0.19989562544148076,0.04545252925799936,0.8999999999999986,1.8000000000000007,0.4015122584622002,0.13731966120180114,0.7546518453005199,0.6185359237357225
643,1974,AL,0.09861295503359903,0.0709618950703038,0.10652745056714935,0.2400570671436985,0.14016589883175645,0.14107557646766888,0.20259915688582397,0.028842986858037774,0.10881479921096585,0.10993851499410062,0.30006455085994455,0.1715240512322994,0.22672072694033063,0.05409436990432115,11.700000000000003,-8.849999999999998,0.13337244399752707,-0.35857511021583266,0.7191849031553482,0.6563252666465071
644,1974,OR,0.13622883750460427,0.09120064687551183,0.12734482800732264,0.25119971776450223,0.1275783151379195,0.11661171492503719,0.14983593978510235,0.04270554418649868,0.15069834137425853,0.1373816368814308,0.3144275019260255,0.1484684604605948,0.1696419670977718,0.03667654807341991,-8.300000000000004,-0.9500000000000028,0.06405721878215823,-0.027563430574297994,0.7936814848288083,0.7335523452898605
645,1974,SD,0.08734183223640399,0.06421490467430269,0.09861840524994245,0.2325467917507557,0.14282527119733102,0.14937704625876047,0.22507574863250368,0.024768254351781847,0.09534348233968032,0.09949415995397848,0.2890764570813279,0.17784435687669398,0.2507897227245155,0.06268356667202202,-6.5,1.6999999999999993,-0.1000364971795851,-0.37387652804541377,0.6865267106034625,0.6255472051087358
646,1974,LA,0.09455420026136238,0.06856977001804967,0.1037774628871374,0.23763291359164862,0.1412223266796485,0.14402434463160008,0.21021898193055333,0.03445898385975265,0.12649069050944586,0.12242748124579908,0.3092716835939286,0.1621041283072513,0.19981819651295385,0.045428835970868664,4.599999999999994,-7.650000000000002,0.29087922304902436,-0.32507947783230484,0.7547529675161775,0.6457566734378466
647,1974,DC,0.2502525694042433,0.13361200053914568,0.15395996708564802,0.22714598945963693,0.08854286557716651,0.06961235483450245,0.07687425309965712,0.10370427373185001,0.279732248607776,0.1783512427557562,0.263287408980005,0.08382805389305859,0.07662969330192893,0.014467078729625271,-39.1,-32.15,0.4015122584622002,0.2520987997557578,0.9089032279684458,0.8535133920658404
648,1974,CA,0.10607367397072383,0.07525064701963548,0.1113075101503476,0.2437792530454539,0.1379998251896395,0.13579838472074857,0.18979070590345115,0.037711897652300666,0.13627963783637426,0.1287682297208735,0.312270560562326,0.15662910915723827,0.186801548945992,0.0415390161248953,-5.700000000000003,-0.6500000000000021,0.2845097681132783,0.06058417252278877,0.7716594349291126,0.6744109093758003
649,1974,CO,0.10117860296060416,0.07245250063921929,0.10821077275654825,0.24144003526236946,0.1394507731224609,0.13923897421466147,0.19802834104413647,0.03539245652344713,0.12933266162762452,0.12431001812587655,0.3102824795647632,0.16052570562607826,0.19591388262375842,0.044242795908451926,1.8999999999999986,4.5,-0.1720601007165341,-0.1350063336145756,0.7598433214677897,0.6627326847412021
650,1974,NM,0.08536127999212197,0.06299547611001154,0.09713865968753149,0.2309608933158761,0.14319215008206237,0.15086692256243917,0.22948461824995736,0.02588285171605775,0.09908424295492171,0.10247644805014003,0.29251942753394017,0.17620002303803983,0.24375504733580855,0.06008195937109195,0.29999999999999716,4.349999999999998,0.1635633981270518,-0.2435044955815896,0.6961629932930995,0.6196484591876035
651,1974,IL,0.12129496797860212,0.08357418058528557,0.12002490975936111,0.24885604300286202,0.13296206915156095,0.1256743402015401,0.16761348932078812,0.03200095604455285,0.11887779687656366,0.11721465378209928,0.30595302754870857,0.1662631072734987,0.21082425209597444,0.048866206378602506,-1.7000000000000028,1.0,-0.07518076009547398,-0.12708201857308096,0.740309541525423,0.7067121704776718
652,1974,PA,0.10089607106925749,0.07228916622799442,0.10802745918598397,0.2412931956213632,0.1395311657256183,0.13944013296082625,0.19852280920895637,0.035010155933887975,0.12817197513260392,0.12354531412701156,0.30988401911008734,0.16117170219189414,0.19749559156776786,0.0447212419367472,-1.6000000000000014,-0.5,0.2905788512204687,-0.14914431258281494,0.7577831664954849,0.6620370578302174
653,1974,TX,0.0999700351844863,0.07175240748827111,0.10742306986329866,0.24080252389845153,0.1397918684502426,0.14010136502106296,0.20015873009418683,0.02907641412975371,0.10956971723614578,0.1104997925263975,0.3005704596132889,0.17114188832902966,0.22547052879712048,0.05367119936826403,5.5,1.0,-0.06768232819988361,-0.36044257003424773,0.7208582718346155,0.6597399048847502
654,1974,SC,0.10317884650930283,0.07360312903160719,0.10949419066408866,0.24244206176936317,0.13887071979376697,0.13782275594380933,0.19458829628806185,0.03023670326217669,0.11329570781716088,0.11323323604491425,0.30291098211435247,0.16922318465495467,0.21944063622638588,0.05165954988005517,10.099999999999994,2.3999999999999915,0.17503025991984877,-0.1948518841231388,0.728899813893559,0.6675889477681288
655,1974,MS,0.10556101053638164,0.07496039894985465,0.11099013709423844,0.24355192389202007,0.13815659736769148,0.1361546775921222,0.19062525456769153,0.02843032563762861,0.10747583531174006,0.10893679337865286,0.2991402337764353,0.17219588479187076,0.22896242012794732,0.05485850697572514,17.5,-6.199999999999999,0.3437006072949871,-0.3984376044136893,0.7161790728963275,0.6732200678401863
656,1974,IA,0.09411628312886731,0.06830916543193287,0.10347426781172,0.23735328962522384,0.1413302692319972,0.14434547829109723,0.21107124647916153,0.024127468235293156,0.09317351541106444,0.09773488976986627,0.2869301782460699,0.1787495401884559,0.255003518606168,0.06428088954308231,-3.1000000000000014,3.25,-0.28729611311283554,-0.26254712952830295,0.6807155918507497,0.6445832752297412
657,1974,MD,0.09884101445044027,0.07109506713887553,0.1066787879462194,0.24018456296772878,0.14010372850793207,0.1409114331574195,0.20218540583138445,0.03128167005036299,0.1166140229345156,0.11561636970082756,0.30478429175348554,0.1674744472747296,0.21426022643714504,0.049968971848933674,0.5999999999999943,-0.45000000000000284,0.3535793583726944,0.04516060632323811,0.7357708017139213,0.6569031610111961
658,1974,WA,0.12910855559034753,0.08762994525683698,0.12399879575358971,0.250366023321403,0.13017857790039256,0.12082601854922215,0.15789208362820806,0.04295242271799814,0.15139265824060544,0.137774916570456,0.3144703854416894,0.1480755047727047,0.16886974511413078,0.03646436714241552,-3.8000000000000043,-1.0500000000000007,0.04696743486413217,0.0936106224952699,0.7946658877434538,0.7212818978225698
659,1974,VA,0.102356758249768,0.07313144194732668,0.10896975466582046,0.24203813079889647,0.13911138198162398,0.1384031185529252,0.1959894138036392,0.031943024813010715,0.11869608263157476,0.11708717890139603,0.3058624018299234,0.16636083893973708,0.2110971957583999,0.048953277125958095,7.099999999999994,3.549999999999997,0.06791899902401623,-0.3045404888867815,0.739949527115642,0.6656074676434356
660,1974,FL,0.08415163439624321,0.062245660061494706,0.0962211750545339,0.22994950856628013,0.14339844342998326,0.1517799957259801,0.2322535827654847,0.026659715520174793,0.10166643908559206,0.104498060654862,0.29471417996805055,0.17501010183290233,0.23906190657253112,0.05838959636588714,11.200000000000003,4.150000000000002,0.16181403282389015,-0.13726906239547576,0.7025484970615817,0.6159664215085352
661,1974,ME,0.1270620267618773,0.08658165759262365,0.12298918006857437,0.2500339282329654,0.1309161815243126,0.12207305868145857,0.1603439671381881,0.0360187896223304,0.13122460842711953,0.12554428868742823,0.31089037838670597,0.15946916930357624,0.19337286025196854,0.04347990532087109,0.7999999999999972,0.25,0.20890090842796932,-0.0667697793199348,0.7631472344271604,0.7175829741803533
662,1974,UT,0.11769128383110798,0.08165448462679183,0.11808080221577294,0.24792616446870885,0.13420986520581157,0.12799038407671226,0.17244701557509456,0.028302752277094577,0.10706075856462363,0.10862464567910732,0.2988465980260594,0.17240253298566854,0.22966372066992735,0.0550989917975192,6.8999999999999915,9.999999999999996,-0.3554479415700072,-0.7454073372158041,0.7152372875325534,0.6995626003481932
663,1974,OK,0.08600640766890352,0.06339380458300523,0.09762370610370819,0.23148690890050083,0.1430765195092582,0.15038087665593136,0.22803177657869267,0.03141700922000326,0.11704122999212449,0.11591969206973346,0.30501151405829746,0.16724691224745303,0.2136058228888884,0.04975781952349989,13.0,8.650000000000002,0.05951795915560897,-0.31747751222091086,0.7366363575876117,0.621587346765376
664,1974,AZ,0.07465546746652195,0.056225292299345545,0.08864555575498861,0.22078707222137345,0.1444625684883763,0.1589790671391451,0.25624497663024903,0.026903616567867408,0.1024729214232343,0.10512329802968931,0.2953702676226375,0.17463019493856968,0.23762247220099497,0.057877229217006776,4.0,7.699999999999999,0.04608456442461301,-0.32816041102536847,0.7045002985819983,0.5847759562306059
665,1974,WV,0.07866977641475471,0.058799448654378236,0.09193010611792157,0.2249364208662833,0.14414369290744905,0.15593577505886747,0.24558477998034567,0.035391563092538436,0.1293299543304066,0.12430824109577546,0.3102815729303178,0.16052721443391282,0.1959175515842605,0.044243902532788426,2.8999999999999986,0.14999999999999858,0.306363249140051,-0.5410877248427249,0.7598385458829511,0.5984794449607869
666,1974,WY,0.09219635293398484,0.06716082025276307,0.1021298395624387,0.23608414423460822,0.14178836991901278,0.1457597618108396,0.21488071128635278,0.03279144795902425,0.12134673645135768,0.11893250904794153,0.3071303813859847,0.1649273792947713,0.2071642261876746,0.04770731967324593,8.299999999999997,10.349999999999998,-0.12587144734621408,-0.20163939483115195,0.7451284541390795,0.6393595269028076
667,1974,DE,0.11417036647352108,0.0797485613109338,0.11611099645744341,0.2468624269852448,0.1354003958923944,0.13030204343190743,0.1774052094485551,0.04093128812151678,0.14565772795714058,0.13446763759964908,0.31395485718865196,0.15132379805590068,0.17539095781505054,0.03827373326209038,-1.1000000000000014,0.3000000000000007,0.14069110314717,-0.020698992361293064,0.7863353089228591,0.6922927471195375
668,1974,NH,0.11605325994258653,0.08077154161942893,0.11717315570980255,0.24745096027570834,0.134767569707393,0.12905984130547354,0.1747236714396071,0.036529041793245835,0.13275711720862515,0.12653300369879616,0.31134574858416236,0.15861052005458343,0.19134768707724825,0.0428768815833388,3.299999999999997,6.0,-0.21688784790413645,-0.011021508185734188,0.765775431339413,0.6962164872549194
669,1974,HI,0.07077419936140655,0.05369538275809117,0.08535157224175237,0.2163561073533143,0.14455409238473904,0.16189777931584104,0.26737086658485554,0.03464826229408152,0.1270691158056653,0.12281341370112722,0.30948709147430686,0.16178380670030423,0.19901488871775064,0.045183421306764227,1.7999999999999972,-1.4499999999999993,0.132309668137146,0.1535304373957111,0.7558016899754851,0.5707313540993034
670,1974,NV,0.07590080318918263,0.057028459419932453,0.08967764008325818,0.22211990074138732,0.1443864370805663,0.1580364688086886,0.2528502906769845,0.02818479943561618,0.10667650367103994,0.108334994074366,0.29857174071776094,0.1725931299336555,0.23031566422181682,0.055323167945744656,3.0,3.5500000000000007,-0.019955014410895477,-0.06359198227260816,0.7143611678324385,0.5891132405143269
671,1974,ND,0.0614950319045697,0.04748103103376397,0.07698387827153089,0.2038907971110032,0.14368911090405173,0.16860415790370276,0.29785599287137776,0.020661853819887714,0.08118705242393065,0.08762381708679302,0.27291284603605936,0.18291731129579514,0.28019099497790745,0.07450612435962667,1.3999999999999986,6.949999999999999,-0.19468045737358017,-0.4318273596137416,0.6453028806624659,0.5335398492249195
672,1974,RI,0.13352597033899677,0.08985912814070221,0.12610468362291108,0.2509399408131099,0.12857064694022258,0.11818889770382512,0.15281073244023236,0.03268560617330404,0.12101730496483812,0.11870481505344399,0.3069790375079825,0.1651064142726557,0.20764742428548333,0.04785939774229231,-7.700000000000003,-9.65,0.18934423427331576,-0.03749112959478263,0.7444931779722244,0.7290003698559425
673,1974,VT,0.18942566298660596,0.11429179658069555,0.14523776126699106,0.2460544514273128,0.10811614708842032,0.09057502686428309,0.10629915378569121,0.0546019336940356,0.18228976588020557,0.15332797934439213,0.3116691376581926,0.13089778069871294,0.13864576746257562,0.02856763526188555,2.0,5.699999999999999,-0.061904732069551875,0.16792587940755227,0.8327865972755388,0.8031258193500257
674,1974,MT,0.07994667276144109,0.05960926594491413,0.09294939812036901,0.22616921972540135,0.14399987407921683,0.15496634639135887,0.24235922297729873,0.0353601476098355,0.129234742831545,0.12424572593755542,0.3102496205825543,0.1605802710457669,0.19604664358916624,0.04428284840357666,-2.8000000000000043,2.1999999999999993,-0.10003457297035916,-0.4789059001049105,0.7596705080072571,0.6026744306313424
675,1974,AK,0.10523319477065558,0.07477446103432885,0.11078635329635009,0.2434044483243048,0.13825628735447926,0.1363830081653834,0.19116224705449802,0.035598973096021315,0.12995779997091783,0.12471951955096275,0.310489000872218,0.1601770672574242,0.19506921721598713,0.0439884220364688,-2.6000000000000014,-0.3500000000000014,0.02367959674629953,0.2520987997557578,0.7609423607475441,0.6724547447801186
676,1976,,,,,,,,,,,,,,,,,,,,,
677,1976,NY,0.11175811348259135,0.07842534601732717,0.11472036892250662,0.24603998610704636,0.13619691883419593,0.13191349187271484,0.18094577476361773,0.035339574193244495,0.12917237425240657,0.12420475439391168,0.31022861899642096,0.1606150197460411,0.19613126928888602,0.04430838912908919,-0.5,-1.3500000000000014,0.46717523889815055,0.029653271258427993,0.7595603415820248,0.6871407333636674
678,1976,OH,0.08936018822496156,0.06544712087300064,0.10009808650021873,0.2340763644466099,0.1424166608641097,0.1478665266738447,0.22073505241725477,0.0299511395421078,0.11238275726617393,0.11256912842841921,0.3023611624043022,0.16969801973422427,0.22089682919463094,0.05214096343014163,0.7000000000000028,-0.1999999999999993,0.0351587955306673,-0.23487164188730872,0.7269622073752274,0.6313984209089005
679,1976,ID,0.12219269217798336,0.08404754838541999,0.12049809671428313,0.24906383405417326,0.13264722972183318,0.1251052569952401,0.16644534195106697,0.02842867833132857,0.10747047901678826,0.10893277019076952,0.29913646613480793,0.17219855643691429,0.2289714506029059,0.054861599286485485,11.299999999999997,7.399999999999999,-0.6148377403405447,-0.4674136434873113,0.7161669501106086,0.7084494010536929
680,1976,MI,0.10330885370155961,0.07367756793080028,0.10957673971903648,0.24250494428578784,0.13883238025991074,0.13773119479944407,0.194368319303461,0.03190833803203312,0.11858722877760776,0.11701074805549855,0.30580784933246785,0.16641934397599656,0.21126093673878554,0.04900555508761062,3.799999999999997,-0.3500000000000014,0.06429044420226782,-0.05308887740174686,0.7397335081736038,0.6679004858970949
681,1976,GA,0.10803814568875669,0.07635680786909368,0.11250884766550859,0.24461365480115999,0.13738966910725892,0.13444209144103303,0.1866507834271891,0.02851374395910719,0.10774695661180311,0.10914026995459852,0.299330208520734,0.1720604848485745,0.22850598050345916,0.05470235560172354,-15.0,-0.350000000000005,0.05001262680505825,-0.18893659315468989,0.7167916638948173,0.6789071251317779
682,1976,NE,0.07911023409316287,0.059079278482838504,0.09228307841276595,0.22536627898486217,0.14409626290061767,0.15560136461104646,0.2444635025147064,0.02729693957196147,0.10376926344746223,0.1061221837592268,0.2963962196839225,0.17401184375718837,0.2353344243067199,0.05706912547351872,11.200000000000003,10.5,-0.4653506719562416,-0.23064384957487882,0.7075964502197614,0.5999351328742472
683,1976,MA,0.13680453754495153,0.09148419708555075,0.12760431530072483,0.25124647520820204,0.12736628391674165,0.11627931027094818,0.14921488067288102,0.050101078592020266,0.17077416359397998,0.147972039463929,0.31370635144414777,0.13720754588864892,0.14904126438407994,0.031197556633194123,-7.600000000000001,-11.55,0.21031623683083428,0.16451381433751264,0.8197611789827259,0.7345058090561708
684,1976,KY,0.09030045962135537,0.0660175605391841,0.10077777336762339,0.23475999334688052,0.1422150966154918,0.14716589930435242,0.21876321720511238,0.04457469655305224,0.15591279122806254,0.14028753697172688,0.3146235363114009,0.14552124752158457,0.16395377875396588,0.035126412660206996,-2.3999999999999986,0.14999999999999858,0.2060225489898114,-0.4370499114884765,0.8009198085858271,0.6340708834905352
685,1976,MO,0.09110340151199126,0.06650287960034967,0.10135338617615974,0.23532955415332152,0.14203760831259793,0.14656927240303608,0.2171038978425438,0.027095527247350207,0.10310608379611744,0.10561211814027505,0.2958757469017239,0.1743293371899194,0.2365010063201909,0.05748018040442315,-0.5,0.5,-0.17560154306588396,-0.4686814613769664,0.706018813275386,0.6363268297544201
686,1976,NC,0.10702943109175435,0.0757900127186525,0.1118949083660776,0.24419241419122284,0.1377047974808342,0.13513673132742987,0.18825170482402864,0.030418194393437938,0.11387456344719063,0.11365242045545676,0.3032517999479515,0.1689206438101658,0.21852434324726244,0.05135803469853495,-3.799999999999997,2.5,0.07460969204203621,-0.42334846003295984,0.7301176220542026,0.6766115638485415
687,1976,AR,0.09455777778021586,0.06857189698251588,0.10377993455278509,0.23763518309333603,0.141221439737645,0.14402172344937447,0.21021204440412766,0.025810697779002547,0.09884337122960773,0.10228633105204651,0.2923072534663264,0.17630885180485878,0.24419950049757122,0.06024399417058679,-13.100000000000001,-2.4499999999999993,-0.0972698672266136,-0.4325000038432959,0.695556505331842,0.6457662321464979
688,1976,MN,0.1167405590427659,0.08114280741430532,0.11755583971249173,0.24765445698604133,0.13453434077527937,0.12860983669029968,0.17376215937881667,0.031540471075590826,0.11743043493999566,0.11619534206197529,0.3052158064945775,0.1670391757510833,0.21301207219318863,0.04956669748358877,-6.0,-7.550000000000001,-0.36301966879065584,-0.1728780064983877,0.7374212303232226,0.6976280039308836
689,1976,TN,0.07686717815597185,0.057648857184938174,0.0904703528609758,0.22312557671506938,0.14431290376634015,0.15730385492392107,0.25027127639278357,0.026374876442982455,0.10072204719775738,0.1037621840125256,0.2939282638591413,0.17545009360276198,0.24076330352346098,0.05899923136137031,-5.100000000000001,0.9499999999999993,-0.0698132665230344,-0.41611222878806664,0.7002374651151687,0.5924248686832954
690,1976,KS,0.10462685096867111,0.07442983604018913,0.11040768403898155,0.24312728865322025,0.13843951145807354,0.13680636973574856,0.19216245910511587,0.02197473258091846,0.08577817941187835,0.09157593496265619,0.2787360011861438,0.1815102100354068,0.2701446507866956,0.07028029103630085,4.5,5.75,-0.4637286457564188,-0.25187796583214533,0.6595750581770036,0.6710311711591356
691,1976,WI,0.09482356990529661,0.06872982860695509,0.1039633294000677,0.23780312538947068,0.1411553145853427,0.14382708694858648,0.20969774516428075,0.030528362001603974,0.11422541723261806,0.1139057810347349,0.30345545618482167,0.16873673020138547,0.21797158624914525,0.05117666709569069,-0.20000000000000284,-3.7500000000000036,-0.1966659633250137,-0.1962830020528469,0.7308517466551641,0.6464751678871328
692,1976,IN,0.09183916397990921,0.06694613569700233,0.10187697793455633,0.23584013436016293,0.14187077350064403,0.14602397950021873,0.21560283502750643,0.02553479789125652,0.09792069429457746,0.1015556391513085,0.29148253348682784,0.17672211288573503,0.2459127269737904,0.060871495316504265,5.299999999999997,5.349999999999994,-0.2786225903300536,-0.25160135213297263,0.6932157777097053,0.6383731854722748
693,1976,CT,0.12337139520875676,0.08466614930618152,0.12111274586868342,0.2493226863683315,0.1322316698008632,0.12436281994721565,0.16493253349996795,0.0329014738330375,0.12168881731765686,0.11916845155183817,0.307285686338442,0.1647412208116107,0.206664134187988,0.04755021595942677,4.100000000000001,1.0,0.027886167994397953,0.16185465168630161,0.7457856498525852,0.7107046465528164
694,1976,NJ,0.08502298798627046,0.06278616636656163,0.09688312756431733,0.2306813628804143,0.14325124248563015,0.15112205909980725,0.23025305361699888,0.034794306430540024,0.12751466510627307,0.1231097195697056,0.3096496148286741,0.16153672930815244,0.19839916155758996,0.04499580319906482,2.1000000000000014,1.5,0.414009173640235,0.14664569636515695,0.7566050352433452,0.6186248872831939
695,1976,AL,0.08689727153054211,0.06394207715810993,0.09828866687534915,0.2321982558191024,0.14291065611236742,0.14971085781057902,0.22605221469394998,0.02335294612982935,0.09053157707516482,0.09556374605689327,0.2841628502440384,0.17979720099354274,0.2602710317993566,0.06632064770117474,-5.399999999999999,3.150000000000002,0.03045692744216703,-0.26739353181421316,0.6734083204994685,0.624236927495471
696,1976,OR,0.1501587893267493,0.09784869037905614,0.1331819571900591,0.2515613321609033,0.12241145417140709,0.1089066291500781,0.13593114762174696,0.04437226246519148,0.15535273729153493,0.13998069484437278,0.31461619335015895,0.14583727956976889,0.16455260931413307,0.03528822316483993,-0.20000000000000284,-4.2500000000000036,-0.087974655575951,0.11893869181109304,0.8001591675210271,0.755162223228175
697,1976,SD,0.09996549355166383,0.07174976969497467,0.10742009224407884,0.24080008175435763,0.13979313630022094,0.1401046151039601,0.200166811350744,0.024702705218113952,0.09512215886634201,0.09931571291352954,0.2888626615242066,0.17793840949850248,0.25121494714565296,0.06284340483365247,2.3999999999999986,-2.0500000000000007,-0.34480953520260776,-0.3471985326206521,0.6859416480206946,0.6597285735452959
698,1976,LA,0.08339285714406341,0.06177336593450283,0.09564030216603947,0.2292981210457774,0.14352059798957745,0.15235374729913453,0.2340210084209049,0.029517041990750954,0.11098986215075343,0.11154884033875592,0.30149290826747815,0.17041672911518346,0.22314496730235012,0.052889650834727964,-2.0,1.2999999999999972,0.29131037050879655,-0.3646034828648868,0.7239653818629219,0.6136252442799606
699,1976,DC,0.25541206865422744,0.13493250845782406,0.15426169272057066,0.22523928434589813,0.08704986352874722,0.06814631986626807,0.07495826242646442,0.1121865351209247,0.2922871750815576,0.17887832727533398,0.2540803571504586,0.07850950171091353,0.07079523403605892,0.013262869624752649,-31.5,-35.3,0.46717523889815055,0.3308048121530259,0.9159418963391884,0.8568954177072675
700,1976,CA,0.11702348059104091,0.08129530358719157,0.11771259274262494,0.24773649344377907,0.13443800309098264,0.1284251292430636,0.17336899730131727,0.03727512812790888,0.13498382310660645,0.12795200641293006,0.31194977676768204,0.15735910853461832,0.1884565903676071,0.04202356668264717,1.2999999999999972,-2.200000000000003,0.0669475547700369,0.1909183758838239,0.7695198429497457,0.6982058734556191
701,1976,CO,0.10790344847960999,0.07628126743277268,0.11242722142082628,0.24455827554662196,0.13743196627391807,0.13453462963441842,0.1868631912118326,0.0351375740816445,0.128559320974127,0.1238011468920312,0.31001917737091733,0.16095631656375253,0.19696578823622535,0.04456067588130208,6.0,3.9499999999999993,-0.3243964562437669,0.008334009189775851,0.7584735358824726,0.678602179153749
702,1976,NM,0.09269868238734924,0.0674621854612035,0.1024839892944556,0.23642307783429728,0.14167095535538776,0.14538875385486805,0.21387235581243857,0.027016098131707633,0.1028441771277076,0.10541013673412622,0.295667675321152,0.17445405862161978,0.23696398443719746,0.057643869626489264,2.5,1.3999999999999986,0.05717870342409944,-0.1146986606348771,0.7053921459363133,0.6407388903326934
703,1976,IL,0.11548630704914614,0.08046442181288854,0.11685546202270353,0.24727856975357837,0.1349590810041581,0.1294324310916305,0.17552372726589482,0.03342603819723565,0.1233145168782052,0.12028286722151035,0.3079982585554384,0.16385321499216687,0.20431037176068134,0.04681473239476219,2.1000000000000014,0.1999999999999993,0.0950787874808824,-0.22237147940856436,0.7488748958445565,0.6950438416424747
704,1976,PA,0.10537562025716952,0.07485527798160747,0.11087497185910047,0.24346872509474227,0.13821302905692612,0.1362837576531052,0.19092861809734896,0.03473596785523751,0.12733676535365918,0.12299151119613011,0.3095850757953896,0.1616354176045437,0.19864469373957172,0.045070568455468196,-0.29999999999999716,-0.9499999999999993,0.1880677027186407,-0.07572068869862651,0.7562847378049601,0.6727876242495459
705,1976,TX,0.09936880625961186,0.07140275955174105,0.10702774051906325,0.24047616999424415,0.13995877753990815,0.1405322172024962,0.20123352893293533,0.0280985920951334,0.10639537412652436,0.10812266231186973,0.2983687965722509,0.17273213739655302,0.2307943050653235,0.05548813243234507,0.0,2.75,-0.11536581805875304,-0.3163235582652331,0.7137175625023314,0.6582342538645685
706,1976,SC,0.10745677300212192,0.07603044308293802,0.1121557542049019,0.24437271468516336,0.1375717542958098,0.13484198449394613,0.18757057623511886,0.029589464634847244,0.11122267275513523,0.11171996697812817,0.30164052535684377,0.17029710344799087,0.22276696695980824,0.05276329986724648,-4.899999999999999,2.5999999999999908,0.05540651076580495,-0.11151231781747238,0.7244697331729453,0.677587439270935
707,1976,MS,0.08800634865636864,0.0646217617598091,0.09910870486986911,0.2330598758221989,0.14269447820628323,0.14887879142309302,0.223630039262378,0.02215507309682979,0.08640399901068367,0.09210698028706353,0.27948455450014964,0.18129853018492603,0.26881471074152263,0.06973615217882467,-0.29999999999999716,8.600000000000001,0.2894175466597324,-0.3362967155192441,0.6614491370796527,0.627491169314529
708,1976,IA,0.10233364152885466,0.07311815386168727,0.10895494660635344,0.2420266142829432,0.13911810437180827,0.13841947245824415,0.19602906689010902,0.025547187673010056,0.09796218457770811,0.10158857937607539,0.2915200288769173,0.17670365479438155,0.2458353209643367,0.06084304373757088,1.5,-0.8000000000000007,-0.36370840084178596,-0.20025940855190683,0.6933216352980924,0.6655514606516468
709,1976,MD,0.10060486407272885,0.07212060649815451,0.10783798716145734,0.24114045160018316,0.1396136132997564,0.13964775412902575,0.19903472323869398,0.031122677850157678,0.11611140452816299,0.11525848789475149,0.30451293844684546,0.1677414815792586,0.215033758442984,0.05021925125783977,-1.2999999999999972,-0.3500000000000014,0.30399431578319236,0.10176927940180644,0.7347469902991762,0.6613175226322803
710,1976,WA,0.1407017651878966,0.09338360767311799,0.12931862525591,0.2514869876110497,0.12592603952132952,0.11406129931645115,0.14512167543424503,0.03951822802925347,0.1415787359617797,0.13203336041291172,0.3133559937665708,0.15363446414026982,0.18023508721585935,0.03964413047335513,2.0,-0.9000000000000021,-0.22957860334675448,0.07650383180700239,0.7801207823107855,0.7408170252493038
711,1976,VA,0.10288193795728064,0.07343296795539443,0.10930527090932501,0.24229743468182857,0.1389579939058877,0.13803208671549083,0.19509230787479281,0.031828754839682435,0.11833733675159162,0.11683509427369657,0.30568186437768147,0.1665535374014786,0.21163750520078317,0.049125907155086135,1.2999999999999972,4.199999999999996,0.037147823155296904,-0.22003446184335673,0.7392365876441307,0.6668756054097164
712,1976,FL,0.08526349222574688,0.06293500308731763,0.09706487857918497,0.2308803540340111,0.14320934159294785,0.15094065506902354,0.22970627541176802,0.026002457427774305,0.09948313224908838,0.10279070830454948,0.29286796911160196,0.17601895988761018,0.2430215508800464,0.05981522213932933,-1.3999999999999986,4.900000000000002,0.09668867820357491,-0.10520292355715943,0.6971632269806243,0.6193530695192084
713,1976,ME,0.13513130007779997,0.09065794931069532,0.12684561575825806,0.25110231197847244,0.1279819211961205,0.11724884954698633,0.15103205213166737,0.03404641770497224,0.12522607450891626,0.12157875007214847,0.3087831805852653,0.16280261494040404,0.20159019519631172,0.04597276699198194,0.8999999999999986,0.8499999999999979,0.0017772404369451307,-0.002013267179285681,0.7524370378117063,0.7317190983213463
714,1976,UT,0.1296297485115962,0.08789533783365622,0.12425244612001951,0.2504437503815739,0.12998992196661785,0.12051100319251895,0.15727779199401737,0.02506850528121394,0.0963553699898752,0.10030716637227881,0.29003937135677405,0.1774095666147657,0.24885859552071055,0.06196142486438172,14.399999999999999,10.649999999999995,-0.6900915404405711,-0.8255438407867283,0.6891799796149076,0.7222112048134637
715,1976,OK,0.09393205957248091,0.06819938745459789,0.10334633736885315,0.23723457475558318,0.14137530420153543,0.1444807378588837,0.21143159878806572,0.029953196867811494,0.11238934402930555,0.11257393293609178,0.30236518351647956,0.16969460432669659,0.2208862742699741,0.05213746405364095,2.0,7.5,-0.15816084387458684,-0.3433232370170526,0.726976261676385,0.6440876633530506
716,1976,AZ,0.08152447384415207,0.060603961775227894,0.09419219732270603,0.2276370137687979,0.1437963378337559,0.1537691353652204,0.2384768800901398,0.026049880965972768,0.09964115657474762,0.1029150067143067,0.2930050776964742,0.1759469433741392,0.24273183701025847,0.05971009766410107,8.399999999999999,6.199999999999999,-0.15076229182789025,-0.3331890827112391,0.6975580653256405,0.6077539845446398
717,1976,WV,0.08431005300399881,0.06234407593701759,0.09634192770843544,0.23008384396154752,0.1433722250414291,0.15166029948911774,0.2318875748584538,0.03510117863739119,0.12844873110284755,0.1237281697911177,0.30998081275175826,0.16101783123469182,0.19711685029351056,0.044606426188682935,-6.100000000000001,-1.6000000000000014,0.1747659704203307,-0.5398907058405984,0.7582767235178065,0.6164521256524285
718,1976,WY,0.1010585534905342,0.07238312340933241,0.10813294352550135,0.24137780472798243,0.13948498037787327,0.13932441428954878,0.19823818017922756,0.031210377971266547,0.11638874906524019,0.1154561028123382,0.3046632102761347,0.1675942222483502,0.21460643957519132,0.05008089805147886,11.299999999999997,9.799999999999997,-0.3698483284598124,-0.14446076718628117,0.7353126623733298,0.6624374055312237
719,1976,DE,0.12238567654339014,0.08414905670881315,0.12059924556424523,0.2491072942407227,0.13257935762314987,0.1249833306190632,0.16619603870061572,0.04095289844016951,0.1457196620338922,0.1345040719396477,0.31396242678797837,0.1512887021656486,0.1753187583188044,0.03825348031385922,-1.3999999999999986,-1.25,0.001715526984382806,0.05610740591260654,0.7864277613673364,0.7088206306803211
720,1976,NH,0.12727086957857112,0.08668908552113375,0.12309320943522664,0.2500698084105759,0.13084115548414177,0.12194506269262739,0.16009080887772342,0.035250251477978244,0.12890144128227923,0.12402658029059305,0.31013673222733984,0.16076591270146334,0.19649947403483348,0.04441960798551281,6.700000000000003,5.0,-0.44961477348795975,0.06230879094568076,0.7590809179796537,0.7179641284296492
721,1976,HI,0.07131650416279345,0.05405131185863435,0.08581894058571682,0.2170011914877867,0.14455537529154006,0.16149231356750726,0.26576436304602136,0.03294286307818684,0.12181740193327018,0.11925700968944558,0.30734357818052144,0.1646711812435927,0.20647659048319034,0.047491375391792934,0.10000000000000142,0.9499999999999993,0.025554991521088626,0.2562169030973009,0.7460320341250167,0.5727433233864714
722,1976,NV,0.08366915704020393,0.06194552108896871,0.09585230070658285,0.22953684745268108,0.14347677814239063,0.15214474065668793,0.23337465491248488,0.026996299802598073,0.10277886180656748,0.10535971783985229,0.2956155619240152,0.17448510261697525,0.2370796444865898,0.05768481152340188,2.200000000000003,2.6000000000000014,-0.25998690797681123,-0.012710795979592376,0.7052355439900083,0.6144806044308272
723,1976,ND,0.06863330424796078,0.05228247414631862,0.08348356808141609,0.21372373909253392,0.14450077633835545,0.163488133493072,0.2738880046003431,0.021100733745932555,0.08272872091912903,0.08896199072917702,0.2749345750037584,0.1824748821115399,0.27675976592802165,0.07303933156244147,3.6000000000000014,2.5,-0.3378915583918882,-0.4954041769803112,0.6502009025095369,0.5626238619065849
724,1976,RI,0.12290054324102304,0.08441943717494105,0.12086811515930615,0.24922116902911523,0.1323979597191881,0.12465875009757033,0.1655340255788561,0.03203183972341599,0.11897462689285593,0.11728252291700064,0.3060010943689861,0.16621099516330362,0.21067901056896687,0.04881991036547084,-3.8999999999999986,-5.800000000000001,0.2972998389903545,0.029715939913547526,0.7405010790655623,0.7098072243235736
725,1976,VT,0.20202298855735223,0.11888339009898846,0.1479228895469087,0.24287871785635745,0.10376834166966831,0.08559290981464951,0.09893076245607535,0.05507632708012099,0.1834739087632576,0.15384946578914682,0.3114006695365185,0.1302568759591769,0.13762802344946834,0.028314729422310836,6.399999999999999,4.199999999999999,-0.19999247435226963,0.29215575577189157,0.8340572471282208,0.8154763277292751
726,1976,MT,0.08883144713219847,0.06512534246993888,0.09971319858811087,0.23368393617458277,0.14252693854152948,0.14826139430379315,0.22185774278984638,0.034040276965121505,0.125207211840827,0.1215660390007301,0.3087757103204382,0.16281301347464283,0.20161679055492077,0.04598095784331957,4.799999999999997,0.9999999999999964,-0.3518519445402547,-0.40690322158262743,0.7524022516017597,0.6298808629063605
727,1976,AK,0.10559389378150993,0.07497903565062441,0.11101054230593813,0.24356662596319717,0.13814657335236324,0.13613179537434783,0.19057153357201928,0.032296568177688625,0.11980339308381872,0.11786175480254588,0.30640613409553225,0.1657640255791052,0.20944160314046356,0.04842652112084578,9.899999999999999,3.6499999999999986,-0.1398834417947373,0.3308048121530259,0.7421318757386907,0.6732966710536329
728,1978,,,,,,,,,,,,,,,,,,,,,
729,1978,NY,0.11725402679424389,0.08141942586935412,0.11783999347049681,0.24780260160096756,0.13435935998831217,0.12827484568784586,0.17304974658877958,0.03463988650105525,0.1270435431549729,0.12279638138637622,0.3094776737322258,0.16179797903814186,0.19905030905265275,0.045194227134575216,-0.5,-1.3500000000000014,0.33354129677163485,0.12477209290666336,0.755755463812772,0.6986754077233746
730,1978,OH,0.0913243180711267,0.06663611593315769,0.1015109843149104,0.23548398933154785,0.14198793109767238,0.14640540048416817,0.2166512607674168,0.028675015239250402,0.10827045904349003,0.10953223564913561,0.299692973554587,0.17179812096303393,0.22762829309057708,0.05440290245992596,0.7000000000000028,-0.1999999999999993,-0.04412287190701381,-0.346408399744806,0.717968804449497,0.636943338748415
731,1978,ID,0.1212961538543928,0.08357480716798454,0.1200255377289941,0.24885632363514681,0.13296165423869433,0.12567358638335435,0.16761193699143306,0.02776499694826177,0.10530516378107486,0.10729591697951257,0.2975668556961203,0.17326760908763905,0.232663870055275,0.05613558745211644,11.299999999999997,7.399999999999999,-0.6098538375739718,-0.6003256674248569,0.7112005424926086,0.7067144766252126
732,1978,MI,0.10699989293533572,0.07577337728909452,0.11187683765993284,0.2441798510272829,0.1377139680852978,0.1351571294802042,0.18829894352285204,0.030441631074698192,0.11394923572527332,0.11370638834853,0.3032953281254546,0.1688815351166666,0.21840653454551573,0.05131934706386154,3.799999999999997,-0.3500000000000014,-0.05155300245927491,-0.12851485460206266,0.7302741183906227,0.6765439269969438
733,1978,GA,0.11435060425988165,0.07984685831653933,0.1162135490315728,0.2469207600287513,0.13534022281839342,0.13018254074691193,0.17714546479794957,0.026407337296111943,0.10082981071385144,0.10384635733939229,0.29401891329981905,0.1754001592287514,0.24056828982616985,0.05892913229590402,-15.0,-0.350000000000005,-0.13853615156935217,-0.31096148344620034,0.7005025778779261,0.6926719944551385
734,1978,NE,0.08261724081427156,0.06128902907413476,0.09504223781624271,0.22861851614772394,0.14363947740922295,0.1529409140181981,0.23585258472020598,0.025882946591693743,0.09908455956170381,0.10247669777084487,0.2925197055733168,0.17619987973840534,0.24375446389540556,0.06008174686862988,11.200000000000003,10.5,-0.6025479391495465,-0.30511510504721473,0.6961637892359646,0.6112065012615959
735,1978,MA,0.14208282410272166,0.09404833554253483,0.12990867799626155,0.2515414717614455,0.12541402371981336,0.11328864017276141,0.1437160267044617,0.048420881710585985,0.16634189934447918,0.14577199959195583,0.3141944715093386,0.13966981714776017,0.15330053730531867,0.032300393390561566,-7.600000000000001,-11.55,0.09101050941796582,0.15979074393336876,0.8143990693041198,0.7429953331227769
736,1978,KY,0.09676546195799192,0.06987822167816048,0.10528906080304767,0.2389905088269108,0.14065885216496898,0.14241147389767483,0.2060064206712453,0.04058111999631277,0.1446522940139094,0.13387396409202132,0.3138256816818295,0.15189352678556223,0.1765686209861993,0.03860479244416548,-2.3999999999999986,0.14999999999999858,-0.021277055460916725,-0.5991475057264505,0.7848265865696352,0.6515821054310799
737,1978,MO,0.09421896455060724,0.06837031515778805,0.10354547466104322,0.23741917944460805,0.1413050712260956,0.14427013026798674,0.2108708646918711,0.02562206045067364,0.09821280302631648,0.10178738568182276,0.29174569304851816,0.17659190743839515,0.24536849344392986,0.06067165691034393,-0.5,0.5,-0.29162057653270085,-0.5895366682278173,0.6939598496457262,0.6448590050401422
738,1978,NC,0.11282105664251892,0.079010165169677,0.11533730431487677,0.24641204567387254,0.13584800834104382,0.13120065780220058,0.17937076205581037,0.02715726285433529,0.10330950208916156,0.10576878116746458,0.29603636434003056,0.17423220670317197,0.23614230616329612,0.05735357668253993,-3.799999999999997,2.5,-0.1249972636493028,-0.7238730603888994,0.706504117154164,0.689428580141989
739,1978,AR,0.0985512156203875,0.07092582058830989,0.1064864233843216,0.24002239629440641,0.14018268073281714,0.1411200420120433,0.20271142136771414,0.02369892825207189,0.09171433395793446,0.09653971516927885,0.28542306715752347,0.1793359431805141,0.25789390545364876,0.06539410682902846,-13.100000000000001,-2.4499999999999993,-0.2500549719760505,-0.6530265370284013,0.6767119877173228,0.6561685366202425
740,1978,MN,0.11053873653229332,0.07775104714067962,0.11400448618760622,0.2455940259980608,0.13659292036600912,0.1327365616353703,0.18278222213998063,0.0321927885661862,0.11947876235474461,0.11763522128722176,0.3062488323632485,0.16593930407387714,0.20992508496230977,0.048580006392412,-6.0,-7.550000000000001,-0.2125787305716651,-0.2912269412363309,0.7414949086452782,0.6844812162246491
741,1978,TN,0.08108590984946773,0.06032813667971468,0.0938485904538606,0.22723509093201216,0.1438556881101548,0.15410178097123806,0.23954480300355196,0.02416358558025764,0.09329620271097537,0.09783493295935523,0.2870545308983784,0.178699395646979,0.2547625991126876,0.06418875309136673,-5.100000000000001,0.9499999999999993,-0.2513856465577248,-0.6050323751304277,0.6810486477959456,0.60635341602521
742,1978,KS,0.10399578040377308,0.07407018365364215,0.11001116324082758,0.24283272839053077,0.13862856097136989,0.13724840789960602,0.19321317544025052,0.021451354124811257,0.08395536088276537,0.09001870293624151,0.27649479393268234,0.18210061445333747,0.27407170156901606,0.07190747210114601,4.5,5.75,-0.4625997414818307,-0.3806920620319577,0.6540208263298379,0.6695384166601435
743,1978,WI,0.09298119885704266,0.06763139259475527,0.10268241998048847,0.2366115426467837,0.14160414767378998,0.14518039320249687,0.21330890504464306,0.030416583558527444,0.11386943046803685,0.11364870980128525,0.30324880415652056,0.16892333147227967,0.2185324447174869,0.051360695825863334,-0.20000000000000284,-3.7500000000000036,-0.1501652442369372,-0.2860957619823088,0.7301068594566498,0.6415107017528601
744,1978,IN,0.09393779968842421,0.06820280927368579,0.10335032689935905,0.23723828343526016,0.14137390435801112,0.1444765219232177,0.211420354422042,0.024010722109042294,0.0927766288972734,0.09741078163559887,0.286525405513542,0.17891087560518604,0.2557851031395951,0.06458048309976228,5.299999999999997,5.349999999999994,-0.3705704265338059,-0.43812559144533103,0.6796344137606426,0.6441031236547403
745,1978,CT,0.12213248761049428,0.08401586300862507,0.12046650033557899,0.24905018884056784,0.13266838990583296,0.1251433235539684,0.16652324674493246,0.03220864506525709,0.1195283847907117,0.11766987825251182,0.30627298980478185,0.16591252774354426,0.20985107978823403,0.04855649455495925,4.100000000000001,1.0,0.041196331424137894,0.028253629339776046,0.7415924256568067,0.7083334297010991
746,1978,NJ,0.08907475499825274,0.06527350332630028,0.09989055076194409,0.23386523889219984,0.14247647144119885,0.14807961323615115,0.22133986734395306,0.0333624701063549,0.12311796891967433,0.12014873655040367,0.3079143288898007,0.163960855434096,0.20459295166472757,0.04690268843494283,2.1000000000000014,1.5,0.2746220283865952,0.13294208798972068,0.7485043599003296,0.6305805194198958
747,1978,AL,0.08868843652998945,0.06503818549682033,0.09960876359071055,0.23357679461463549,0.1425563781529658,0.14836830122243205,0.22216314039244633,0.021960447465251016,0.08572855744315118,0.09153374931754141,0.2786761943979471,0.1815268026883583,0.27025050084678903,0.07032374784096196,-5.399999999999999,3.150000000000002,-0.05566707164843046,-0.4616925524704297,0.659425751312249,0.6294685583851216
748,1978,OR,0.15192343131570343,0.09865953399059038,0.13385795383115812,0.25150192457898923,0.12175490795521615,0.10797940789681149,0.1343228404315312,0.0426100603792781,0.15042934482236442,0.13722874389062198,0.31440947043215545,0.14862073474745463,0.16994239959180713,0.03675924613631831,-0.20000000000000284,-4.2500000000000036,-0.14305379388055367,-0.01634415195176272,0.7932983542718746,0.7576977516716573
749,1978,SD,0.10257002623094794,0.07325397068603615,0.10910621133062326,0.24214396912083708,0.13904924631585325,0.13825233076300647,0.19562424555269586,0.02313663361061315,0.08978996699656527,0.09494849524222022,0.2833547312267345,0.1800796900091653,0.26177743566692624,0.06691304724777536,2.3999999999999986,-2.0500000000000007,-0.447374557844949,-0.5382834746098949,0.6713095170852985,0.6661234236842977
750,1978,LA,0.0881054333348107,0.06468232917619922,0.09918154799228188,0.2331355761031585,0.14267465646128813,0.14880457386471468,0.2234158830675469,0.02784062931115649,0.10555265994542326,0.107484067145726,0.29775100408637345,0.17314655818481395,0.23223756602287138,0.05598751530363544,-2.0,1.2999999999999972,0.12188178994111046,-0.41900232034373647,0.7117749186734932,0.6277795430677384
751,1978,DC,0.26551426817876594,0.1373816280034783,0.154685371879343,0.22142591970071013,0.0842004319769607,0.06539091903355543,0.07140146122718649,0.10946039156490142,0.28836723392136643,0.17878497852021868,0.2570180918435778,0.08015646167354529,0.07258298860948043,0.013629853866909958,-31.5,-35.3,0.33354129677163485,0.3901058866415613,0.9137871575236096,0.8632076197392581
752,1978,CA,0.12155822683317055,0.08371319633420485,0.12016412765070178,0.24891794184780391,0.13286989585520148,0.1255071304938975,0.16726948098501992,0.03537758487499364,0.12928759400362272,0.12428043235995342,0.3102673732744957,0.1605508211343244,0.19597497112973028,0.04426122322287984,1.2999999999999972,-2.200000000000003,-0.06096484855691843,0.10460828740288418,0.7597638056473899,0.7072233885210826
753,1978,CO,0.1063244009749166,0.07539236005919991,0.11146214233464,0.24388897403706122,0.13792277300503608,0.13562448484415257,0.1893848647449936,0.0345778191533347,0.12685397416263106,0.12267003482133418,0.30940755623107213,0.16190300750308972,0.19931315081816814,0.04527445731037005,6.0,3.9499999999999993,-0.29678284904774704,-0.119239780291424,0.7554123918714618,0.6749906504108538
754,1978,NM,0.09541927817427819,0.06908313903703407,0.10437266333541323,0.2381747459906618,0.141005483882937,0.1433916131500963,0.20855307642957943,0.02608673147156636,0.09976389669800488,0.10301147339699013,0.2931111936821591,0.1758908959170118,0.24250715050819827,0.05962865832606945,2.5,1.3999999999999986,-0.03507176995967283,-0.1607455081791176,0.6978641911657323,0.6480553104203243
755,1978,IL,0.12465065105524256,0.08533377216415264,0.12177136650997883,0.24958601294249338,0.13177803329562643,0.1235631585482787,0.16331700548422745,0.030548411103507096,0.11428922599226538,0.11395180112394415,0.3034922588849051,0.16870323941647902,0.21787126970491633,0.051143793773982926,2.1000000000000014,0.1999999999999993,-0.15293792931371208,-0.32715519134953636,0.7309849365211007,0.7131198359674938
756,1978,PA,0.10781601460258196,0.07623220903578655,0.11237417817219478,0.2445221851516684,0.13745938659521484,0.134594733787183,0.18700129265537047,0.033725376718113764,0.12423835536030695,0.12091110730739443,0.3083846667174607,0.1633462928278594,0.20298940585567016,0.04640479521319463,-0.29999999999999716,-0.9499999999999993,0.11305308708749047,-0.1200226617051283,0.7506057989311352,0.6784039735574465
757,1978,TX,0.10510043758588379,0.07469908472394941,0.11070363824124885,0.24334425274784832,0.1382965341713457,0.13647558776110758,0.19138046476861637,0.026502300438879807,0.10114486435951467,0.10409214309447998,0.29428249682450214,0.17525376696537687,0.2399994419817002,0.05872498633554635,0.0,2.75,-0.29000557079054756,-0.3624926130202738,0.7012755716827535,0.6721439474702761
758,1978,SC,0.1137302708870962,0.07950821181878692,0.1158598026944887,0.2467181918594042,0.13554695074429512,0.1305943666695547,0.17804220532637416,0.027128243586566816,0.10321389979875162,0.10569517598118253,0.2959609849484135,0.17427788429822422,0.23631079124496934,0.05741302014189198,-4.899999999999999,2.5999999999999908,-0.1389015220480109,-0.27881872799001833,0.7062761886131387,0.6913634280040711
759,1978,MS,0.09355335630842837,0.06797344720114057,0.1030826421203691,0.23698851036020285,0.14146717534658948,0.1447590896353217,0.21217577902794793,0.020813013232863282,0.08171882223945129,0.08808666525217514,0.27361794631513525,0.18276832842869328,0.27900075033472516,0.0739944741969566,-0.29999999999999716,8.600000000000001,0.10195191013890643,-0.382320798302675,0.6470047754683182,0.6430651313367304
760,1978,IA,0.09922682357026244,0.07132005558213927,0.10693404382231733,0.24039819639705384,0.13999791710979703,0.14063414055085632,0.20148882296757376,0.02520738431467279,0.09682236159499365,0.10068079764757891,0.29047577395402474,0.17720632458493202,0.24797450386001807,0.06163285404377983,1.5,-0.8000000000000007,-0.2945008894451269,-0.37575326915121426,0.6903926420962021,0.6578770364815699
761,1978,MD,0.10582305831180389,0.07510884081356514,0.1111525630946906,0.243668624997273,0.1380765946649839,0.13597243823378968,0.1901978798838938,0.02946499130987833,0.11082243365607046,0.11142562500431272,0.3013861238543401,0.17050263189592751,0.22341737140785356,0.05298082287161732,-1.2999999999999972,-0.3500000000000014,0.14510891406197082,0.050796418654537885,0.7236018057205291,0.6738296818823165
762,1978,WA,0.14004189493461175,0.09306445890997117,0.1290334993036222,0.2514553793097956,0.12617041866513978,0.11443292569085672,0.14580142318600275,0.039520116115545144,0.14158422480852556,0.13203668212566708,0.31335693479095517,0.15363135675365802,0.180228448698874,0.039642236706775025,2.0,-0.9000000000000021,-0.21726217570297562,0.05814151040098486,0.780129314594351,0.7397656511231405
763,1978,VA,0.11113188636405735,0.07807950689219886,0.11435381050768448,0.24581353823580365,0.1364008741377929,0.1323354810997318,0.18188490276273095,0.02848761939250169,0.10766207283561502,0.10907659975919723,0.29927088492583387,0.1721029118356211,0.22864874568923743,0.054751165561993664,1.2999999999999972,4.199999999999996,-0.22213436225619512,-0.41792333675534576,0.7166000887487689,0.6857796161375372
764,1978,FL,0.08459783866009522,0.06252269163553202,0.0965608281638394,0.23032642183407714,0.14332397453791007,0.15144294474515352,0.23122530042339262,0.024968931360417536,0.09602013635745521,0.10003833899772001,0.2897229964364959,0.17755446901373328,0.24949601697704915,0.062199110857128925,-1.3999999999999986,4.900000000000002,0.09220570786994883,-0.3131182886477274,0.6883048721658219,0.6173317548314539
765,1978,ME,0.1405683059548971,0.09331914012163406,0.129261125782263,0.2514808881825558,0.1259754800052295,0.11413633287410152,0.14525872707931897,0.03258425209894544,0.12070151074612703,0.11848610791278438,0.30683231012610496,0.1652778125613995,0.20811209880611026,0.04800590774852842,0.8999999999999986,0.8499999999999979,-0.12692206112791735,-0.041694403615451604,0.7438819934453613,0.7406049400465795
766,1978,UT,0.12567996569589235,0.08586812878968525,0.122294963353766,0.24978485067680228,0.1314111749563972,0.12292434492258286,0.16203657160487406,0.023928787026603733,0.0924978012904516,0.09718265015829054,0.2862387451477878,0.17902340731368466,0.25633623448419174,0.0647923745789899,14.399999999999999,10.649999999999995,-0.6375804723219962,-1.150976904821946,0.6788713909368183,0.7150390834725431
767,1978,OK,0.09823497216126591,0.07074088757175238,0.10627588679903935,0.23984376054513346,0.14026831389533556,0.14134799936737663,0.2032881796600967,0.027486393621157276,0.10439182732501416,0.10659921785035203,0.29687654214943193,0.1737116489884255,0.23424671651998086,0.056687653545638206,2.0,7.5,-0.3199541830602949,-0.5551845692067335,0.7090656299343809,0.6553638209725267
768,1978,AZ,0.08729416025682465,0.06418567291163427,0.09858311256517355,0.23250962052969953,0.1428345092988047,0.1494128241555911,0.2251801002822722,0.024108830849107227,0.09311018816670141,0.09768322361598747,0.2868658488924489,0.17877537319189607,0.25512800033569516,0.06432853494816371,8.399999999999999,6.199999999999999,-0.3638618817621418,-0.4207608287947583,0.6805434647161411,0.6254070755621367
769,1978,WV,0.0878736903793607,0.06454063194851213,0.09901107246338231,0.2329581996025678,0.1427208874069562,0.1489781880848262,0.22391733011439463,0.03254730793221929,0.12058632133196245,0.11840622509517465,0.30677838662311724,0.16534027624165426,0.208281955605364,0.0480595271705081,-6.100000000000001,-1.6000000000000014,0.028400826367958525,-0.7219356367436363,0.7436585172241279,0.6271044818007792
770,1978,WY,0.10432093245937693,0.07425561462632385,0.11021577374068611,0.24298527829627764,0.1385313678435055,0.1370204734952588,0.19267055953857115,0.029951022880825535,0.11238238375763736,0.11256885597863009,0.3023609343596579,0.16969821340347302,0.22089742774279242,0.0521411618769837,11.299999999999997,9.799999999999997,-0.4736351216629253,-0.2067294202709515,0.7269614103802239,0.67030896696617
771,1978,DE,0.12541314712967627,0.08572985462654228,0.12215977713879902,0.24973441132830188,0.13150642413045843,0.12308954379041004,0.16236684185581207,0.03937794549316522,0.14117063045540146,0.13178603649514517,0.31328498678438577,0.15386548131630118,0.18072959744552985,0.039785322010071345,-1.3999999999999986,-1.25,-0.08425387094104035,-0.02469430345402646,0.7794850805443988,0.7145436143537779
772,1978,NH,0.12308830838230081,0.08451788383537015,0.12096581172242749,0.24926195097553683,0.13233169216812823,0.12454063647375313,0.16529371644248336,0.035924863996217055,0.13094165007538122,0.1253606530711693,0.3108027005135658,0.1596274432443091,0.19374999864091358,0.04359269045844394,6.700000000000003,5.0,-0.3525773974638421,0.017013646262387928,0.7626573109006425,0.7101656470837635
773,1978,HI,0.07290172863175463,0.05508718392715396,0.08717179377006318,0.21883792062247748,0.14453232525744136,0.16030225490244332,0.26116679288866607,0.03253477648438418,0.12054723934692399,0.11837910909454438,0.3067600421547228,0.16536146236960392,0.20833962940744288,0.04807774114237784,0.10000000000000142,0.9499999999999993,-0.03503212722074957,0.28133008933357717,0.7435826294501793,0.5785309522088906
774,1978,NV,0.08258021229534653,0.06126586693136178,0.09501357659894774,0.22858571985511666,0.14364499831273958,0.1529689612471823,0.23594066475930542,0.026901850178017325,0.1024670878946338,0.10511878600141594,0.2953655713362846,0.17463295634829457,0.2376328397507088,0.05788090849064498,2.200000000000003,2.6000000000000014,-0.22993448349729545,-0.07672135067034895,0.7044862517586462,0.6110903739935123
775,1978,ND,0.06900039559321788,0.052525624133599416,0.08380648369673953,0.21418496823063296,0.14451555405902278,0.16321675014040626,0.27275022414638117,0.02051561541707679,0.0806718056064496,0.0871740722641398,0.2722217917546429,0.1830579220322443,0.2813510492115132,0.07500774371393337,3.6000000000000014,2.5,-0.3671381410003104,-0.5993383282005974,0.6436412070745534,0.5640330257132126
776,1978,RI,0.12977590224229055,0.08796964497217308,0.12432332387600306,0.2504650553879856,0.12993696334845128,0.12042285290115462,0.15710625727194183,0.03027826521466588,0.11342836142310979,0.11332942817223463,0.3029896173883028,0.16915395190037785,0.21923017592465166,0.05159019997665737,-3.8999999999999986,-5.800000000000001,0.12416888927322257,-0.00832005559747848,0.729179624098691,0.7224708898269036
777,1978,VT,0.20292399216633406,0.11919956672791265,0.14809546058381384,0.24263246197988697,0.1034629780951527,0.08525106328242893,0.09843447716447085,0.05521870666636874,0.18382822349764424,0.15400444798106075,0.31131830449126496,0.13006541117847192,0.1373252588538284,0.028239647331360973,6.399999999999999,4.199999999999999,-0.21097256105428797,0.32284998277922006,0.8344350938148106,0.8163144595531002
778,1978,MT,0.09034731856729147,0.06604592899175796,0.10081148689154568,0.23479359016828522,0.14220487252666342,0.1471310375755286,0.21866576527892767,0.032637410152895424,0.12086717845748673,0.11860089669391402,0.3069094859432115,0.1651879236627355,0.2078681465703731,0.047928958519383724,4.799999999999997,0.9999999999999964,-0.4184374034677454,-0.5308272787585239,0.7442028949102432,0.6342031971455437
779,1978,AK,0.10915664879179544,0.07698235101648686,0.11318245074678562,0.24506328120155846,0.13703593851826967,0.1336762983177302,0.18490303140737374,0.031812899910026206,0.11828752805443749,0.11680005047242606,0.3056566277109431,0.16658026572851037,0.21171267559680107,0.04914995252685572,9.899999999999999,3.6499999999999986,-0.23230540675161768,0.3901058866415613,0.7391373718763432,0.6814206702748961
780,1980,,,,,,,,,,,,,,,,,,,,,
781,1980,NY,0.12388687371134047,0.08493563804975554,0.12137919363782046,0.24943097737886366,0.13204919422685923,0.12403983031882237,0.16427829267653826,0.03348976181006435,0.12351141904593599,0.12041707358513559,0.3080817320894253,0.16374530625636796,0.20402782711755152,0.046726880095519285,-4.0,-2.25,0.19495594442923395,0.07491025732020054,0.7492452927869292,0.7116818770046394
782,1980,OH,0.0903870838545341,0.06606999849234681,0.10084008493939448,0.23482206605389294,0.142196183043726,0.1471014574648789,0.21858312615122677,0.028865351879095946,0.10888720668731322,0.10999245889381873,0.3001135476495431,0.17148749955591636,0.22660039000054144,0.05405354533377116,0.7999999999999972,0.75,-0.03790160858054019,-0.2372440420758745,0.7193460646656874,0.6343154163838943
783,1980,ID,0.11559287872419141,0.08052221153584718,0.11691531937087574,0.2473112888664023,0.13492314393649463,0.12936229916053743,0.1753728584056513,0.02434835308242093,0.0939231314354214,0.09834507158185007,0.2876843074631076,0.1784411862625187,0.2535365479063204,0.06372140226836087,15.799999999999997,13.549999999999997,-0.7138879171935663,-0.5984173879993878,0.6827420498253187,0.6952648424338113
784,1980,MI,0.10466215373776133,0.07444992604128575,0.11042979315595064,0.24314358233770555,0.13842888581076396,0.13678168407926794,0.19210397483726482,0.0302380226425855,0.11329991975375907,0.1132362914640331,0.30291348376620475,0.16922098733335522,0.21943394944022176,0.05165734559984059,-1.7000000000000028,1.0499999999999972,-0.034115117879951896,-0.06762679326190316,0.7289087049599376,0.6711143410834672
785,1980,GA,0.13517406826135697,0.09067914911939556,0.12686518010824843,0.25110631256324617,0.12796620969353922,0.1172239377143991,0.15098514253981454,0.031288518334068746,0.11663565407060307,0.11563174715186347,0.3047958721964113,0.16746293867738382,0.21422702383292347,0.04995824573674612,-9.700000000000003,-12.350000000000005,-0.17581702756033635,-0.40761247506198955,0.7358147304303304,0.7317909197457864
786,1980,NE,0.08250299314412743,0.06121755307766524,0.09495377451384412,0.22851722295826069,0.1436564657639422,0.15302745506343707,0.23612453547872325,0.023928332218464528,0.09249625291095154,0.09718138230424947,0.28623714797130095,0.1790240303325572,0.2563392997278421,0.0647935545346342,14.799999999999997,13.0,-0.7060151026475466,-0.34453760526550187,0.6788671457375237,0.6108480094578397
787,1980,MA,0.13733315298305027,0.0917438819550154,0.12784115212946998,0.2512868139620642,0.12717141074918936,0.11597517686315151,0.14864841135805928,0.04626792379581473,0.16055328355285461,0.1427815047350431,0.3145624588619203,0.14290895618675725,0.15909941256278493,0.03382646030482506,-8.800000000000004,-8.200000000000003,0.0709313375982178,0.23807093609464938,0.80707412713239,0.7353764117787892
788,1980,KY,0.09993297027731163,0.07173087856477314,0.10739876524278472,0.24078258297232719,0.13980221244936586,0.14012789143325033,0.20022469906018714,0.04162693276553676,0.14764470157027507,0.13562869738204583,0.3141755648722792,0.15019789920368842,0.17309427926679244,0.03763192493938228,-1.6000000000000014,-2.0,-0.03400630323446599,-0.6318408667918466,0.7892737957938253,0.6596474095065625
789,1980,MO,0.09288427767795226,0.06757336681596851,0.10261440613932296,0.23654706133244396,0.14162712904090918,0.14525184970852356,0.21350190928487955,0.025724394038613062,0.09855502986935871,0.10205840099303065,0.2920515691068515,0.1764386187542587,0.24473306252862892,0.06043892470925849,0.5,0.0,-0.24173142857440524,-0.6877621922738356,0.6948280127621126,0.6412462410065969
790,1980,NC,0.12018256127672212,0.08298493096123412,0.11943245076821915,0.2485855533006212,0.13335008731489173,0.126383870279815,0.16908054609849665,0.029771253999826348,0.1118063008816171,0.1121479121511347,0.30200616834158434,0.16999632482671312,0.2218233339929706,0.052448705806153795,-1.4000000000000057,-2.6000000000000014,-0.10749724789568817,-0.7102824177181034,0.7257279602008756,0.7045355836216883
791,1980,AR,0.10717894300363927,0.07587418231804725,0.11198629489442855,0.24425580453986484,0.13765832840828607,0.13503353260794637,0.18801291422778765,0.025422974432269114,0.09754598766179007,0.10125779535520509,0.29114214545368666,0.17688826755652254,0.2466133697452737,0.06112945979525286,-2.6000000000000014,-7.850000000000001,-0.2875598185778723,-0.6992045263202129,0.6922571704594734,0.676953553164266
792,1980,MN,0.10995442894673114,0.07742663809235388,0.1136583367046467,0.2453729544313743,0.13678099225709406,0.13313297225057308,0.18367367731722684,0.0330066641154559,0.1220155082512402,0.11939330931344919,0.3074322525699186,0.16456320537369162,0.20618811213865884,0.04740094823758567,-8.100000000000001,-7.050000000000001,-0.19666794665031453,-0.1382368574149701,0.7464109396237555,0.6831933504322001
793,1980,TN,0.08521338495494596,0.06290400652563566,0.0970270461213667,0.23083900236110155,0.1432181160703327,0.15097844196560795,0.2298200020010095,0.026566620469203245,0.10135808177754055,0.10425822848981667,0.29445967060943656,0.17515435375822275,0.23961555070511997,0.05858749419066023,-2.0,-3.5500000000000007,-0.20790492674424238,-0.564173437247654,0.7017969551042198,0.6192015560333826
794,1980,KS,0.1040438302923214,0.0740976026449203,0.11004144113132872,0.24285537661989437,0.13861422678314883,0.1372147005857408,0.19313282194264558,0.02179801383471923,0.08516380154128736,0.09105281457230334,0.2779908022109589,0.18171362836590177,0.2714593356621203,0.07082160381270908,7.199999999999996,5.849999999999998,-0.456853884202079,-0.29607216939417463,0.6577190605251706,0.6696524774716136
795,1980,WI,0.0917896790803591,0.06691636747094892,0.10184187832515604,0.23580613112024923,0.1418821176309249,0.14606061047059993,0.2157032159017619,0.02901710620871949,0.10937808154336794,0.1103575511194696,0.300443065320677,0.17123912396971608,0.22578696505126195,0.05377810678678796,-2.8000000000000043,-1.5000000000000036,-0.2007620635319694,-0.26242589751927897,0.7204349281619501,0.6382361736276382
796,1980,IN,0.09268603433418092,0.06745460539509145,0.1024750931272633,0.23641460421801036,0.14167393336956668,0.14539808707628887,0.21389764247959842,0.024013832845119078,0.09278721021627401,0.09741943202414444,0.2865362467475516,0.17890659182639002,0.2557642212781105,0.06457246506241032,5.299999999999997,5.299999999999997,-0.3360291358644868,-0.49404852708099933,0.6796633136594792,0.6407042704441127
797,1980,CT,0.12756487812416986,0.0868401476666801,0.12323927485241304,0.2501195467430447,0.1307354366151765,0.12176515520625697,0.1597355607922588,0.031325530666383494,0.11675253604357178,0.11571480267376094,0.3048583069665867,0.16740073000837663,0.21404774141786742,0.049900352223453015,-2.5,0.8000000000000007,-0.08203661516145133,0.048863963234197824,0.7360519063586796,0.7184992840014842
798,1980,NJ,0.09218056176242821,0.06715133606613784,0.10211867891004872,0.23607340961646767,0.1417920321461491,0.1457714356746469,0.21491254582412156,0.03251957294220355,0.12049981721570026,0.11834619765984214,0.3067377495432328,0.16538716497780448,0.20840964085225722,0.04809985680895956,1.2999999999999972,1.6999999999999993,0.1699709428580973,0.17221003951748748,0.7434905023387832,0.6393160185012315
799,1980,AL,0.09883223054826108,0.07108994033863601,0.10667296526348774,0.24017966908446736,0.14010612826455415,0.14091775211923008,0.20220131438136357,0.022808522334116284,0.08866191708151597,0.09400775818480284,0.2820985859770365,0.18049900877816327,0.264092626100898,0.06783158154346713,-1.9000000000000057,-3.650000000000002,-0.13629502389836493,-0.7370587804280686,0.6680757923556349,0.6568809334994063
800,1980,OR,0.15249308932655262,0.09891980335001518,0.1340732459299085,0.25147814693397996,0.12154302082356427,0.10768235081222322,0.13381034282375626,0.03990154881006386,0.14269095822161076,0.1327039091861455,0.3135391403377169,0.15300466039891325,0.1788966015519028,0.03926318149364694,-2.4000000000000057,-1.3000000000000043,-0.26394388579878086,0.07212419329642071,0.7818402169544503,0.7585073063640205
801,1980,SD,0.09434528249229976,0.06844550413645076,0.10363297643416919,0.23749996360003112,0.1412739784177911,0.14417747926794255,0.21062481565131552,0.01969687810605756,0.07777272589365644,0.08462001285263968,0.2681861840428439,0.1837766487490191,0.2880047692232841,0.0779427811324992,9.799999999999997,6.099999999999998,-0.5315089019498542,-0.5437741530947506,0.6340524496442167,0.6451977050807419
802,1980,LA,0.09238675387076713,0.0672751247478076,0.10226427560252865,0.23621319181169542,0.1417440740818216,0.14561905707679879,0.2144975228085808,0.027901849377602296,0.10575285435620876,0.10763605791154551,0.2978990550877386,0.173048421245531,0.23189354856096556,0.05586821346040827,0.5,-0.75,0.05594830794835067,-0.4877090143425436,0.7122382379786262,0.6398834201146204
803,1980,DC,0.2729766307563213,0.1390766390653101,0.154863121013034,0.218551414754228,0.08215716058799538,0.0634479063908382,0.06892712743227303,0.104203768922728,0.2805012878170623,0.17840239960020166,0.26274030581870367,0.08349849141601595,0.07626292512178057,0.014390821303507884,-37.300000000000004,-34.400000000000006,0.19495594442923395,0.39441551408902775,0.9093462535747115,0.8676249661768888
804,1980,CA,0.1187216189823846,0.08220654099645615,0.11864399929080185,0.2482079979554494,0.1338558953219382,0.12732303416901924,0.17104091328395055,0.03239270662198005,0.12010381762143679,0.11807099125083562,0.3065501612942397,0.16560159351619308,0.20899555918182255,0.04828517051349224,2.0,1.6499999999999986,-0.1465353883917293,0.10144835360249227,0.7427192703046852,0.7016360525470302
805,1980,CO,0.10940697091284243,0.07712192531858916,0.11333217900979159,0.24516142873335434,0.13695617540445326,0.13350555800049324,0.18451576262047598,0.0334212444357187,0.12329969931328513,0.12027276100884002,0.3079919523095826,0.16386133249796964,0.20433165624737126,0.046821354187232656,4.399999999999999,5.199999999999999,-0.4193195417550987,-0.005893002887464383,0.7488469895653961,0.6819786793790308
806,1980,NM,0.09720318546702854,0.0701357571229035,0.105584476708176,0.2392486882777265,0.14054381625048218,0.1420939800667359,0.20519009610694738,0.024712725435349085,0.09515600125820044,0.09934301361421262,0.2888954272838675,0.17792405272391287,0.2511498599965126,0.06281891968794484,4.199999999999996,3.349999999999998,-0.16032021964832122,-0.08654312379479351,0.6860312203155425,0.6527159238263167
807,1980,IL,0.12616419701643666,0.08611864208636111,0.12253934138645955,0.24987443467338483,0.13123804959298857,0.12262524030375943,0.16144009494060985,0.02971015637241438,0.11161026938395276,0.11200433924852701,0.3018840565994891,0.17009749232448224,0.22213965452992057,0.052554031541213964,-1.1000000000000014,0.5,-0.2076166633720278,-0.3661365886847107,0.7253063139288655,0.7159346647556307
808,1980,PA,0.11179159081757029,0.07844380707036233,0.11473989992081893,0.246051939420732,0.1361859816143477,0.13189097509687675,0.180895806059292,0.032035066816196285,0.11898474309382606,0.11728961112352082,0.3060061070845286,0.16620554946148003,0.21066384471986266,0.048815077700585574,-1.1000000000000014,-0.6999999999999993,-0.014756368948316324,-0.1791178500573508,0.7405210775795518,0.6872132188438312
809,1980,TX,0.10388799451185075,0.07400865618151563,0.10994319156584628,0.24278179100791075,0.1386606791171442,0.13732405054201124,0.19339363707372115,0.027312362659784258,0.10381999012705848,0.10616111757250785,0.2964356553059968,0.17398746072751314,0.23524552930010467,0.057037884307034825,4.599999999999994,2.299999999999997,-0.23227963973351565,-0.3296722845395024,0.7077165863928605,0.6692823123842676
810,1980,SC,0.12551735119108215,0.08578387670730073,0.12221261805104991,0.249754201483524,0.1314692377164295,0.12302499375706044,0.16223772109355328,0.028094612297692393,0.1063823897064532,0.10811284692826956,0.298359385330306,0.17273854865177096,0.23081644594833217,0.05549577113717574,-1.3000000000000043,-3.1000000000000085,-0.2311024029905916,-0.4543362296450189,0.7136877829144921,0.7147372851493863
811,1980,MS,0.10907923656977493,0.0769391563185746,0.11313607153225042,0.24503274659720814,0.13706056172653425,0.1337291477064797,0.18502307954917796,0.023273928348100038,0.09026086172302819,0.09533945172010001,0.2838694710622609,0.17990093312335953,0.26081949560482576,0.06653585841832554,-1.3000000000000043,-0.8000000000000007,0.012414902922770626,-0.48302376675755043,0.6726446459768487,0.6812477727443423
812,1980,IA,0.09981560394047741,0.0716626841971137,0.10732174656120255,0.24071928571207202,0.13983492004437126,0.14021191797663157,0.2004338415681315,0.023951877578541135,0.09257640284013524,0.09724699668127408,0.2863197468217934,0.1789917530387345,0.2561806996761118,0.06473252336340984,0.5999999999999943,1.0499999999999972,-0.38422620904230853,-0.3478315697659753,0.6790867769604784,0.6593542404552369
813,1980,MD,0.11536999356294304,0.08040131798256502,0.11679005917496274,0.2472426929653762,0.13499827006838827,0.12950902413127707,0.17568864211448765,0.030052101427755808,0.11270583604695844,0.11280456365913108,0.30255746468794004,0.16953031446820044,0.2203799509484463,0.05196976876156789,-6.5,-3.8999999999999986,0.02503220612026859,0.025447421252319392,0.7276502802899858,0.6948023337542353
814,1980,WA,0.14140843652983143,0.09372428594083446,0.12962167643869335,0.25151682428583044,0.12566413411976707,0.1136650741890558,0.14439956849598745,0.038364360888877104,0.13820481512045332,0.129967950131115,0.31270638870066164,0.15554263208955543,0.18437899889942921,0.040834854169908286,-1.0,0.5,-0.294393808629013,0.13838135471420354,0.7747861469306625,0.7419353573149567
815,1980,VA,0.11177896234232605,0.07843684342920097,0.11473253311813464,0.24604743214526492,0.13619010780449525,0.13189946847503997,0.1809146526855382,0.029913283289516698,0.11226153159120203,0.1124806701420433,0.3022870145597698,0.16976085082842984,0.2210912138546579,0.05220543573438041,2.299999999999997,1.7999999999999972,-0.14963009302901728,-0.4788217923954297,0.7267033504109617,0.6871858788394218
816,1980,FL,0.09408006886629135,0.06828759237170952,0.1034491374088645,0.23733000367934887,0.14133913973187284,0.14437205966553013,0.2111419982763828,0.024923397443774222,0.09586672436813189,0.0999151452507925,0.28957734649353767,0.17762049869889873,0.24978849365954436,0.06230839408532063,4.799999999999997,1.6999999999999993,-0.09297211859375089,-0.3238690562665551,0.687903112255135,0.6444859420580871
817,1980,ME,0.14498306650990558,0.09543011343893781,0.1311186465211683,0.2516058996585232,0.12433689633534306,0.11168842229447185,0.14083695524165019,0.03519958101847559,0.12874763957450058,0.12392529706876682,0.3100840959052605,0.1608515286010821,0.196708918919846,0.04448293891206845,-5.100000000000001,-2.1000000000000014,-0.09050464568227237,0.05640354562338272,0.7588081421680856,0.747474622463878
818,1980,UT,0.11759381777777171,0.08160212929017062,0.11802721815188474,0.2478988274825601,0.13424322619119267,0.1280537270605141,0.17258105404590607,0.019970695547582386,0.0787450163560586,0.08548105398416232,0.26956789107580487,0.18354976387461058,0.2857490691370008,0.07693651002478041,22.099999999999994,18.249999999999996,-0.758131297625421,-1.254905108552415,0.6373144208382188,0.6993652188935798
819,1980,OK,0.10328405671161961,0.07366337305146575,0.10956100281222497,0.24249297123547853,0.1388396988063928,0.13774865412770532,0.19441024325511302,0.027313042033190876,0.10382222440916458,0.1061628321668533,0.2964373910454711,0.17398638644819853,0.23524161497216178,0.05703650892495982,9.799999999999997,5.899999999999999,-0.40989964125937467,-0.5932838244037476,0.7077218761028784,0.6678411026171817
820,1980,AZ,0.08690939649952831,0.06394952508663532,0.09829767860675992,0.232207818375379,0.14290835014443454,0.14970174848482676,0.22602548280243617,0.02243358217708402,0.08736820835411847,0.09292158654002565,0.28061731031963666,0.18096381623527547,0.26678370921383254,0.06891178716002722,9.899999999999999,9.149999999999999,-0.4669430892653467,-0.38621397812622654,0.6643045036261402,0.6242727687127371
821,1980,WV,0.0935553238253291,0.0679746220009251,0.10308401460372327,0.2369897958315597,0.14146670051222643,0.1447576424410627,0.21217190078517367,0.03508330977686781,0.12839442058179446,0.12369231186000984,0.3099619064694556,0.16104803500146725,0.1971910952228818,0.044628921087523254,-5.400000000000006,-5.7500000000000036,0.01901977370884413,-0.6716300851448715,0.7581799836895949,0.6430704567737636
822,1980,WY,0.10532540619138966,0.07482679061751094,0.1108437423787339,0.2434460991436927,0.1382282898357199,0.13631874134817235,0.19101093048478057,0.028573174862950575,0.1079399751082335,0.10928493154449467,0.2994645823261409,0.1719638901996815,0.2281818145809692,0.05459163137752965,11.899999999999999,11.599999999999998,-0.5692301004055837,-0.15439895678558602,0.7172265540415012,0.6726703281670471
823,1980,DE,0.12760277218658309,0.08685960285171596,0.12325806800182024,0.25012589178261924,0.1307218025763246,0.12174199159479249,0.1596898710061444,0.0403602548098124,0.14401631070729326,0.13349629527159387,0.31373780814596347,0.15225387407663216,0.1773190172787027,0.03881643971000215,-3.5,-2.4499999999999993,-0.08489515605057102,0.0032694340608391648,0.7838645430112952,0.7185681373990631
824,1980,NH,0.11879199581333229,0.08224415562213523,0.11868225219287157,0.24822677509645202,0.13383163236740458,0.12727760186172565,0.17094558704607865,0.035038060203755515,0.12825684550232572,0.12360142343479258,0.30991382132377787,0.16112452696158186,0.19737933946498676,0.04468598310877969,7.0,6.850000000000001,-0.321635561962564,-0.0009687741455885041,0.7579346774262335,0.7017768110921957
825,1980,HI,0.08010515227470237,0.05970947362241756,0.09307505952355688,0.22631939682713695,0.14398069587423,0.15484604607532426,0.24196417580263196,0.034692036856712676,0.1272027314790343,0.12290236137636787,0.3095361402663583,0.1617097412608105,0.1988299612263803,0.04512702753433606,-7.800000000000004,-3.8500000000000014,-0.10940463736715997,0.3149078017687446,0.7560430112392836,0.6031897781220438
826,1980,NV,0.07912105043948588,0.05908614380804196,0.09229172813731162,0.22537677361424904,0.14409506897333413,0.15559315242966787,0.2444360825979095,0.024523121887661797,0.094515043256433,0.09882506150165159,0.28827027465514343,0.17819442792348683,0.2523866680071468,0.0632854027684765,11.799999999999997,7.0,-0.2867620838347601,-0.09455749231602213,0.6843279292243767,0.5999707649724226
827,1980,ND,0.06371962324643776,0.04899238070103133,0.07905504977028353,0.20713779685837772,0.14405658427665857,0.1670496224888327,0.2899889426583784,0.01855352972464238,0.07368300519445348,0.08094861310653989,0.2620502082656496,0.1845591072185414,0.29776699954418595,0.08243853694598724,13.5,8.55,-0.38146062931055646,-0.5752501820591754,0.6197944635098268,0.5429614348527889
828,1980,RI,0.1366202505547112,0.09139351341651425,0.12752142771231603,0.251231829613833,0.12743418027789066,0.11638558190389925,0.1494132165208356,0.031821455095976,0.11831440539941862,0.11681896184537921,0.3056702508833786,0.16656584361409688,0.21167210813943438,0.04913697502231629,-13.5,-8.7,0.0908822288650759,0.05196319587672574,0.7391909168382493,0.7342012015752651
829,1980,VT,0.21640355575323866,0.1237386759783562,0.15038497529949607,0.23868768439168137,0.09898796783507857,0.08035158079444515,0.09144555994770398,0.05858136870428979,0.1920530972088864,0.1574660455546169,0.3091520674100892,0.12566150287770372,0.13051642539209918,0.026569492852314802,-6.300000000000004,0.04999999999999716,-0.25690893806921905,0.3511677282480427,0.842914081755586,0.8282028592578509
830,1980,MT,0.08747541633908712,0.06429678503569602,0.09871721578263803,0.23265069147009,0.14279928057247954,0.14927681464148512,0.22478379615852417,0.03006781925372845,0.11275610342563755,0.11284115351631507,0.30258783631181135,0.1695041885079187,0.2202996840593333,0.051943214925255554,6.099999999999994,5.449999999999996,-0.4955148721685376,-0.46019950201300736,0.7277571010154111,0.6259393891999907
831,1980,AK,0.10678624817092143,0.07565299147029388,0.11174597753591994,0.2440885945375923,0.13778019872374547,0.13530476232533906,0.18864122723618792,0.029740755294266185,0.11170846110867495,0.11207627570973369,0.30194531064315244,0.17004683540417287,0.22198113071391168,0.05250123112608818,3.5999999999999943,6.7499999999999964,-0.2921924909102065,0.39441551408902775,0.7255176381600001,0.676054010438473
832,1982,,,,,,,,,,,,,,,,,,,,,
833,1982,NY,0.12039752593674768,0.08309903081320799,0.11954746898437976,0.24863895749725906,0.13327529386028714,0.126246382739453,0.16879534016866538,0.03588871647294356,0.13083268147442845,0.12528984406160415,0.3107686335306344,0.159688372006898,0.19389550614250517,0.04363624631098628,-4.0,-2.25,0.30894759955118806,0.27228715857837116,0.7624682475465085,0.7049582770918816
834,1982,OH,0.09236260011995888,0.0672606295428325,0.10224723497859226,0.23619686044812993,0.14174970749373106,0.1456369011618598,0.21454606625489558,0.028599820528757827,0.10802647648391563,0.10934970810146494,0.29952456670264316,0.17192054778029586,0.22803675087551956,0.054542129527403005,0.7999999999999972,0.75,-0.09679523131887577,-0.19729627195283284,0.7174211195970774,0.6398170325832446
835,1982,ID,0.12173051128687827,0.08380408251211575,0.12025503128490755,0.24895801613433205,0.13280950521187773,0.12539784961652112,0.16704500395336752,0.02392129062280832,0.09247227910704633,0.09716175051161355,0.2862124111541716,0.17903367395716374,0.25638676603011756,0.0648118286170789,15.799999999999997,13.549999999999997,-0.8561274538820492,-0.4769303747540004,0.6788014053528035,0.7075571464301114
836,1982,MI,0.10556348673496328,0.07496180243821347,0.11099167389335471,0.24355303157626346,0.138155842684074,0.13615295436071617,0.1906212083124149,0.030789895751721995,0.11505676243152066,0.11450396876997249,0.3039292956029898,0.1682993740801043,0.21666967049738983,0.050751032866300894,-1.7000000000000028,1.0499999999999972,-0.045010307325581776,0.045078465676220425,0.7325792966363093,0.6732258373268689
837,1982,GA,0.1344932080994431,0.09034114847451591,0.12655264315944048,0.25104063077282934,0.12821617136089702,0.11762134317763684,0.1517348549552373,0.03184347888498497,0.11838358558409669,0.11686762384367697,0.30570526005530485,0.16652871362480248,0.21156774078394547,0.04910359722318858,-9.700000000000003,-12.350000000000005,-0.1523510337003846,-0.3494369103567034,0.739328661992866,0.7306438018671259
838,1982,NE,0.08566280377855497,0.0631817845259856,0.09736573168086868,0.23120789288305096,0.14313858210794794,0.15063966707624288,0.22880353794734898,0.023889018913081112,0.09236238476787438,0.09707172579389933,0.2860988392006935,0.17907781526398636,0.2566045084623768,0.06489570759808849,14.799999999999997,13.0,-0.7991815328498044,-0.2123865247269205,0.6784997839395347,0.6205567949764081
839,1982,MA,0.13424879295023992,0.09021955032292739,0.12643988698419303,0.2510160094446074,0.12830581605050473,0.11776442832352452,0.15200551592400302,0.0482498089979495,0.16588645724604384,0.14554153417534016,0.31423470245351914,0.1399237621036833,0.15374689247508933,0.032416842548374736,-8.800000000000004,-8.200000000000003,0.15509290555094413,0.33793518003285977,0.8138362649765359,0.7302300557524725
840,1982,KY,0.09788251714121982,0.07053448038240936,0.10604048034500693,0.2396426030178151,0.14036310000906338,0.14160244059693206,0.20393437850755336,0.044431111577287526,0.15551566576352333,0.14007009032933326,0.3146186631689402,0.14574532607394552,0.16437810586119028,0.03524103722577987,-1.6000000000000014,-2.0,0.05653258614372607,-0.4172995302288651,0.8003808569130298,0.6544631808955146
841,1982,MO,0.09195367637233394,0.06701499784030711,0.10195813782284507,0.23591863564503063,0.1418444547352099,0.14593923666907616,0.2153708609151972,0.02736619929750008,0.10399699684572786,0.10629688374638963,0.29657284673135165,0.17390227054346918,0.234935710739535,0.05692909209602659,0.5,0.0,-0.1805645048653564,-0.4523792894706779,0.7081351971644384,0.6386899024157267
842,1982,NC,0.12227490217824273,0.08409080111519178,0.12054121013147928,0.24908239979224728,0.13261832478554436,0.12505329947991728,0.1663390625173773,0.031420291574114335,0.11705158368623617,0.115927033476179,0.30501698215565065,0.1672413914170946,0.21358999777012067,0.04975271992060459,-1.4000000000000057,-2.6000000000000014,-0.11992445465732525,-0.40462417715777976,0.7366572823092747,0.7086076380027054
843,1982,AR,0.10687872101043029,0.07570511250848445,0.11180265232232509,0.2441281775011157,0.137751553186801,0.13524084097425415,0.18849294249658932,0.026255724913370165,0.1003261818114925,0.10345252638763158,0.2935931085249823,0.17563291089698685,0.24148161352737563,0.05925793393816092,-2.6000000000000014,-7.850000000000001,-0.261637432116264,-0.5677202100782963,0.6992604525344635,0.6762662165291565
844,1982,MN,0.11289007093245891,0.07904804045175394,0.11537713286673751,0.24643567263125765,0.13582523927392665,0.13115452532310046,0.1792693185207649,0.033419263770675625,0.12329357684825805,0.12026858495121237,0.30798934562851676,0.16386468644459384,0.20434045167903525,0.0468240906777081,-8.100000000000001,-7.050000000000001,-0.2559721360098449,0.017699469420894683,0.7488354576432567,0.6895761561561347
845,1982,TN,0.08620853578339403,0.06351838348652049,0.09777507094590754,0.23164982775892826,0.14303950927743708,0.1502287336151299,0.2275799391326827,0.02715537561469147,0.10330328554775003,0.10576399623447,0.29603146857763263,0.1742351784123225,0.23615325671825704,0.05735743889487632,-2.0,-3.5500000000000007,-0.22359829117026958,-0.4242575148141358,0.7064893043868666,0.6221913272521874
846,1982,KS,0.10602293883789934,0.07522195209111598,0.11127617333912579,0.24375693456533748,0.13801538670040736,0.13583360184606197,0.18987301262005207,0.021916667894461308,0.08557643567650568,0.09140435256960745,0.27849243322661255,0.18157749184621957,0.27057536152017625,0.07045725726641716,7.199999999999996,5.849999999999998,-0.5010005879323244,-0.20070599895084038,0.6589673812134065,0.674293385533886
847,1982,WI,0.09104836798649334,0.0664696689397105,0.10131407442090032,0.23529093038055132,0.1420499275173897,0.1466101143591083,0.2172169163958465,0.030122470001277556,0.1129308202677189,0.11296824448858253,0.30269304371205424,0.1694133128639136,0.22002101705100918,0.05185109161544399,-2.8000000000000043,-1.5000000000000036,-0.15874231906337943,-0.12721766528395642,0.7281278913335468,0.6361729692450452
848,1982,IN,0.0968524581759609,0.06992944480987844,0.10534787344767499,0.23904209516633101,0.14063607821447788,0.1423483251553782,0.20584372503029857,0.023752522082746256,0.09189717210539486,0.09669001032495875,0.28561477444626515,0.17926349578350603,0.2575291897705341,0.06525283548659488,5.299999999999997,5.299999999999997,-0.4515677784206256,-0.37720865327213476,0.677217974742871,0.6518079498143232
849,1982,CT,0.12820125368890706,0.08716641961930752,0.12355388510938228,0.25022412610351996,0.13050622988474003,0.12137688939799118,0.15897119619615196,0.03296119918911343,0.12187434982008712,0.11929620782817724,0.3073691328865794,0.16464015079137828,0.2063936065090468,0.047465352975617714,-2.5,0.8000000000000007,-0.0648753474313911,0.2941933270793166,0.7461410405153355,0.7196519144058569
850,1982,NJ,0.088151335088297,0.0647103788736002,0.09921526992574606,0.23317057443418748,0.1426654460823692,0.14877019885109677,0.22331679674470328,0.034366020222052575,0.12620619361639496,0.12223713894080598,0.3091638949251883,0.1622614887597701,0.2002149495212573,0.0455503140145308,1.2999999999999972,1.6999999999999993,0.3129291720280332,0.2508354661616282,0.7542347364642119,0.6279130044042
851,1982,AL,0.10049732941501018,0.07205830810656817,0.10776788419927849,0.24108368780415024,0.1396439517606597,0.139724495924898,0.19922434278943524,0.023342119905366644,0.09049449934154499,0.09553304628767602,0.2841227777377504,0.1798114496194767,0.26034605367988084,0.06635005342830436,-1.9000000000000057,-3.650000000000002,-0.1644970518183442,-0.572316937023016,0.6733038928918147,0.6610511612856668
852,1982,OR,0.15115365368687222,0.09830668164387135,0.13356476216640306,0.25153050868937543,0.12204128174742035,0.10838257402587725,0.13502053804018033,0.04095960606798196,0.1457388830304655,0.13451537599679494,0.31396476688107755,0.1512778102875474,0.17529635956302092,0.03824719817311173,-2.4000000000000057,-1.3000000000000043,-0.2250207033940157,0.15397514719058633,0.7864564422638674,0.7565968879339424
853,1982,SD,0.09740546464862646,0.07025460414202267,0.10572057107590585,0.2393668387628855,0.14049028115116047,0.14194746483535325,0.2048147753840458,0.019473292993757194,0.0769767636040841,0.08391176044589761,0.26703340811561305,0.1839512127414351,0.28986981080714613,0.07878375129206683,9.799999999999997,6.099999999999998,-0.6174820404065405,-0.47387407656270675,0.631346437900787,0.653237759780601
854,1982,LA,0.09240959876018118,0.06728883309748321,0.10228038918984098,0.23622862771419761,0.1417387421618228,0.14560218137249592,0.2144516277039783,0.028886042213285505,0.10895417764895546,0.11004233190575144,0.300158776070167,0.1714536725688589,0.22648916873430436,0.05401583085867734,0.5,-0.75,0.07567827055536513,-0.3334882741667575,0.7194950004070183,0.6399461909235258
855,1982,DC,0.2649126489420386,0.13724077967328902,0.15466613997941409,0.22165568410828929,0.08436742055741009,0.06555090278952547,0.07160642395003347,0.10850507369433934,0.2869681395043756,0.1787358440285442,0.25805271958040865,0.08074718001499337,0.0732282916865924,0.013762751490746461,-37.300000000000004,-34.400000000000006,0.3129291720280332,0.44955612984216115,0.9130089568226611,0.8628426732604411
856,1982,CA,0.11733462724273144,0.08146278947834568,0.11788446300271974,0.2478255569113254,0.13433183653872305,0.1282223543750869,0.1729383724510678,0.033328971771570154,0.12301434367986339,0.12007795265484345,0.30786983454298744,0.16401757614560586,0.20474215433984888,0.046949166865280834,2.0,1.6499999999999986,-0.09979764414963176,0.18277250139199958,0.7483086787948703,0.6988392731738453
857,1982,CO,0.11286620531283793,0.07903494423408212,0.11536336300762479,0.24642750952740616,0.1358331145357028,0.1311704761807242,0.179304387201622,0.03272441164709205,0.12113812755092018,0.11878837857425856,0.3070347480434954,0.1650407788689815,0.20747002353583532,0.047803531779416986,4.399999999999999,5.199999999999999,-0.5104363660244849,0.019440648091862002,0.7447264446847477,0.6895251366176538
858,1982,NM,0.09584138364822807,0.06933293924587654,0.10466128875740893,0.23843409691323886,0.14089797857803577,0.14308368851689246,0.20774862434031938,0.025580223693142206,0.09807278827657302,0.10167635234733594,0.2916197937411934,0.17665439148189976,0.24562914347910603,0.060767306980749614,4.199999999999996,3.349999999999998,-0.1050514163180586,0.012470576929140584,0.6936035495401444,0.6491676871427882
859,1982,IL,0.12297818158693892,0.08446015374327882,0.12090853444779828,0.24923808003752895,0.13237056629528143,0.1246098950836022,0.16543458880557138,0.03130079052861781,0.11667441353311475,0.11565929594206939,0.30481660233263475,0.1674423138267469,0.21416754826671702,0.04993903557009938,-1.1000000000000014,0.5,-0.1112938168846003,-0.23424829167335828,0.7358934161631836,0.7099555161108264
860,1982,PA,0.11561986609287217,0.08053684137014214,0.11693046690608513,0.24731955124010613,0.13491403894243648,0.12934454649748583,0.17533468895087212,0.031887767890108935,0.11852265761937322,0.11696538569661477,0.305775395576877,0.16645403439376694,0.21135815057572993,0.0490366082475292,-1.1000000000000014,-0.6999999999999993,-0.10283858082186512,-0.0705213284575157,0.7396052411767409,0.695320764551642
861,1982,TX,0.10523223921722398,0.07477391865106257,0.11078575832077059,0.24340401602484146,0.13825657730011764,0.13638367430122056,0.1911638161847632,0.026873046252871024,0.10237194767496348,0.10504517681579625,0.29528887739347853,0.1746779654169479,0.23780201709019033,0.057940969355752436,4.599999999999994,2.299999999999997,-0.27404481015026827,-0.35251275892381423,0.7042570135540572,0.6724525095140163
862,1982,SC,0.12908618835164856,0.08761854150950146,0.12398787885573598,0.2503626261384807,0.1301866671387112,0.1208395608841909,0.1579185371217312,0.02745179672921496,0.10427822836398637,0.1065123030418606,0.29678949218751993,0.1737665776608993,0.23444465653079316,0.05675694548572563,-1.3000000000000043,-3.1000000000000085,-0.31686468637465576,-0.4474981045740378,0.7087983979834812,0.7212419019940779
863,1982,MS,0.10952986121363728,0.07719038980490928,0.11340554823172477,0.24520928324553243,0.1369169391844608,0.13342182331956365,0.1843261550001718,0.023410494096757835,0.09072859868432587,0.09572677010206916,0.2843752046944362,0.1797212691735527,0.25987289927336366,0.06616476397549453,-1.3000000000000043,-0.8000000000000007,0.005429642514710179,-0.441562493702732,0.6739623367511418,0.6822520216802646
864,1982,IA,0.10286708857003654,0.07342445183808893,0.10929580794496088,0.24229016415975207,0.1389623482942468,0.13804256423698535,0.1951175749559294,0.023752177983806768,0.09189599851427353,0.09668904611057506,0.28561354655944093,0.17926396176252957,0.25753152844832994,0.06525374062104417,0.5999999999999943,1.0499999999999972,-0.4644128251361911,-0.27085696256374875,0.6772147309306259,0.6668398608070852
865,1982,MD,0.11447207050549374,0.07991305820448474,0.11628255616489552,0.2469598313374493,0.13529962141284435,0.1301020761068663,0.17697078626796603,0.03088008875584196,0.11534295072138499,0.11470919498672208,0.30408959459612755,0.1681483161320323,0.2162240223453863,0.05060583246250483,-6.5,-3.8999999999999986,0.06085216264393221,0.11590565110030192,0.7331701451921089,0.6929271376251677
866,1982,WA,0.14191605294532883,0.0939682971390938,0.12983790443592588,0.25153572199770385,0.12547588875691595,0.11338157632563872,0.14388455839939296,0.03875773118481854,0.13935942551855818,0.1306800779102145,0.3129448428283451,0.15489011820311316,0.18294651566309517,0.04042128869185535,-1.0,0.5,-0.2977250214913038,0.19815110179915388,0.7766321956450495,0.7427338652749683
867,1982,VA,0.1120410576630611,0.07858128889154806,0.1148852347336489,0.24614052909970818,0.13610437231160977,0.13172331952544547,0.18052419777497852,0.031202084279444375,0.11636253148817174,0.1154374364621428,0.3046490618638963,0.1676081523094145,0.21464678322968278,0.05009395036724751,2.299999999999997,1.7999999999999972,-0.1307477241853744,-0.2829123729852745,0.7352592664030697,0.687752482699576
868,1982,FL,0.09250889993845278,0.06734840439016328,0.10235039008012253,0.23629560548728296,0.14171552303367668,0.14552884300546176,0.21425233406484,0.026090505821807997,0.09977646553847463,0.10302134793673981,0.2931220415230018,0.17588515108629021,0.24248415886013241,0.05962032923355309,4.799999999999997,1.6999999999999993,-0.024459306378636584,-0.1851876335258039,0.6978955119063145,0.6402188229296982
869,1982,ME,0.14412805015564337,0.09502474233982935,0.1307660097488199,0.2515938099847832,0.12465465858524172,0.11215704961607187,0.14167567956961058,0.035793961117808734,0.1305468481417848,0.12510386829203685,0.31067847320655395,0.15984813029126843,0.19427789884513103,0.0437508201054162,-5.100000000000001,-2.1000000000000014,-0.06506923488138988,0.10751025403094128,0.7619712810494528,0.7461672708143176
870,1982,UT,0.1227325526618929,0.0843312871125261,0.12078054612001149,0.2491843444813187,0.13245719692571867,0.12476454077834376,0.16574953192018838,0.02059981990267666,0.08096858100353217,0.08743327308717247,0.2726207786811642,0.18297738648156747,0.28068205440470884,0.0747181064391782,22.099999999999994,18.249999999999996,-0.849314729892455,-0.9537520527315444,0.644599839156113,0.7094859273014679
871,1982,OK,0.10532879958781843,0.0748287159515234,0.11084585331100438,0.2434476293984567,0.1382272588581147,0.1363163769092427,0.19100536598383966,0.027128274257333967,0.10321400085674273,0.10569525380841424,0.29596106472996486,0.17427783604043923,0.23631061305479872,0.05741295725230622,9.799999999999997,5.899999999999999,-0.4630588006174204,-0.5489169241157447,0.7062764296928951,0.6726782571069176
872,1982,AZ,0.08797599664441862,0.06460320341165084,0.09908637756601502,0.23303664539736574,0.14270053363262336,0.14890153006593387,0.22369571328199256,0.023358658938354378,0.09055114068460471,0.09557994184834734,0.2841839800462801,0.17978967762496117,0.2602314598012869,0.06630514105616536,9.899999999999999,9.149999999999999,-0.4733999733079145,-0.16312168318800552,0.6734633991425476,0.6274027566520736
873,1982,WV,0.09232780072937515,0.06723974301793419,0.10222267685746975,0.23617331107682532,0.14175781658039494,0.14566261266763858,0.21461603907036209,0.03588107921135399,0.13080965347337992,0.12527487379833105,0.3107614127384776,0.15970124621909143,0.19392627503112858,0.043645459528237396,-5.400000000000006,-5.7500000000000036,0.06503033531511465,-0.6209318444676565,0.762428265440634,0.6397213482619993
874,1982,WY,0.10851743823471983,0.07662523929579292,0.1127984132690881,0.24480855390111556,0.1372386329257792,0.134113364103972,0.18589835826953238,0.02846898595003457,0.10760151538579167,0.10903115686999204,0.29922847650385564,0.17213316023873249,0.22875067396055548,0.05478603109103808,11.899999999999999,11.599999999999998,-0.6464942191965963,-0.056995148173534134,0.7164632949484064,0.6799882776264956
875,1982,DE,0.1246506060942271,0.08533374876818356,0.12177134351583849,0.2495860040050617,0.1317780492850147,0.12356318654171283,0.16331706178996164,0.04152554227365222,0.14735595957839473,0.13546097780178717,0.3141463109879734,0.15036149829119827,0.17342552827907032,0.03772418278792389,-3.5,-2.4499999999999993,-0.007785035729373774,0.03979560592960045,0.7888502889330058,0.7131197516683255
876,1982,NH,0.1191893939865159,0.08245633079501827,0.1188977387259347,0.2483316781403081,0.1336944273217463,0.12702142059994181,0.1704090104305349,0.03520342981751095,0.12875932471728374,0.12393299561774368,0.31008810705592255,0.1608450249842962,0.19669299545413765,0.04447812235310522,7.0,6.850000000000001,-0.3273714263988574,0.032875594857984046,0.7588288821927571,0.7025695689695233
877,1982,HI,0.07910948790123412,0.059078804850262706,0.09228248165830294,0.22536555487909335,0.14409634521529796,0.15560193114844478,0.24446539434736414,0.03539411816496388,0.12933769671147816,0.12431332299841749,0.31028416545937365,0.16052289949162113,0.19590705927182328,0.04424073790232241,-7.800000000000004,-3.8500000000000014,-0.06703094483998347,0.3579567121745021,0.7598522028258543,0.5999326745041911
878,1982,NV,0.08087994564768745,0.0601984249554139,0.0936867334462923,0.2270447331218387,0.1438828324834367,0.15425804245421426,0.24004928789111668,0.024527203019087264,0.09452885269427436,0.09883624060604222,0.28828384592576883,0.17818863713980104,0.2523599297077531,0.06327529090727313,11.799999999999997,7.0,-0.3403668546062463,-0.012642428157745675,0.6843647793849738,0.6056926696546691
879,1982,ND,0.06422096437471472,0.04933109942179881,0.0795160510318825,0.20784603767486148,0.144124253880545,0.16669352259834835,0.2882680710178491,0.019149764407862202,0.07582174463083063,0.08287861730921525,0.26532541207200017,0.18418592021374885,0.2926059727766952,0.08003256858964769,13.5,8.55,-0.3818941555601792,-0.4082954614588094,0.6273614586336571,0.5450384063838025
880,1982,RI,0.129639916124258,0.08790050885230488,0.12425738049641102,0.250445239470666,0.12998623852122437,0.12050486811252992,0.15726584842260583,0.034552005796375886,0.12677509884952087,0.12261741987677113,0.3093782238216211,0.16194669150179586,0.1994226548146124,0.045307905339302734,-13.5,-8.7,0.27537012356520074,0.21231039978768176,0.7552694398460849,0.7222292834648643
881,1982,VT,0.21964102350875073,0.12477619449540714,0.15085640428452046,0.23767460974979182,0.09793971151782488,0.0792320243629111,0.08988003208079387,0.056870688835810985,0.18790299062114155,0.1557519522122828,0.3103050656115493,0.12787375693957415,0.13390036269334715,0.027395183086294073,-6.300000000000004,0.04999999999999716,-0.31751223180854277,0.2805374679593769,0.8387044542203588,0.830887943556295
882,1982,MT,0.08933214140329902,0.06543007045751222,0.10007771888812383,0.23405569386555414,0.14242256666793784,0.1478874565764593,0.22079435214111365,0.030675744753814134,0.11469417839449639,0.11424344560763375,0.30372413725344344,0.1684903915597431,0.2172361396937802,0.050935962737089,6.099999999999994,5.449999999999996,-0.5355178788109629,-0.2932359434559017,0.7318278975691308,0.631318191282427
883,1982,AK,0.10794207011382323,0.07630293167729224,0.11245063722682319,0.24457418168767336,0.13741984518279327,0.13450808928823077,0.18680224482336394,0.029836087277451278,0.11201418523150687,0.11229998144841885,0.3021348905898562,0.16988888689182868,0.22148858206199074,0.05233738649894737,3.5999999999999943,6.7499999999999964,-0.3174122307358623,0.44955612984216115,0.7261740314390619,0.6786896658884053
884,1984,,,,,,,,,,,,,,,,,,,,,
885,1984,NY,0.12729717852906855,0.0867026114303889,0.12310629832088588,0.2500742959850398,0.1308316999902941,0.12192895034279272,0.16005896540153008,0.03619277455667006,0.13174804534448772,0.1258831016076964,0.311049600397571,0.15917615858580225,0.19267785684142358,0.04327246266634899,-5.0,-4.5,0.2258739861515394,0.24541837913779713,0.7640496804922274,0.7180120842556772
886,1984,OH,0.08997822862518964,0.0658223280875389,0.10054553008597142,0.23452775144293941,0.14228494724764756,0.14740577173457348,0.21943544277613958,0.029964230485608055,0.11242466706908447,0.11259969496881439,0.30238673414761097,0.1696762857881643,0.22082968319079832,0.0521187043499195,0.10000000000000142,0.4499999999999993,0.0025566013346205595,-0.12617844314474663,0.7270516124592822,0.633158785489287
887,1984,ID,0.11042539669546925,0.07768818623128801,0.11393750054510707,0.24555152055039958,0.13662948839362532,0.1328133531211474,0.18295455446296338,0.02574642861925441,0.09862867171914788,0.10211664975947171,0.29211704656924276,0.17640552962241307,0.2445966340922231,0.06038903961824704,13.600000000000009,14.700000000000003,-0.593413822231833,-0.38414056838718963,0.6950143262895299,0.6842320924158892
888,1984,MI,0.10883297378219169,0.07680164755050524,0.11298829243681718,0.24493503515311943,0.13713875468307757,0.13389742172442543,0.18540587466986347,0.03143442921401561,0.11709617481755182,0.1159586460100851,0.3050405111313404,0.16721761098942478,0.21352186119951877,0.04973076663806353,0.4000000000000057,-0.6499999999999986,-0.06814497717495353,0.04105502858038487,0.7367473721624177,0.6806967036057111
889,1984,GA,0.1150458156471569,0.08022526740240817,0.11660736704148353,0.24714177889654038,0.13510731045096813,0.12972277385806996,0.17614968670337294,0.028209260817021284,0.10675622941602918,0.10839514538966874,0.2986290084992141,0.17255364108322835,0.23018018242345728,0.05527653237138108,1.4000000000000057,-4.150000000000002,-0.022593709276218822,-0.4698971993012931,0.7145432852051616,0.6941275394385571
890,1984,NE,0.07841463286830523,0.05863711636893794,0.09172497584220632,0.224685173819576,0.1441700966557296,0.15612948072705568,0.24623852371818922,0.02556955742985415,0.09803708199858246,0.10164802260446595,0.2915876166578618,0.17667030443549758,0.24569567700001427,0.06079173987372377,11.799999999999997,13.299999999999997,-0.5503503054566596,-0.20262075879748762,0.693512583126262,0.5976319955547551
891,1984,MA,0.13042672039317144,0.08829992328431616,0.12463760831646373,0.2505573327939617,0.12970085436672607,0.12003131426682823,0.1563462465785327,0.049526188102267506,0.1692659472731593,0.14723210561810118,0.31389185540357806,0.13804350479478933,0.15047364098060156,0.03156675782750307,-7.599999999999994,-8.2,0.24554519723433813,0.34280623833025886,0.8179596011918954,0.7236224391546391
892,1984,KY,0.09651129260145565,0.06972845729568676,0.10511694933361132,0.23883901158374093,0.140725133246975,0.1425961051454152,0.20648305079311513,0.04336114110842646,0.15253837415771823,0.13841960568841433,0.31452971911102995,0.147427377360135,0.16760557983612945,0.03611820273814659,1.2000000000000028,-0.1999999999999993,0.03323050050033778,-0.35551132008580016,0.796276217425724,0.6509208440614697
893,1984,MO,0.0849108500116889,0.06271671779608808,0.09679824288151143,0.23058813794692803,0.14327059309921913,0.1512066706901064,0.23050878757445803,0.030136379420206093,0.11297527280307158,0.11300055839035697,0.30271972291337146,0.16939017486262398,0.21995019624121537,0.05182769536915455,1.2000000000000028,0.8500000000000014,0.051730543703656,-0.21677797464791765,0.7282221083896301,0.6182845417354356
894,1984,NC,0.11576697602052716,0.08061655845813917,0.1170129642197629,0.24736442571993633,0.13486437466133672,0.12924782525826795,0.17512687566202978,0.030125342459820362,0.11294000075309173,0.11297491877304894,0.302698556522118,0.16940853488559582,0.2200063882663288,0.05184625833999634,3.1000000000000014,0.8499999999999979,-0.08928923632959737,-0.3719481313649777,0.7281473533936749,0.6956252990797023
895,1984,AR,0.09177697148331211,0.06690872204976982,0.10183286215306975,0.23579739137221806,0.14188502792943286,0.1460700182368755,0.21572900677532192,0.024517901533018933,0.09449737815629254,0.09881075986324322,0.28825290762648265,0.17820183328997863,0.2524208776476251,0.06329834188335892,1.7000000000000028,-0.4499999999999993,-0.10211466851703914,-0.5214444814177095,0.684280780469016,0.6382009749878026
896,1984,MN,0.11319150262618637,0.07921333073380409,0.11555076674550727,0.2465381162964091,0.13572563059188691,0.13095324879397952,0.17882740421222676,0.03519148806148338,0.1287230674810429,0.12390910629342969,0.31007565457092434,0.1608652041426385,0.19674240937240683,0.04449307007807435,-9.299999999999997,-8.7,-0.19199721743089507,0.05209598223070961,0.7587645205495188,0.6902193469937937
897,1984,TN,0.07966796506285724,0.05943287594636805,0.09272795347654025,0.22590360711027063,0.14403289922855061,0.15517792658898089,0.24305677258643232,0.027704091063730764,0.10510571929279935,0.10714409745179118,0.29741755927066005,0.17336493538069864,0.23300821559467033,0.05625538194564972,-1.0,-1.5,-0.06852231736571626,-0.37254701208213753,0.71073640245968,0.6017653008245868
898,1984,KS,0.09952890909086957,0.07149595732646037,0.10713323988925316,0.2405636794115189,0.1399145152887462,0.1404173665157631,0.2009463324773887,0.021961487231038305,0.08573216950619278,0.09153682046776773,0.2786805500850235,0.18152559584158845,0.2702427938734222,0.07032058299496702,7.5,7.349999999999998,-0.37808172247069094,-0.24401667281202533,0.6594366231316108,0.6586363010068482
899,1984,WI,0.09167803287196233,0.06684918224597644,0.10176262669153552,0.23572923642164167,0.14190764702966835,0.1461432793760934,0.2159299953631223,0.0334325505625581,0.1233346455150695,0.12029659430475695,0.308006819639383,0.16384218724746702,0.20428146320189922,0.04680573952886624,-4.599999999999994,-3.6999999999999993,-0.06076239489175918,0.08690783072702636,0.7489127972692345,0.6379267252607843
900,1984,IN,0.09349231307232077,0.06793699350196038,0.10304004722823992,0.23694859117025152,0.14148189441815118,0.14480399497701457,0.21229616563206166,0.025721573882860803,0.09854560342000995,0.10205094314353604,0.29204317899473486,0.17644285165309614,0.2447505337306627,0.060445315175099545,2.9000000000000057,4.100000000000001,-0.28806824510339,-0.3085160496517295,0.6948041510942379,0.6428998393909238
901,1984,CT,0.12467443993807402,0.08534615030223629,0.12178353120220023,0.2495907386331621,0.13176957286712687,0.12354834831606265,0.16328721874113783,0.034533959855117834,0.12671994545777085,0.1225806132648033,0.30935765791299846,0.16197723183547819,0.1994992747431389,0.04533131693069248,1.9000000000000057,-0.29999999999999716,0.06119912438029985,0.25584469629998885,0.7551694083261686,0.7131644329427995
902,1984,NJ,0.09193867417099134,0.06700597817002639,0.10194751017399639,0.2359083659457218,0.14184790809269493,0.14595033682993241,0.21540122661663674,0.03351052879958115,0.12357556042524771,0.12046075577537013,0.30810879280485526,0.1637101388087039,0.2039359049179995,0.04669831846824235,1.3000000000000043,1.3000000000000007,0.20392371753397842,0.2458855889583204,0.7493657766137581,0.6386484365534308
903,1984,AL,0.09200892323697919,0.06704820854515835,0.10199726188075531,0.23595641647769844,0.1418317235760646,0.14589836447303084,0.21525910181031327,0.023161406509777,0.08987498236031666,0.0950191545508614,0.28344807924488824,0.18004757643877428,0.26160412006573364,0.06684468082964878,1.7000000000000028,-0.10000000000000142,-0.03617654214053668,-0.49557957426434507,0.6715511991046176,0.6388425337166559
904,1984,OR,0.15296985618982784,0.09913707582480119,0.13425233873744946,0.25145654800667766,0.12136571530061724,0.10743457830187952,0.1333838876387471,0.043206462156478935,0.15210532930220075,0.1381765586535911,0.3145089563242544,0.1476723017830558,0.16808192465252803,0.03624846712789098,-2.8999999999999986,-2.650000000000002,-0.19197693476544203,0.27304439098157884,0.795669608219581,0.7591815340593734
905,1984,SD,0.09282041859495942,0.06753512183173162,0.10256955887156982,0.2365044767891608,0.141642235553174,0.14529894472367966,0.21362924363572466,0.020353158264614857,0.08009850342974781,0.08667217186537131,0.2714436989560892,0.18320995112601773,0.2826497207570513,0.07557279560110775,4.200000000000003,7.0,-0.49398474001681314,-0.3489315881547282,0.6417774836418408,0.6410718116405957
906,1984,LA,0.09084526981112005,0.06634703930889867,0.1011688176413442,0.235147866150144,0.142095195908228,0.1467609046432784,0.2176349065369867,0.02785247298316304,0.10559139941833881,0.10751349271572033,0.2977797162385595,0.17312758316245525,0.23217093894742535,0.05596439653433771,2.0,1.25,0.047775609341344595,-0.30910922058358153,0.7118646645182369,0.6356041888197349
907,1984,DC,0.2805559541978276,0.14070069507165994,0.1549322928990236,0.21559075332616862,0.0801341342370665,0.06154988110142645,0.0665362891668273,0.122934861455342,0.30673781566676034,0.17863906981689637,0.24274566067958092,0.07252991333931347,0.06444028752395348,0.011972391518153436,-45.099999999999994,-41.2,0.3819342737113112,0.47630581382542087,0.9235873209578931,0.8719138297317462
908,1984,CA,0.11669517486416654,0.08111832706220219,0.1175306524969916,0.24764120367504422,0.13454977679442437,0.12863949506442873,0.17382537004274234,0.03643055736003745,0.1324619383265438,0.1263433341953842,0.3112605810300277,0.1587760856137196,0.1917354883400989,0.04299201513418838,-1.2999999999999972,0.3500000000000014,-0.0016347489769021925,0.3957935846074489,0.7652724965257127,0.6975351348928289
909,1984,CO,0.10784137584924142,0.07624644096089186,0.11238956874709052,0.2445326652034101,0.1374514358771094,0.13457729691525178,0.18696121644700492,0.03497132306289594,0.12805382586363523,0.12346715266627065,0.30984235492906065,0.16123735907207948,0.19765758536162892,0.04477039904442914,4.600000000000001,4.5,-0.3391572048343454,0.05359640637473284,0.7575720155939419,0.6784614866377433
910,1984,NM,0.0961541122436582,0.06951771808506936,0.10487436821180873,0.23862413743928912,0.14081762716710988,0.14285590238805634,0.20715613446500836,0.026400255293831915,0.10080630293296938,0.10382800004491621,0.29399916020986516,0.17541105809277358,0.24061081138962392,0.058944412036019855,0.9000000000000057,2.5500000000000007,-0.07517599688395298,0.06416437072690276,0.7004447765743562,0.6499879631469353
911,1984,IL,0.124297887579325,0.08515005974250403,0.12159062263451165,0.24951520678949718,0.13190338857858386,0.12378303603246621,0.16375979864311208,0.03470243738955689,0.1272344689648897,0.12292347779923682,0.30954775169173765,0.16169214476113802,0.19878607068910648,0.04511364870433443,-2.5999999999999943,-1.8499999999999979,-0.020548719821470884,-0.027481443523058195,0.7561002806065591,0.7124571653244217
912,1984,PA,0.11328183946082827,0.07926282376068274,0.11560270091333755,0.24656858049025598,0.13569572799124296,0.13089299588310654,0.17869533150054595,0.03417726092230313,0.12562771122776464,0.12184904244524736,0.308940954723095,0.1625810607090351,0.20102506241248974,0.045798907560064994,-5.5,-3.3000000000000007,0.05326478888113196,-0.16494915949346062,0.7531760300274453,0.6904116726163475
913,1984,TX,0.09867792683170115,0.07099984783023922,0.10657059918916315,0.24009348150727133,0.14014821588608295,0.14102879636653787,0.20248113238900434,0.02677373876546014,0.10204371770504735,0.1047909156879478,0.29502281878358505,0.1748328470102617,0.23838698880880604,0.0581489732388919,4.800000000000004,4.699999999999999,-0.17381578156866515,-0.3128823433312608,0.7034640379523021,0.6564900712444578
914,1984,SC,0.11665339141961117,0.08109578454358521,0.1175074533198465,0.24762897893115876,0.1345639837675674,0.1286668074547992,0.17388360056343177,0.026852955171994743,0.10230556968955157,0.10499379663346267,0.29523525603443346,0.1747093370285765,0.2379201511815926,0.057982934260388475,4.800000000000004,1.749999999999993,-0.18860515995543514,-0.3324030728480662,0.7040969145580189,0.697449591981769
915,1984,MS,0.10461472749141218,0.07442293612886441,0.11040008967730061,0.24312168867967793,0.13844315924636508,0.13681484818404466,0.19218255059233513,0.022380275474208195,0.08718387190749788,0.09276618661502407,0.2804026644033344,0.18102859533454368,0.2671703109826057,0.06906809528278612,3.1000000000000014,0.8999999999999986,0.05326486048431927,-0.6021715127478522,0.6637615937346082,0.6710026012236202
916,1984,IA,0.10148859098112176,0.07263147683267082,0.10841131932904668,0.24159961846787165,0.13936211915615115,0.13901858299664305,0.1974882922364949,0.02778049048265903,0.10535587970003864,0.10733449422374888,0.2976046913581108,0.17324282863049933,0.2325764230870221,0.05610519251792123,-5.5,-2.450000000000003,-0.25364703651844933,-0.06739529913341509,0.7113183843950567,0.6634931247668621
917,1984,MD,0.1183643451817331,0.0820154029776178,0.1184493796199424,0.2481117441351356,0.13397890230566134,0.12755397269084878,0.171526253089061,0.03275402189751041,0.12123028850817376,0.1188520768247584,0.30707708430117386,0.16499069198361482,0.2073348482010221,0.04776098828374664,-6.299999999999997,-6.399999999999999,0.07145758242302093,0.19421041261674635,0.7449041635152313,0.7009197742200902
918,1984,WA,0.14265761050260953,0.09432370603127596,0.130151599898793,0.2515595619837779,0.125200733637863,0.11296910016023809,0.14313768778544256,0.04278474909293868,0.15092128244860908,0.1375081299936521,0.31444184517637996,0.1483422709271759,0.16939350389802854,0.036608218463215714,-3.0,-2.0,-0.19168027615574182,0.3498666218666781,0.7939982776387557,0.7438932120543194
919,1984,VA,0.10475679477594203,0.07450376876886895,0.11048902621124881,0.24318716715740718,0.13840037430464347,0.13671552806262943,0.19194734071926012,0.03353216900256597,0.12364238451567186,0.12050624622635675,0.30813691696483947,0.16367349222925165,0.20384019936154163,0.046668591699772666,3.5,2.8999999999999986,0.05428658813735765,-0.0820899222211616,0.7494912089386857,0.6713371312181104
920,1984,FL,0.09164077833090042,0.06682675648566591,0.1017361628651765,0.2357035230362563,0.14191614572658912,0.1461708718228023,0.21600576173260944,0.023718970485101368,0.09178272083902,0.0965959480581494,0.2854948680794533,0.17930888092625147,0.25775740509278344,0.06534120651924102,6.5,5.649999999999999,-0.15313696572923927,-0.1478974785618333,0.6769013883879755,0.6378233664445883
921,1984,ME,0.1421585324530579,0.09408464925528853,0.1299407634903376,0.25154400737858507,0.12538593609202808,0.11324648355218248,0.14363962777852035,0.035111676657785994,0.12848063416914732,0.12374922761273277,0.3099918985576445,0.1610000871038011,0.1970732553612189,0.044593220537669453,2.0,-1.5500000000000007,-0.05377028032024444,0.03580530924608427,0.7583335241011117,0.7431138886692972
922,1984,UT,0.11354659978183507,0.07940776373386163,0.11575463806454592,0.2466572370965997,0.13560795601239384,0.13071658712984213,0.1783092181809217,0.023314109821345082,0.09039855108975642,0.09545357314029912,0.28401891878882457,0.17984826095907086,0.2605403348687354,0.06642625133196856,15.700000000000003,18.9,-0.5947915267173532,-0.6286199402897802,0.673033413799296,0.6909741946892362
923,1984,OK,0.09517782656646734,0.06894004485237451,0.10420703575866938,0.23802491511089363,0.14106648197980254,0.14356799179434976,0.20901570393744284,0.026235213883833715,0.10025798800372066,0.1033991117192431,0.2935350294547214,0.1756643055289404,0.24160566115440107,0.05930269025513968,9.799999999999997,9.799999999999997,-0.3246723692283915,-0.5930201414812715,0.6990916485904592,0.6474163042682074
924,1984,AZ,0.08257529810261276,0.061262792726137535,0.0950097721126999,0.22858136491718709,0.14364572994285407,0.15297268359858784,0.2359523585999208,0.025472368332481166,0.09771155334615944,0.10138947757257487,0.29129293859762506,0.17681497261572676,0.24630343784394937,0.06101525169148336,7.6000000000000085,8.750000000000004,-0.25739725386405343,-0.06674715013963925,0.6926813104645673,0.6110749578014913
925,1984,WV,0.09198026537910337,0.06703098234472998,0.10197696988639005,0.2359368261618468,0.14183833025372344,0.1459195648521674,0.21531706112203897,0.03579592894109321,0.13055278693375055,0.12510773583991766,0.31068035828098006,0.1598448119091459,0.19426994327849045,0.04374843481662216,-3.6999999999999957,-4.550000000000001,0.0437062688666435,-0.4960215175027834,0.7619816219048874,0.6387633740257936
926,1984,WY,0.10067791269414061,0.07216290938124634,0.10788556639261712,0.24117890062320319,0.13959297122846692,0.13959564564029048,0.19890609404003534,0.030790501913640397,0.1150586866965795,0.11450534985793509,0.30393037821940744,0.16829835924226022,0.21666666974574744,0.050750054324429916,11.700000000000003,11.8,-0.417142658839758,0.030574770094231644,0.7325832759298226,0.6614982603196742
927,1984,DE,0.1188069320326146,0.08225213711513958,0.118690367138652,0.2482307524705677,0.13382648161774413,0.12726796215256353,0.17092536747271847,0.04253232111704155,0.15021014851910805,0.1371039390765944,0.31439418898990884,0.1487448305953979,0.17018773229836148,0.036826839403587774,1.0,-1.25,0.10006252190628023,0.11114285642815735,0.7929854282980507,0.701806670374718
928,1984,NH,0.11214517632431512,0.07863862385394169,0.11494578473602235,0.24617725135205304,0.13607025590351796,0.13165341658023322,0.18036949124991664,0.03596144412088565,0.1310518824026447,0.1254322323018845,0.3108369916836286,0.15956579464368903,0.19360295638931424,0.04354869845795328,9.799999999999997,8.399999999999999,-0.19777353745036766,0.08703456673436664,0.7628483451527325,0.6879770921698501
929,1984,HI,0.07969635980945834,0.0594508559706982,0.09275054065727126,0.22593075579745106,0.14402957581176246,0.15515637001143023,0.24298554194192845,0.037170782412830616,0.13467340576474393,0.1277554346606469,0.3118696037406746,0.15753380469357237,0.1888560298444505,0.042140938883081125,-3.6999999999999957,-5.75,-0.009778069450251512,0.36670392710539784,0.7690030312724684,0.6018580880466413
930,1984,NV,0.07454092030978524,0.05615120766273088,0.08855002396503348,0.22066236185929344,0.14446848540557877,0.15906566049980897,0.2565613402977692,0.025190803226264803,0.0967666412501734,0.10063626905828824,0.29042396657671465,0.17723065896072943,0.24807975645695324,0.061671904470876227,7.0,9.399999999999999,-0.18442072270216492,0.10360616435346053,0.6902483390721705,0.5843729992024218
931,1984,ND,0.060272829111864816,0.04664486091760588,0.07582801289694828,0.20203242409108355,0.14343804929900988,0.16943798270573684,0.30234584097775075,0.019740241229776512,0.07792688590445698,0.08475683509635988,0.268407188298544,0.1837416640521593,0.28764547528346396,0.07778171013523938,6.0,9.75,-0.24145669293094235,-0.3554470235394727,0.6345728145812967,0.5282161763165124
932,1984,RI,0.12862877899644728,0.0873850768933005,0.12376406097271767,0.25029203752750245,0.13035196219100398,0.12111692230245485,0.15846116111657327,0.03743237218582879,0.13545099271602093,0.12824708167913992,0.3120680014698366,0.157096061878499,0.18785761542482005,0.04184787464585471,-7.099999999999994,-10.299999999999997,0.3819342737113112,0.3391549577213923,0.7702945099293252,0.7204219165809719
933,1984,VT,0.22176910957063165,0.12544722764100477,0.15115041933732992,0.23699633009201615,0.0972563262615086,0.07850756976514173,0.08887301733236719,0.06255127992926698,0.20141870967603434,0.1610919326349496,0.3061283486044096,0.1207458791472299,0.12324109862433175,0.024822751383777875,-0.8999999999999986,-3.6000000000000014,-0.19860936353661507,0.3025260724161933,0.8519361499918904,0.8326194129024911
934,1984,MT,0.08636239980591497,0.06361314409908951,0.09789009914097715,0.23177324430278934,0.1430110896763826,0.15011296652231532,0.22723705645253112,0.03428697509504004,0.12596408156583583,0.12207488260239119,0.3090712039634614,0.16239530471278696,0.20055345400461422,0.045654098055870396,1.7000000000000028,3.8999999999999986,-0.34886349432923813,-0.11816986333759381,0.7537924479395154,0.6226499770251536
935,1984,AK,0.10574441821599136,0.07506431159526016,0.11110386347173251,0.243633713630791,0.1381006323290641,0.1360271015564367,0.19032595920072415,0.031422766437404534,0.11705939004390921,0.11593256835628318,0.30502110371603214,0.16723722868887347,0.21357806721991202,0.049748875537585446,7.900000000000006,5.75,-0.21080902085337216,0.47630581382542087,0.7366730572425025,0.6736469392428391
936,1986,,,,,,,,,,,,,,,,,,,,,
937,1986,NY,0.12330744095576526,0.08463267026782961,0.12107958864158577,0.24930904386328967,0.1322542784013293,0.12440296455695177,0.1650140133132486,0.03838076040555049,0.13825304169081112,0.12999780560481586,0.31271668974240685,0.1555153897614141,0.18431886222944205,0.04081745056555952,-5.0,-4.5,0.34243974253009235,0.38371442547793166,0.7748636872049984,0.7105830221297996
938,1986,OH,0.09211414084702893,0.06711143661259539,0.1020717164353678,0.2360282040585146,0.14180741685107706,0.1458205455568855,0.2150465396385307,0.029991263221711688,0.11251119298851275,0.11266277747871134,0.30243942754519487,0.16963139475848077,0.22069114635956,0.05207279764782857,0.10000000000000142,0.4499999999999993,-0.054911353960198424,-0.034507862764905736,0.7272360559926114,0.6391329148045838
939,1986,ID,0.10860867299380035,0.07667627170081033,0.11285337671896986,0.24484527365370234,0.1372097899269361,0.13405088750944816,0.18575572749633285,0.02689759698584878,0.10245304123342483,0.10510792077778125,0.2953542601199259,0.1746396048042319,0.23765780660448477,0.05788976947430258,13.600000000000009,14.700000000000003,-0.5259401938856132,-0.2544053484887649,0.7044524239212127,0.680193384994219
940,1986,MI,0.1112756224937341,0.07815897144376655,0.11443814924952869,0.2458659939240601,0.13635416854880222,0.1322384905482047,0.18166860379190364,0.03174901886296863,0.1180867629553927,0.11665868957775227,0.3055544826543478,0.1666879348341217,0.21201604652049755,0.04924706459491934,0.4000000000000057,-0.6499999999999986,-0.11832516830357201,0.16995731977330564,0.7387368888845831,0.6860929056598917
941,1986,GA,0.11728020306402114,0.08143351061037447,0.11785443966147113,0.2478100655794212,0.1343504229707252,0.1282577955321761,0.17301356258181078,0.029311595270140812,0.11032849796492923,0.11106140386861246,0.3010680419456052,0.17075542576366076,0.22422374368179776,0.05325129150525376,1.4000000000000057,-4.150000000000002,-0.048995216864900215,-0.22639161586224132,0.7225249648129485,0.6987286418860131
942,1986,NE,0.07781216988988814,0.05825311959552472,0.0912386674172114,0.2240853254811754,0.14422927209139175,0.1565868139511173,0.2477946315736913,0.02659930662831147,0.10146638100869601,0.10434250956494473,0.2945492892279707,0.17510375482855367,0.23942089582596182,0.0585178629155616,11.799999999999997,13.299999999999997,-0.5084370127399643,-0.05685689175381097,0.7020612412584766,0.5956185544751914
943,1986,MA,0.1300245403100351,0.08809594164434531,0.1244436494312223,0.2505008077758545,0.12984681505363405,0.12027307862827541,0.15681516715663335,0.051115986220944584,0.1734158548323857,0.14924650843279252,0.31333450638284005,0.13574836320805672,0.14657339079344056,0.03056539012953985,-7.599999999999994,-8.2,0.2724926558921511,0.4736907181790446,0.8228612190770196,0.7229117542150912
944,1986,KY,0.09610047292731702,0.06948604244043086,0.10483786643640763,0.23859166850191582,0.14083145119401774,0.1428949511267147,0.20725754737319624,0.04450502262047176,0.1557201589823923,0.14018214020836428,0.31462137532932366,0.1456299313975723,0.16415942674219985,0.03518194471967584,1.2000000000000028,-0.1999999999999993,0.059365434283416035,-0.2545295709920053,0.8006586285381243,0.6498475015000891
945,1986,MO,0.08597001711970288,0.06337136445056442,0.09759642408439237,0.23145748206130357,0.14308314343239087,0.15040827542504132,0.22811329342660458,0.03146245838880096,0.11718456196666269,0.11602128185520968,0.3050870491338577,0.16717045789982254,0.2133868931845937,0.049687297571052724,1.2000000000000028,0.8500000000000014,0.04660388443993444,0.020164364559419144,0.7369258092443536,0.6214784311483541
946,1986,NC,0.115790126963635,0.08062909888748984,0.11702593575004147,0.24737146244260833,0.13485655394406693,0.12923261171987044,0.175094210292288,0.03142457100176013,0.11706508198232413,0.11593660389948032,0.30502410825948956,0.16723419336482326,0.21356936875191557,0.04974607274020704,3.1000000000000014,0.8499999999999979,-0.06495947130781352,-0.18400464152847917,0.7366845585078774,0.6956731779878416
947,1986,AR,0.09320431691155814,0.06776487970088238,0.1028387516505006,0.236759293155631,0.1415509985470097,0.14501599420548805,0.21286576582893013,0.02521284682311332,0.09684071615303963,0.10069546248887175,0.29049282398582377,0.17719830377085088,0.24793984705215621,0.0616199997261444,1.7000000000000028,-0.4499999999999993,-0.12398485003407345,-0.34052653409963174,0.6904401532216994,0.6421182399655818
948,1986,MN,0.11125379411684413,0.07814690688659126,0.11442534903431953,0.24585804624466917,0.1363612656220009,0.13225321486156139,0.18170142323401361,0.03629208619555572,0.13204641550147128,0.12607571578127433,0.3111386429325551,0.15900901025560177,0.19228322442233403,0.04315490491120777,-9.299999999999997,-8.7,-0.1300836864598993,0.12324611286677706,0.7645618706664582,0.686045361904425
949,1986,TN,0.08179066703154893,0.06077113079464862,0.09440006700781148,0.22787871688965575,0.14375929692909378,0.15356729501592137,0.23783282633132008,0.02830668722927897,0.10707356950626991,0.10863429126609886,0.29885571147825113,0.1723961667680669,0.22964203018021567,0.05509154357181856,-1.0,-1.5,-0.12017688058596074,-0.18026196505988032,0.7152664262479658,0.6085998786527586
950,1986,KS,0.10014375132577173,0.07185326328702808,0.10753686410608737,0.2408956724140236,0.139743294063144,0.13997710241825345,0.19985005238569176,0.022342607665791072,0.087053554422476,0.09265623027086103,0.28025037566840816,0.18107416818920663,0.2674440994809135,0.0691789643023436,7.5,7.349999999999998,-0.3834233672939496,-0.14517854083782886,0.6633769362167429,0.6601728451960548
951,1986,WI,0.09213728361950664,0.06712533990530929,0.10208808277079454,0.23604396467426858,0.14180205997687684,0.14580343307683796,0.21499983597640615,0.03378491633706999,0.12442177770119758,0.12103540580674324,0.308459807980638,0.16324546013005914,0.2027285503544335,0.046324081689858576,-4.599999999999994,-3.6999999999999993,-0.066941507547845,0.1522135841829999,0.7509473679557079,0.6391967309467559
952,1986,IN,0.090058429213078,0.06587094486084691,0.10060340017617217,0.23458575225169886,0.14226763680616078,0.14734604650846694,0.21926779018357634,0.02767499684955846,0.10501040270612833,0.10707147859691957,0.2973459243389097,0.1734113779301898,0.23317303752018081,0.0563127820581133,2.9000000000000057,4.100000000000001,-0.1526072451851649,-0.12534421130829182,0.7105141804217059,0.6333861633079567
953,1986,CT,0.12009694227045456,0.0829394548224327,0.1193865688987871,0.24856413042525177,0.1333798513879234,0.1264386808136052,0.16919437138154525,0.035908508612602925,0.13089235082887862,0.12532862407708367,0.3107873088512984,0.1596550100706361,0.19381581010034166,0.04361238745915863,1.9000000000000057,-0.29999999999999716,0.1800402623612854,0.28488145151825883,0.7625718024404997,0.7043669478048495
954,1986,NJ,0.0902363544268921,0.06597874201245141,0.10073162730995805,0.23471395912751425,0.14222905642985523,0.1472136002717357,0.21889666042159328,0.03509402350066657,0.12842698499216648,0.12371381365929676,0.30997324779460933,0.16102992539768357,0.19714657357195253,0.04461543108362476,1.3000000000000043,1.3000000000000007,0.2773878613478195,0.3814604310830412,0.7582379953444227,0.633889739306671
955,1986,AL,0.09287646947994288,0.06756869107436209,0.10260892403308991,0.23654185865821853,0.14162897765895965,0.1452576075290014,0.21351747156642553,0.024153021769678804,0.0932603231141391,0.09780568273359981,0.2870182019244204,0.1787140734859527,0.2548330219119791,0.06421567506023007,1.7000000000000028,-0.10000000000000142,-0.03493170612410896,-0.27596782516776547,0.6809513030277908,0.6412249209045731
956,1986,OR,0.1533357019046733,0.09930345599617166,0.13438909212771105,0.25143893291992003,0.12122968172163306,0.10724497123654153,0.13305816409334936,0.044619128344492345,0.156035564948643,0.14035463341498924,0.3146247146581799,0.14545198719355124,0.16382288491461927,0.03509108652552495,-2.8999999999999986,-2.650000000000002,-0.17912976031057795,0.42720668458979705,0.8010860285598557,0.7596968646701091
957,1986,SD,0.09276854875823011,0.06750404946749054,0.10253311125999154,0.23646982914964387,0.1416544851494968,0.14533720603217848,0.21373277018296866,0.021000594333581618,0.0823775711355237,0.08865817963475091,0.2744800868443765,0.18257845224133962,0.2775360993473116,0.073369016463116,4.200000000000003,7.0,-0.4743692365784483,-0.21363835416055746,0.6490948841895724,0.6409300237848529
958,1986,LA,0.0903286861713586,0.06603464959922352,0.10079808327821863,0.23478023649170393,0.1422089399127205,0.1471448989195513,0.21870450562722354,0.02922597673366333,0.11005247105112799,0.11085739680760448,0.3008882918391732,0.17089627846942157,0.22467616389699674,0.05340342120201269,2.0,1.25,0.0901171659392125,-0.11751472252069009,0.7219204149009906,0.6341505954532252
959,1986,DC,0.27744612116904516,0.14004612759849283,0.15491714053477512,0.21681005694883415,0.0809578970115643,0.06231972160869237,0.06750293512859606,0.1250800321713062,0.30943854613876226,0.17848830187955755,0.24053644374473238,0.07142608223896763,0.06328956519957762,0.011741028627096362,-45.099999999999994,-41.2,0.4279324124271527,0.5086394721625458,0.924969406173326,0.8701773432627116
960,1986,CA,0.11667820536117424,0.081109172383241,0.11752123180902146,0.24763624149473146,0.13455554717547158,0.1286505866220864,0.17384901515427387,0.03710518446376569,0.13447809209674122,0.12763154555405315,0.31181849457775535,0.15764368532326267,0.1891079487927264,0.0422150491916955,-1.2999999999999972,0.3500000000000014,0.009596091395960581,0.4770805402175297,0.7686770020155781,0.6975003982236397
961,1986,CO,0.1068360448204511,0.07568106129918621,0.11177650337512599,0.24410992592119934,0.13776477715762203,0.13527033672636823,0.1885613507000471,0.03651011202098519,0.13270040334593383,0.12649659018747614,0.3113294785259777,0.15864233716594767,0.19142211333131443,0.04289896542236504,4.600000000000001,4.5,-0.2901194399650982,0.20982606418270533,0.7656789212463205,0.6761683125735847
962,1986,NM,0.09453030100884721,0.06855556020861298,0.10376094899232605,0.23761774625397175,0.1412282496906493,0.14404185612925113,0.2102653377163416,0.02770595684516929,0.10511183088171135,0.10714875230422816,0.29742214613366663,0.173361955973939,0.232997653049278,0.056251704812007586,0.9000000000000057,2.5500000000000007,-0.00458268581045798,0.21338942677636275,0.7107506421387144,0.6456928061544073
963,1986,IL,0.1250370456473259,0.08553465943796124,0.12196858002746905,0.24966200479205264,0.13164050565440455,0.1233228727735779,0.16283433166720873,0.03565916942504144,0.13013977326752735,0.1248384119925463,0.31054806314801175,0.16007549267006738,0.1948242841180311,0.04391480537877468,-2.5999999999999943,-1.8499999999999979,-0.01969776116871404,0.11663945820195333,0.7612609105031942,0.7138427955592134
964,1986,PA,0.11385029818150556,0.07957380919820838,0.11592842152691918,0.24675778321466157,0.1355070337091151,0.13051456713582632,0.1778680870337639,0.0344096555612818,0.1263397642052404,0.12232654710943344,0.30921465310337676,0.16218762419251798,0.2000285391548825,0.04549321667326711,-5.5,-3.3000000000000007,0.04457693877824337,-0.1156169101519417,0.7544782441718504,0.6916173458304098
965,1986,TX,0.09990429591265673,0.07171422085980939,0.10737995654356478,0.24076714013604883,0.13981020997539706,0.14014841611489692,0.2002757604576263,0.027004181572104623,0.10280486559618499,0.10537979325551802,0.2956363203863758,0.174472746025918,0.23703358748900627,0.057668505674892345,4.800000000000004,4.699999999999999,-0.19960832722538854,-0.22846051531912917,0.7052979068361014,0.6595758234274768
966,1986,SC,0.11283093496232675,0.07901558714008779,0.11534300684833015,0.24641543144225986,0.13584475015056885,0.13119405353296465,0.17935623592346195,0.02874442215117941,0.10849549650917943,0.10970035610293977,0.2998472817051404,0.1716849711126398,0.22725247024592776,0.054275002172993414,4.800000000000004,1.749999999999993,-0.06412012963818615,-0.1594260313995589,0.7184725275810788,0.6894497105435734
967,1986,MS,0.10401809749722837,0.0740829193052813,0.11002522779012974,0.24284325204600793,0.13862190460419466,0.13723275128064816,0.19317584747650984,0.023183590284555407,0.08995109405854097,0.09508238528597988,0.28353149483886697,0.18001876635433423,0.2614490939705446,0.06678357520717793,3.1000000000000014,0.8999999999999986,0.08818846180346869,-0.4688132500329,0.6717673308222775,0.669591401242842
968,1986,IA,0.09745361402681219,0.07028287850984899,0.1057529269475937,0.23939485518104586,0.14047750335369258,0.1419126082912301,0.2047256136897766,0.029232119774342806,0.11007228369322714,0.11087205121586335,0.3009012417722612,0.17088617842399623,0.22464364710897478,0.05339247801133451,-5.5,-2.450000000000003,-0.12252365088503357,0.004834146986371407,0.7219638748796907,0.6533617780189933
969,1986,MD,0.11633871935042023,0.08092588039191528,0.11733242260249438,0.24753620605636162,0.13467084136561158,0.1288727157150532,0.1743232145181437,0.03425365820086482,0.12586197538689198,0.12200637916690385,0.3090318476811431,0.16245171090058752,0.2006964497537005,0.04569797890990823,-6.299999999999997,-6.399999999999999,0.14181126098310531,0.3267926062572814,0.7536055713363913,0.6968040697668031
970,1986,WA,0.14506570291866086,0.09546920419428911,0.13115254930305434,0.2516067673331229,0.12430617724836768,0.1116432678722018,0.14075633113030328,0.04367377462280937,0.15341159539186294,0.13890739381388054,0.31456548955932145,0.14693368756158198,0.166650432117044,0.0358576269334997,-3.0,-2.0,-0.2233594526101552,0.5086394721625458,0.7974919409494562,0.7476004009974949
971,1986,VA,0.10642608132602671,0.07544978616290723,0.11152474297011641,0.24393319891654536,0.13789145486224175,0.13555402710041864,0.1892207086617439,0.03407826197998756,0.1253238726336563,0.1216446293860434,0.30882182488643123,0.1627486915604638,0.2014523830860815,0.04593033646733624,3.5,2.8999999999999986,0.02410112635410811,0.04978987520739756,0.7526172804465823,0.6752252642378375
972,1986,FL,0.08874383447046362,0.06507195373254264,0.09964923536500545,0.23361834870034692,0.14254499389005837,0.14832688348985157,0.22204475035173143,0.024765804785894116,0.09533521416927844,0.09948749758293315,0.2890684907909806,0.17784787733105567,0.2508055897688942,0.06268952557096374,6.5,5.649999999999999,-0.048565317728814214,-0.07765764346471088,0.686504884660142,0.629628366158417
973,1986,ME,0.140575463711898,0.093322598715498,0.12926421177690925,0.25148121907405274,0.12597282857057923,0.11413230698682497,0.1452513711642378,0.036006636774907765,0.13118801208759356,0.1255205572348919,0.310879102209244,0.1594896444843289,0.19342158049274694,0.043494466716286984,2.0,-1.5500000000000007,-0.009584358156856647,0.10363222451976252,0.7630839527909661,0.7406163218489372
974,1986,UT,0.11674188050734965,0.08114352014120735,0.11755657292178648,0.2476548424981409,0.13453389124622195,0.12860897323862908,0.1737603194466646,0.023896338177390727,0.09238731212874833,0.09709215100056325,0.28612462668650795,0.17906781197079014,0.2565550948405061,0.06487666519549351,15.700000000000003,18.9,-0.6508627655053749,-0.41353866952328594,0.6785682399640004,0.6976307073147063
975,1986,OK,0.09643428533407045,0.06968304983862564,0.1050647201496975,0.23879288097988816,0.14074513922867415,0.14265208357124248,0.20662784089780162,0.02682290723245358,0.10220627031504866,0.10491689651885461,0.29515486642906363,0.17475622086485343,0.23809703193368803,0.058045806706038094,9.799999999999997,9.799999999999997,-0.34428946259591214,-0.44597095537028275,0.7038571613602739,0.6507200755309559
976,1986,AZ,0.08550109008325772,0.06308189282425004,0.09724402848925356,0.2310756728304596,0.14316741636820196,0.15076153105220447,0.22916836835237264,0.026392017339410018,0.10077895598203332,0.1038066415940711,0.29397616613389727,0.17542373264833766,0.24066029081466656,0.05896219548758408,7.6000000000000085,8.750000000000004,-0.3220543015098589,0.21882357937350894,0.7003775136977494,0.6200701005954229
977,1986,WV,0.08906346200553696,0.06526662991787761,0.09988232814191861,0.2338568510909365,0.14247882440113507,0.1480880476127039,0.22136385682989135,0.037903754447806644,0.13684704627132674,0.12912342876525826,0.31240403486585805,0.15630911191098318,0.18608307450513217,0.041329549233634966,-3.6999999999999957,-4.550000000000001,0.15719360069228358,-0.3611451119446931,0.7725873762612329,0.6305480955574048
978,1986,WY,0.10075385515348577,0.07220687386328793,0.10793499454779873,0.24121877792583163,0.13957148316050838,0.1395414921463659,0.19877252320272165,0.03092557357729993,0.11548717778850763,0.11481248511273762,0.3041698347427682,0.1680720943932179,0.21599992276974134,0.05053291161572737,11.700000000000003,11.8,-0.41645163667758245,0.05282880505053364,0.7334671656145313,0.6616859846509124
979,1986,DE,0.11927095467826876,0.08249982986808402,0.11894185600349388,0.24835297219243463,0.13366622640092263,0.1269689189215829,0.17029924193521317,0.04404026287507862,0.15443177609400136,0.13947337057829154,0.3145970539376859,0.1463572700617567,0.16554356733690245,0.03555669911628345,1.0,-1.25,0.11088239860075642,0.28263837194316316,0.7988997335468141,0.7027318391432039
980,1986,NH,0.11085135740586294,0.0779242702772728,0.11418885684510924,0.2457103330058369,0.1364918417110722,0.13252500413699775,0.18230833661784818,0.03784616902391012,0.13667685464527585,0.12901702936541393,0.3123644435033754,0.15640511433274862,0.18629818229684547,0.04139220683243061,9.799999999999997,8.399999999999999,-0.1381859762640006,0.2705575915921993,0.7723096108707239,0.6851666592451541
981,1986,HI,0.0791295944193276,0.059091566603000606,0.0922985600556554,0.22538506139009626,0.1440941248906964,0.1555866655176914,0.24441442712353234,0.03787793949356267,0.1367707632879056,0.12907575355125633,0.3123863362089323,0.15635214408892495,0.18617944792458374,0.041357615444834406,-3.6999999999999957,-5.75,0.01880641176669969,0.42449832607313914,0.7724629366305819,0.5999989073587763
982,1986,NV,0.07518062819121393,0.05656449571274805,0.08908224159920852,0.22135424397353815,0.14443307798030253,0.1585818171535821,0.2548034953894067,0.02599925144994575,0.0994724465538232,0.10278229909564876,0.2928586779196687,0.1760238238521561,0.2430411592605518,0.059822341868205675,7.0,9.399999999999999,-0.1866930521757769,0.27427123765251954,0.6971364988712425,0.5866146874570112
983,1986,ND,0.06053443536358974,0.04682418731400051,0.07607649972002617,0.2024347376840013,0.14349484497184783,0.16926084099631322,0.3013744539502212,0.02019772967061135,0.07954910515799066,0.08618973276047966,0.27068890222449454,0.18335117094784348,0.2839021108004893,0.07612124843809098,6.0,9.75,-0.2384854646877007,-0.23934494815231527,0.6399766407614197,0.5293647050534656
984,1986,RI,0.12722606409492312,0.0866660464427895,0.12307091005438875,0.25006214915734803,0.13085725656950775,0.12197250898939538,0.16014506469164747,0.03857005013532483,0.13880911756971917,0.13034135556289891,0.31283331228791794,0.15520119258456144,0.18362737459580625,0.040617597263771454,-7.099999999999994,-10.299999999999997,0.4279324124271527,0.43016525269833306,0.7757550281404223,0.7178824263189572
985,1986,VT,0.217268283691508,0.12401777302772052,0.15051377420330386,0.23841937267564978,0.09870696234760357,0.08005046225782098,0.0910233717963933,0.06499100943421586,0.2069954598729376,0.16309227158303485,0.30406792764345997,0.11787083726855818,0.11913004332759236,0.02385245087020116,-0.8999999999999986,-3.6000000000000014,-0.11627668395967317,0.3888801979973251,0.8570175058022065,0.8289261659457857
986,1986,MT,0.08423746847782934,0.062298991729213216,0.09628662340778185,0.2300223648185062,0.14338426814058408,0.1517151379746684,0.23205514545141692,0.035790765532724,0.13053720377551634,0.12509758722805508,0.3106754108507246,0.15985351912910717,0.1942908193298526,0.043754694154020224,1.7000000000000028,3.8999999999999986,-0.26230142370239984,-0.01956350166624233,0.7619544865161272,0.6162297165739147
987,1986,AK,0.10440234087275489,0.07430199973196482,0.11026689972700918,0.24302321203356453,0.138506962628122,0.13696346505799006,0.1925351199485945,0.03198161864207477,0.11881715264385903,0.11717212696328652,0.30592284392132046,0.16629573290590094,0.210915287695138,0.04889523722842026,7.900000000000006,5.75,-0.16835760675277783,0.5060456455627215,0.7401894750764417,0.6705014149934154
988,1988,,,,,,,,,,,,,,,,,,,,,
989,1988,NY,0.12343895035473078,0.08470150275975065,0.12114774606993345,0.2493370472279549,0.13220778080965268,0.12432043229646794,0.1648465404815096,0.040571917768584834,0.14462582419092734,0.13385827853903115,0.3138221200419882,0.1519085252136223,0.17659976778631437,0.038613566459531845,-5.899999999999999,-5.449999999999999,0.39582169012597024,0.5177509984815466,0.7847866657541538,0.7108330272220225
990,1988,OH,0.08837506482099973,0.06484701767443733,0.0993794237755764,0.23334052297902114,0.14262030301131812,0.14860271431254568,0.2228349534261016,0.030404612327650068,0.11383128111328289,0.11362112784452744,0.3032265240562332,0.16894330401046043,0.21859266977376535,0.05138048087408065,1.6000000000000014,0.8500000000000014,0.04573531268210531,-0.07871909263732635,0.730026849352154,0.6285623322613527
991,1988,ID,0.10746572631121915,0.07603547553936349,0.11216120741190364,0.24437646313035405,0.13756895957718973,0.13483581646817588,0.18755635156179407,0.030512076438582447,0.11417357685074961,0.11386837965856653,0.30342550310934113,0.16876392955954245,0.21805313469834942,0.05120339968486842,8.700000000000003,11.150000000000006,-0.33873750164669236,-0.17956363538666992,0.7307434656167822,0.67760783197003
992,1988,MI,0.10463051599766529,0.07443192186919101,0.11040997969976904,0.24312898112043424,0.1384384085790651,0.1368038067342543,0.19215638599962104,0.032890987562181326,0.12165623091190801,0.11914599751497193,0.30727097307980833,0.16475896494132225,0.20671169998218075,0.0475651460076274,0.20000000000000284,0.30000000000000426,0.034437744425346445,0.21082637923280267,0.7457231540101918,0.6710398072661247
993,1988,GA,0.10171178738764478,0.07276019311002618,0.10855534030188699,0.24171353702643716,0.13929799935674936,0.1388601033801159,0.19710103943713964,0.02574385468647741,0.09862007022453344,0.10210984747221676,0.29210940492882465,0.17640939637507136,0.24461256358288697,0.060394862729989396,6.399999999999999,3.8999999999999986,0.0379910316216337,-0.33935368150388256,0.6949925736871236,0.6640388571827445
994,1988,NE,0.07886450279537664,0.058923224917570086,0.09208633410593345,0.22512706430898102,0.14412301116325638,0.15578793321744067,0.24508792949144176,0.029879283869574585,0.1121526167866844,0.11240114003999391,0.302220167451871,0.1698172564484942,0.22126606411821792,0.052263471285163954,6.800000000000004,9.3,-0.37545500900682977,0.008065522357791646,0.7264704645966181,0.5991241372911176
995,1988,MA,0.12724154475326063,0.08667400716789794,0.12307861586009311,0.2500647978694879,0.1308516938137262,0.12196302519567848,0.16012631533985577,0.05245061800095468,0.17684955044479886,0.15086221132381053,0.3127644465047354,0.13386179941698817,0.14344123165812772,0.02977014265058464,-8.0,-7.799999999999997,0.3340336503203838,0.5560066887428948,0.8267886256912876,0.7179106594644658
996,1988,KY,0.09174002075208933,0.06688648858731684,0.10180663899898743,0.23577196009598816,0.14189348378415273,0.1460973762067561,0.2158040315747094,0.042530513686272954,0.1502050501993651,0.1371010338985776,0.31439382725821835,0.14874771708975276,0.1701934441006595,0.036828413767153734,2.1000000000000014,1.6500000000000021,0.10237307230894105,-0.40181639029735106,0.7929781421321868,0.6380985922185345
997,1988,MO,0.08654657138486752,0.06372648920910634,0.09802756518831171,0.2319202906483157,0.14297679372305283,0.14997445084187366,0.22682783900447223,0.03206049303277284,0.11906443693484883,0.1173454354169503,0.30604553692520303,0.16616264017275295,0.21054442399736584,0.048777033520106206,-1.6000000000000014,-0.1999999999999993,0.06685111651517502,-0.0023389620648707255,0.740678542482528,0.6231977101536541
998,1988,NC,0.10610859069086356,0.07527039160723425,0.11132906750931351,0.2437945902237601,0.13798910959590183,0.13577415323352138,0.18973409713940537,0.030813953033226836,0.11513312335286752,0.11455876230287246,0.30397220729291863,0.16825909332930322,0.21655063606490266,0.050712224623908675,4.600000000000001,3.8500000000000014,0.07103492396294667,-0.2305968642636404,0.7327371393111887,0.6744917496270733
999,1988,AR,0.08508536391411729,0.06282478240003468,0.0969303051896889,0.23073309650461277,0.14324042747906807,0.15107500265786455,0.23011102185461374,0.024194699286279348,0.09340185672290294,0.09792103122453841,0.28716132762564917,0.1786561109408804,0.25455538705930614,0.06410958714044357,3.0,2.3500000000000014,0.008484512306364966,-0.5128991494619516,0.6813350258002503,0.6188139754875217
1000,1988,MN,0.10896379939540195,0.07687471688457674,0.11306684432250882,0.24498705286082767,0.13709724138781854,0.13380799872629434,0.18520234642257194,0.03668913159093216,0.13323631675591668,0.12684013745960923,0.31148145157375484,0.1583415659314995,0.19072040806114543,0.04269098862714216,-7.5,-8.399999999999999,-0.07844083965562414,0.12977790576912132,0.7665886033117124,0.6809896548511337
1001,1988,TN,0.07692265861753585,0.05768439915732561,0.09051564748866198,0.22318256613278134,0.1443083098722841,0.15726177194712898,0.25012464678428215,0.026810409695142038,0.10216496076248707,0.10488489222807768,0.29512136212906637,0.17477570833596157,0.23817067121809576,0.05807199563116949,4.5,1.75,-0.08147872304868778,-0.24142453596487445,0.7037573331507347,0.5926135812685889
1002,1988,KS,0.09869977659792421,0.07101260879874023,0.10658510378925218,0.24010571101394101,0.14014226402307495,0.14101306750083542,0.202441468276232,0.024139489285403284,0.09321435485269908,0.09776819925177209,0.286971612457189,0.17873286252922538,0.2549232867429114,0.06425019488079975,2.3999999999999986,4.949999999999999,-0.2435251773498333,-0.15892066277038816,0.6808265183762888,0.6565454642229326
1003,1988,WI,0.08916424710703243,0.06532796045992832,0.09995568026534074,0.23393161496918863,0.1424577890589679,0.14801278444114152,0.22114992369840047,0.03645260577061173,0.13252804754031217,0.12638584502143066,0.3112797602208976,0.15873901217631636,0.19164854154129174,0.04296618772913974,-5.600000000000001,-5.099999999999998,0.09314361584861387,0.19355889995148676,0.7653852707295685,0.630837291860458
1004,1988,IN,0.08443162906786299,0.062419559211394346,0.09643447541559241,0.23018655084368964,0.14335193893191978,0.15156846328017914,0.2316073832493617,0.028733397026577602,0.10845976044959033,0.10967367348190463,0.29982284286390376,0.17170295396599122,0.22731209235214667,0.0542952798598858,6.399999999999999,4.650000000000002,0.014829106961354591,-0.13093825838509981,0.7183926277879675,0.6168241534704592
1005,1988,CT,0.11592777887292793,0.08070363545992684,0.11710299952527589,0.2474131601564647,0.13481002544341536,0.1291421973527188,0.17490020318927046,0.037733692575194995,0.13634415048731582,0.1288086824614291,0.31228594941809296,0.15659273648482397,0.1867196704939228,0.04151511807922037,-1.3999999999999986,0.25000000000000355,0.2859951325230692,0.4385380687914684,0.7717652114268568,0.6959575994580107
1006,1988,NJ,0.08477006885406019,0.06262948356943207,0.09669154906475769,0.23047070068974626,0.14329471767588092,0.15131292068443347,0.2308305594616894,0.03727183275140629,0.13497402469288172,0.1279458077316373,0.3119472658565545,0.15736462397310147,0.1884691811525091,0.04202726384190958,2.8000000000000043,2.0500000000000043,0.4485993338840731,0.5107368569342893,0.7695035550055813,0.6178565198538771
1007,1988,AL,0.08669568091992354,0.06381819130543524,0.09813868548059407,0.23203880134267985,0.1429488061537656,0.14986234983840352,0.2264974849591982,0.022195890468161728,0.08654548297728457,0.09222678399631382,0.279652324398342,0.18125006001199795,0.26851532387214305,0.06961413427575691,5.800000000000004,3.7500000000000036,-0.008102639587441668,-0.4246503982007527,0.6618705418521,0.6236401652023983
1008,1988,OR,0.15638677423616867,0.10067945584457408,0.13550703092429217,0.2512575756881565,0.12009614636838972,0.10568113648530586,0.130391880453113,0.04745974889180468,0.16377302772272773,0.14446132090868444,0.31439650465414753,0.1411042759720882,0.1558399713293276,0.032965150521219844,-6.799999999999997,-4.849999999999998,-0.14099653633672074,0.5100902968946949,0.8111948781494526,0.7639269830615811
1009,1988,SD,0.09528806606506979,0.0690053957676375,0.10428270411100019,0.2380934572190858,0.14103867728550867,0.14348744106217237,0.20880425848952566,0.023735685468183783,0.09183974393761118,0.09664282028893055,0.28555464951556525,0.17928628337806862,0.2576436653671834,0.06529715204445719,-0.6000000000000014,1.8000000000000007,-0.3426695437785679,-0.22342571199878689,0.6770591825883594,0.647708300448302
1010,1988,LA,0.08825829386863757,0.0647757181668207,0.09929379069025676,0.23325195368975887,0.14264391628576956,0.1486901162520753,0.22308621104668125,0.028921371256917447,0.10906849896662922,0.11012742067892889,0.3002357835971412,0.17139588540350625,0.2262994894417455,0.053951550655131464,0.8999999999999986,1.4499999999999993,0.1363011757359303,-0.22543170722942404,0.719748959903123,0.6282236727012435
1011,1988,DC,0.279366835332365,0.1404523343764592,0.1549286429557432,0.2160576872455976,0.08044809227121608,0.061842803801954505,0.0669036040166644,0.13076721033907274,0.3163185773942044,0.17794468024835075,0.23477232754564104,0.06862933716677011,0.060403950671750084,0.011163916634210902,-39.099999999999994,-42.099999999999994,0.4574588256287706,0.6479764997686815,0.928432132694039,0.8712535921813811
1012,1988,CA,0.11671174087884052,0.08112726339491456,0.11753984761730632,0.24764604436957338,0.13454414295091177,0.12862866831374753,0.1738022924747059,0.0399301358784076,0.1427737337689301,0.1327536098332902,0.3135521682412014,0.15295777781646336,0.1787975220592064,0.039235052402500914,-2.299999999999997,-1.7999999999999972,0.10478726147366901,0.5380194314575001,0.7819674255382927,0.6975690392115466
1013,1988,CO,0.10329246290087311,0.07366818529341183,0.10956633805904195,0.24249703120615324,0.13883721812396588,0.13774273516372382,0.19439602925283017,0.04096734139751187,0.1457610473484044,0.13452840917054268,0.31396745996372116,0.1512652505272175,0.17527053561918127,0.038239955973421114,-0.29999999999999716,2.150000000000002,-0.07982136620009314,0.3036376165056037,0.7864895084073976,0.667861235583446
1014,1988,NM,0.09482702078018254,0.06873187790404889,0.10396570739748859,0.23780529715732412,0.14115445308876373,0.1438245612731882,0.20969108239900391,0.030207839435281294,0.11320354999115825,0.11316636354022469,0.3028561655092597,0.1692712473180189,0.21958701610507647,0.051707818100980685,-1.5,-0.29999999999999716,0.10787644009929354,0.25235321350719914,0.7287051657939428,0.6464843563278079
1015,1988,IL,0.12196635093106889,0.08392838108581652,0.12037920682027331,0.2490123189586968,0.13272674836918452,0.1252484428028494,0.16673855103211055,0.03901714102684844,0.1401183483895415,0.13114514522939574,0.3130923684687662,0.15446091892610625,0.18201314467031027,0.04015293328903158,-2.6999999999999957,-2.649999999999995,0.11684905142693311,0.3221922329262444,0.7778339220406582,0.70801300616504
1016,1988,PA,0.10876820205556838,0.07676545530611538,0.11294936352479906,0.2449091895100758,0.1371592857885756,0.13394171887288164,0.18550678494198414,0.03649207415093057,0.13264635158220528,0.1264618733122784,0.3113139308059429,0.1586726580113843,0.19149308301829526,0.04292002911896331,-2.6999999999999957,-4.099999999999998,0.2142740769893716,-0.12816965742457545,0.7655868878627415,0.6805514961851342
1017,1988,TX,0.09753216728455634,0.07032899407822978,0.10580568153063236,0.23944047402932267,0.1404566285906541,0.14185575742774104,0.2045802970588637,0.028266963588653184,0.10694421852346367,0.10853686708969196,0.2987635451347169,0.17246041117993005,0.22986117071488865,0.05516682376865556,2.6000000000000014,3.700000000000003,-0.08852092098269503,-0.24176259342644987,0.7149720055164558,0.6535639455133953
1018,1988,SC,0.0995942457108352,0.07153397196578329,0.10717624610147738,0.24059926505961166,0.13989641357370186,0.14037052144682194,0.20082933614176868,0.027822113195778993,0.10549208621022219,0.10743804337747276,0.2977060486644624,0.17317621301391228,0.2323417997327758,0.056023695805375584,8.100000000000001,6.449999999999996,0.1158494140580057,-0.19185320502995248,0.7116345044618486,0.6588001424114094
1019,1988,MS,0.0963430977231306,0.06962926142028877,0.10500282306004985,0.23873811674577433,0.14076878343520682,0.14271839371840334,0.2067995238971463,0.021805956786393608,0.08519143986186743,0.09107638560516142,0.278024546902808,0.1817045724236545,0.2713999995984129,0.07079709882170215,6.5,4.800000000000001,0.14878451793998512,-0.5411982086901451,0.657802901579885,0.6504820823844504
1020,1988,IA,0.10390994037655782,0.07402118590238319,0.10995703685505473,0.24279217706371464,0.1386541437593234,0.13730864586184632,0.1933568701811199,0.031948711443852806,0.11871392473655651,0.11709970169607131,0.30587132456880983,0.16635124658101175,0.21107037413431007,0.048944716839387725,-8.899999999999999,-7.199999999999999,-0.1147417719964437,0.04877378369967639,0.7399849090263022,0.6693344839570338
1021,1988,MD,0.10871383804907908,0.07673507054765935,0.11291667044611484,0.24488744988127703,0.13717650654389335,0.1339789104022805,0.18559155412969586,0.03484979231276812,0.12768376866864317,0.12322195852831597,0.30971052819421313,0.16144287840258942,0.19816615856824848,0.04492491532522169,-2.299999999999997,-4.299999999999997,0.2724342642504811,0.4059426094206574,0.7569089261065298,0.6804295354680236
1022,1988,WA,0.14724651528770305,0.09649523916716612,0.13203592743566367,0.25161083924578287,0.12349511385785339,0.11046035210011829,0.1386560129057126,0.046924490586872494,0.16233173624628988,0.14371447167796023,0.3144829874313161,0.1419112445588705,0.1572883208012651,0.03334674869742571,-4.899999999999999,-3.9499999999999993,-0.17221753942269355,0.6479764997686815,0.8093649305013092,0.7508836349941691
1023,1988,VA,0.1025388867756838,0.07323608725810447,0.10908630494151839,0.24212856159421492,0.13905833191394934,0.13827433746479167,0.1956774900517374,0.033652785051491683,0.12401457461510335,0.12075926450696747,0.3082922865275815,0.163469229343027,0.20330828972555037,0.046503570230278624,6.300000000000004,4.900000000000002,0.06129471675420445,0.10212529853957905,0.750188140044171,0.6660481724834709
1024,1988,FL,0.08357717018060057,0.0618882287460758,0.09578178250192745,0.22945756516160734,0.14349145156084692,0.1522143139494091,0.23358948789953282,0.025592929740509498,0.09811531783597999,0.10171008819891528,0.29165808229227136,0.17663542617566785,0.2455499292186153,0.06073822653804073,7.5,7.0,0.08523018287803097,0.01248608832201065,0.693711844243344,0.6141961981510581
1025,1988,ME,0.12611047854295349,0.08609087866523701,0.1225122922730632,0.24986462044191782,0.1312572718977355,0.12265837690829096,0.16150608127080202,0.036796083415150116,0.13355602771404018,0.12704451381109466,0.31157023605569045,0.15816201191146628,0.19030346724866198,0.04256765984389632,1.8999999999999986,1.9499999999999993,0.199430766735303,0.21114177567567624,0.7671288729074417,0.715835541820907
1026,1988,UT,0.11983958776716006,0.08280265607542359,0.11924841329780059,0.24849921315079693,0.13346922763325808,0.1266036029034342,0.16953729917212657,0.026698073504846827,0.10179340647160354,0.10459668808421316,0.2948183855840983,0.17495054230708296,0.23883447016295067,0.05830843388520457,12.800000000000004,14.250000000000004,-0.539398517380686,-0.4036837491909432,0.7028570959518448,0.7038590979244392
1027,1988,OK,0.09607579460990875,0.06947146668572929,0.10482106638990987,0.238576712608979,0.14083780549738145,0.14291291958482844,0.2073042346232632,0.029027256545367953,0.10941088749621461,0.11038191282350393,0.300464923442447,0.1712224889774021,0.22573275001717563,0.05375978069788878,4.5,7.149999999999999,-0.224104910271785,-0.4412742737047454,0.7205074692849356,0.6497828457919084
1028,1988,AZ,0.08473227989870513,0.06260605903980226,0.09666288582373217,0.23043910182568694,0.14330116117775366,0.1513414455721298,0.23091706666219003,0.028357411618092205,0.10723866591676333,0.10875853002980454,0.29897286870165585,0.1723140570417897,0.2293627615620345,0.05499570512985985,6.600000000000001,7.100000000000005,-0.21754171110483947,0.29686543715349606,0.7156415333081056,0.6177414877656802
1029,1988,WV,0.08735723885373627,0.06422435052445961,0.09862980772105884,0.23255879430585513,0.14282228144681736,0.1493654845063499,0.2250420426417229,0.0382565252643879,0.137887501681506,0.12977127073356196,0.31263786525793974,0.15572184792327748,0.18477534112415572,0.0409496480151712,-5.899999999999999,-4.799999999999997,0.21644944187140772,-0.4229986516367456,0.774275010860673,0.6255924728519272
1030,1988,WY,0.09929758256796979,0.07136127858980236,0.10698075501256663,0.2404370989364784,0.13997842471426258,0.14058333731043526,0.20136152286848497,0.03299813350491836,0.12198902755710031,0.11937510003368537,0.3074204358528707,0.16457764316335666,0.2062266402146694,0.04741301967339917,7.100000000000001,9.400000000000002,-0.28338818813464806,-0.013435463950550217,0.7463603401119314,0.6580551398210798
1031,1988,DE,0.11167738826262716,0.07838081885058704,0.11467324605553969,0.24601109923518621,0.13622327810501933,0.13196780511633188,0.1810663643747087,0.043922777051310175,0.15410514105670695,0.13929261714946567,0.31458813941267344,0.14654177928390222,0.1658969044351023,0.03565264161083925,2.5,1.75,0.20326622950322862,0.39203258305508687,0.7984504539540584,0.6869658305089594
1032,1988,NH,0.10298338384633368,0.07349113236157181,0.10936988175563372,0.24234700936742704,0.13892821944203593,0.13796052875958964,0.19491984446740818,0.04016181463285024,0.14344369924216221,0.13315483621885577,0.31365456557487964,0.1525782785024672,0.17799830330123323,0.039008502527551725,9.0,9.399999999999999,0.057900269092745725,0.3807293631137851,0.782993194171215,0.6671196267730022
1033,1988,HI,0.07697839950854901,0.057720099703796934,0.09056113120627104,0.22323974190611232,0.14430365427110853,0.1572194893134896,0.24997748409067255,0.03990169879847482,0.14269139258381416,0.1327041700625056,0.3135392089180689,0.1530044143872883,0.1788960814426127,0.0392630338072355,-8.600000000000001,-6.149999999999999,0.12661125844800356,0.5057604668493728,0.7818408847501518,0.5928030265958378
1034,1988,NV,0.07488324558887019,0.056372505823144986,0.08883522067011537,0.2210339939906076,0.14445025197938216,0.15880681627326676,0.2556179656746129,0.029260518717612767,0.1101638603860293,0.1109397633449978,0.30096100189055225,0.17083947436562108,0.22449343662027765,0.05334194467490916,5.5,6.25,-0.03098645951249082,0.3891343815830751,0.7221646187048132,0.5855752180521203
1035,1988,ND,0.06388191347063737,0.0491021037781169,0.07920451216474163,0.20736799452977345,0.14407908066115183,0.16693456231385007,0.28942983308172876,0.022363109453231927,0.08712448971399996,0.09271609227826272,0.2803333264352872,0.1810493846523759,0.26729501986041193,0.06911857760643036,2.6000000000000014,4.300000000000001,-0.17526543779768977,-0.2767794218260405,0.6635864025331577,0.5436356046044212
1036,1988,RI,0.12304920523187184,0.08449738870132335,0.12094548155191576,0.2492534906796413,0.13234549772431792,0.12456522299737927,0.16534371311355056,0.03808805681134006,0.13739108393730476,0.1294627373752715,0.31252805561740055,0.15600211549722098,0.18539771830812168,0.041130232453340465,-9.5,-8.299999999999997,0.4574588256287706,0.49371862115396137,0.7734720492385379,0.7100910638890702
1037,1988,VT,0.2050896284596382,0.11995292202340627,0.14849998245038593,0.24203104153133104,0.10273216656678996,0.08443699012937111,0.09725726883907748,0.06644555824804615,0.210257189995864,0.16420755229832068,0.30277823100124207,0.11620753494731728,0.1167969108966338,0.023307022612576,-2.299999999999997,-1.5999999999999979,0.012791620153983947,0.49161846246585966,0.8598960664907902,0.8183057410315514
1038,1988,MT,0.08512987329506772,0.06285233129698545,0.09696395259570942,0.23076995861986604,0.14323268786523613,0.15104142834191847,0.23000976798521677,0.03975229427422968,0.142258397527768,0.13244372871179383,0.31346970648933775,0.1532496332943919,0.17941556473176268,0.03941067497071615,-1.2999999999999972,0.20000000000000284,-0.1357735775519246,0.02698435149477761,0.7811737602975212,0.6189488036728648
1039,1988,AK,0.09900324691879586,0.0711897204521286,0.10678623948950525,0.24027470916661403,0.14005933200376874,0.14079477200691803,0.20189197996226949,0.03223599164953018,0.11961394639592796,0.11772961061617174,0.306314547812684,0.16586634463391103,0.20972356192247676,0.048515996969298314,6.200000000000003,7.050000000000004,-0.06255875490308783,0.5024990448670483,0.7417604411082249,0.6573132480308125
1040,1990,,,,,,,,,,,,,,,,,,,,,
1041,1990,NY,0.12131642923502015,0.08358551957514698,0.1200362731815541,0.24886111918708737,0.13295455990250793,0.12566069890763254,0.16758540001105093,0.04270016642629783,0.15068319799089985,0.1373730374525498,0.31442650791611076,0.1484770323998753,0.1696588615407758,0.036681196273490646,-5.899999999999999,-5.449999999999999,0.47064625755646083,0.6798290766655943,0.7936599421857335,0.7067539010813165
1042,1990,OH,0.08381810050459501,0.06203824077110465,0.09596635313349663,0.22966480733265782,0.14345284084511228,0.15203211063111965,0.23302754678191395,0.03285453513536314,0.1215429270032486,0.11906788860142134,0.3072196820109564,0.1648206441956458,0.20687720664024078,0.04761711641312394,1.6000000000000014,0.8500000000000014,0.2215276761632192,0.06834268174910987,0.7455056769466353,0.6149403425869664
1043,1990,ID,0.1029738992619121,0.0734856954289073,0.10936384375201763,0.2423423814503885,0.1389310051537166,0.13796721745822782,0.19493595749483006,0.03226445796170394,0.11970298624142936,0.11779173762613532,0.30635766697852684,0.1658182654152861,0.20959097532876791,0.048473910448150526,8.700000000000003,11.150000000000006,-0.198644889625128,-0.0939424173388129,0.7419351142230816,0.6670968250469421
1044,1990,MI,0.09887797716532461,0.07111663860876673,0.10670328438749108,0.24020514179815716,0.14009362575686768,0.14088484570412008,0.20211848657927267,0.035829493239079815,0.1306540641784119,0.125173668185513,0.31071242825095197,0.15978821571567647,0.1941343419195457,0.04370778851082113,0.20000000000000284,0.30000000000000426,0.2264211235999322,0.3777251309089813,0.7621578695696332,0.6569966677166073
1045,1990,GA,0.10046254248755998,0.07203814865340308,0.10774519049581405,0.24106528335995348,0.1396537536555319,0.1397493299282464,0.19928575141949112,0.026806897743394953,0.10215335135515383,0.10487589653848026,0.2951119397670817,0.17478118321811398,0.23819137222454434,0.058079359153230925,6.399999999999999,3.8999999999999986,0.0925761867061858,-0.20751009048914912,0.7037292686222247,0.6609649186522625
1046,1990,NE,0.07401928333698406,0.05581338818534694,0.0881136974515411,0.22008988018530085,0.14449306045043708,0.1594597274174555,0.25801096297293447,0.032514797432916465,0.12048492017982801,0.11833585696579954,0.306730739049416,0.16539523805424705,0.2084316408102126,0.04810680750758034,6.800000000000004,9.3,-0.17144434492833627,0.14973861154272627,0.7434615516822071,0.58252930960961
1047,1990,MA,0.12746725644788534,0.08679001211252141,0.12319082587716709,0.25010313188092115,0.13077055169056262,0.12182485417519451,0.15985336781574788,0.05428025624958581,0.18148365520194482,0.15296986708167357,0.3118458567582521,0.13133496728832628,0.13934383271501083,0.028741564705206613,-8.0,-7.799999999999997,0.35012148046458913,0.7185329473811698,0.8319146025797827,0.7183217780090576
1048,1990,KY,0.08645391667052604,0.063669477562103,0.09795843745976093,0.23184640575316315,0.14299408543488945,0.1500441290461466,0.2270335480734108,0.044801307124826446,0.15653839222022814,0.1406287981243481,0.3146279298878408,0.14516840279664656,0.16328822134561616,0.034946948500493846,2.1000000000000014,1.6500000000000021,0.2797803997529439,-0.3894357456922355,0.80176483015389,0.6229223228804426
1049,1990,MO,0.08818117727396765,0.06472861193982851,0.09923718574326246,0.2331933040686207,0.14265944870264158,0.14874785290250447,0.22325241936917462,0.03192117842484102,0.11862752887970501,0.11703905042499582,0.30582806897532516,0.16639768762994978,0.21120029546829766,0.04898619019688555,-1.6000000000000014,-0.1999999999999993,0.0182170199739733,0.04797514601386316,0.7398135143348168,0.6279997277283209
1050,1990,NC,0.10388133919784996,0.07400485617432366,0.10993899224601392,0.24277863982138814,0.1386626606188498,0.13732872251414663,0.1934047894274279,0.03256898995822922,0.12065392964129443,0.11845311778073289,0.3068100621942335,0.1653036179700541,0.20818223780448486,0.04802804465097099,4.600000000000001,3.8500000000000014,0.15691108180527932,-0.06532372419833386,0.7437897175445441,0.6692664880584255
1051,1990,AR,0.0812003599578451,0.06040016645517539,0.0939383962249336,0.22734042556263376,0.1438404024444363,0.1540149601992774,0.23926528915569845,0.025582478262955507,0.09808033515398029,0.1016823393793187,0.291626591018112,0.1766510269947641,0.2456150842405781,0.06076214495029131,3.0,2.3500000000000014,0.1556342670917984,-0.4402963241754797,0.6936227708091306,0.6067197506450241
1052,1990,MN,0.10626273536309255,0.0753575206093676,0.11142414652821656,0.24386207691734402,0.1379417466845846,0.13566723358314547,0.18948454031424922,0.03897574089974625,0.13999736165066257,0.13107116458600643,0.31306933576223356,0.15452935595857842,0.182161509609586,0.04019553153318678,-7.5,-8.399999999999999,0.020589730408978296,0.30420705580197654,0.7776429588572272,0.6748482261026053
1053,1990,TN,0.07068523378241685,0.05363691632164452,0.08527467694460387,0.21624945397101478,0.14455342269088656,0.1619642055529763,0.2676360907364571,0.029250330067953922,0.11013100858257473,0.11091547686359315,0.300939582008752,0.17085623259849436,0.22454730609497764,0.05336006378365421,4.5,1.75,0.17476575810399256,-0.1665367796508057,0.7220926301213682,0.5703997037105666
1054,1990,KS,0.09543530473122547,0.06909263177595845,0.10438364337264253,0.23818465298997177,0.1410014222159035,0.1433799120328294,0.20852243288146888,0.025869694021087897,0.09904033181365922,0.10244180913941825,0.29248084391084905,0.17621989128052595,0.24383598569079445,0.060111444143665205,2.3999999999999986,4.949999999999999,-0.11934388962306947,0.01959292311522812,0.6960525701655403,0.6480976550857017
1055,1990,WI,0.08955869723676131,0.06556774167766226,0.10024208850024358,0.23422220195148208,0.1423746827551261,0.1477184405837696,0.22031614729495508,0.03779160809972777,0.13651551095625103,0.12891604994322473,0.31232655973491097,0.15649610957445326,0.18650241957961478,0.04145174211181746,-5.600000000000001,-5.099999999999998,0.10361205301919285,0.37099479705213684,0.7720458383085678,0.6319654121212753
1056,1990,IN,0.08130482409189664,0.06046588134200963,0.09402028226831582,0.22743629384757427,0.14382632515077248,0.15393572169855785,0.2390106716008733,0.02966484011254054,0.11146479375461633,0.1118976840504064,0.3017929785995985,0.1701724774388963,0.2223748091136024,0.05263241693033949,6.399999999999999,4.650000000000002,0.12602303369211776,-0.12951439836702866,0.7249927739560581,0.6070536067005688
1057,1990,CT,0.1151518369141484,0.08028287225714648,0.11666718193272754,0.24717493207584906,0.13507167908298678,0.12965282291498192,0.1759986748221598,0.04041104164953906,0.14416267645156872,0.1335833595462002,0.3137584572879836,0.15217094670671882,0.17714594242438897,0.038767575933600584,-1.3999999999999986,0.25000000000000355,0.3437295113281087,0.7192448996921784,0.7840864816420104,0.6943485022628583
1058,1990,NJ,0.08788630482663239,0.0645483485300112,0.09902036159660754,0.23296788404496205,0.14271838252904595,0.14896873493916374,0.22388998353357714,0.037142709972621,0.1345898376506054,0.12770244625209184,0.31184779879225033,0.15758082251191008,0.18896376129789894,0.04217262352262241,2.8000000000000043,2.0500000000000043,0.3577580218450657,0.6294692966495172,0.7688636151794787,0.6271412815272591
1059,1990,AL,0.08268973565491476,0.06133436573519378,0.09509832220618328,0.22868263194521748,0.14362862738389526,0.15288600670029295,0.23568031037430248,0.02357799107189684,0.0913013811818054,0.09619969539920863,0.2849870350600068,0.1794984562421174,0.25872034738253613,0.06571509366242878,5.800000000000004,3.7500000000000036,0.14328444565893902,-0.3346018989396112,0.675564558955035,0.6114336829254046
1060,1990,OR,0.14939976381760992,0.0974977772770581,0.13288693695485684,0.25158014234384307,0.1226939000138284,0.10930874222317033,0.13663273736963333,0.051453598540624666,0.17428874700555733,0.1496616138178568,0.31319875785429474,0.1352676663128103,0.14576916772465554,0.03036044874420063,-6.799999999999997,-4.849999999999998,0.028705804703101207,0.6920202292680415,0.8238703835311438,0.7540585204071963
1061,1990,SD,0.09156292428264362,0.06677987990190495,0.1016808286677999,0.2356496987854133,0.14193387369782634,0.14622854568553656,0.21616424897887532,0.02500714246396612,0.09614882133188948,0.1001415934696897,0.28984474958581274,0.17749894526822874,0.24925105765314381,0.06210769022726936,-0.6000000000000014,1.8000000000000007,-0.21333313335803783,-0.14304369184543245,0.6886412521195868,0.6376072053355881
1062,1990,LA,0.08631591345096884,0.0635845209367204,0.09785536375446047,0.23173601155544182,0.14301969836963113,0.15014793843952257,0.22734055349325477,0.030061941617131854,0.11273730702024609,0.11282747282373953,0.3025764848699742,0.1695139587807607,0.2203296933070632,0.05195314158108444,0.8999999999999986,1.4499999999999993,0.2138116403038321,-0.13701726257618888,0.7277171651118524,0.6225115080672227
1063,1990,DC,0.27954425816900724,0.14048954247223105,0.15492935527610763,0.2159880725497343,0.08040116751416282,0.06179898526596872,0.06684861875278825,0.13539403669792005,0.3216261290303995,0.17736208847185236,0.23018579582395848,0.06648370971009565,0.058218512922245225,0.010729727343528728,-39.099999999999994,-42.099999999999994,0.478346297101942,0.8232953861970284,0.931051759734226,0.871352395981243
1064,1990,CA,0.11721457533858436,0.081398194978153,0.11781821366892575,0.24779133614979226,0.13437282635805803,0.12830054779645594,0.17310430571003066,0.042398134838048766,0.14983139140961652,0.1368878239899087,0.31436653428653377,0.14895928538578684,0.1706127567921346,0.03694407329797078,-2.299999999999997,-1.7999999999999972,0.12950855709352554,0.8232953861970284,0.7924431699098946,0.6985951464935134
1065,1990,CO,0.10107038606295989,0.0723899631259745,0.1081406187509068,0.24138394908289024,0.13948161191009323,0.13931599076320222,0.19821748030397313,0.042417226941357064,0.149885312191881,0.13691862627636261,0.31437056811952335,0.14892875321200605,0.17055216358304925,0.036927349675820675,-0.29999999999999716,2.150000000000002,-0.004700472542892553,0.3772896459256046,0.7925204867411301,0.6624665289328246
1066,1990,NM,0.09060116281526505,0.06619950809347062,0.10099385811826256,0.23497481760914551,0.14214919603867687,0.14694227669707305,0.21813918062810633,0.03184237040609413,0.11838010404625673,0.11686517539244767,0.3057035001160638,0.16653058251099506,0.21157299141508468,0.04910527611305793,-1.5,-0.29999999999999716,0.2517867358683655,0.3153366638462593,0.7393217324718574,0.6349185426748206
1067,1990,IL,0.11758175623142961,0.08159564865461952,0.1180205833495867,0.24789543631106858,0.1342473531437256,0.12806156840577243,0.17259765390379755,0.04071364215824348,0.14503321810403608,0.1340993744571935,0.31387602043183316,0.15167768135350201,0.1761212042848771,0.038478859210314686,-2.6999999999999957,-2.649999999999995,0.23558426130436755,0.3713693619996556,0.7853999365048082,0.69934077769043
1068,1990,PA,0.10467297683532359,0.07445608459704062,0.11043656981323238,0.2431485737478783,0.13842562715653328,0.13677411687147412,0.19208605097851772,0.03916182199280504,0.14054076616198605,0.13140296881733007,0.31317134863860785,0.15422193519227478,0.18149641602257027,0.04000474317442593,-2.6999999999999957,-4.099999999999998,0.35265227051029013,0.04118149834924581,0.7784988408030038,0.6711398321500082
1069,1990,TX,0.09095777210995909,0.06641498074658911,0.1012493146176435,0.23522721603261104,0.1420701583350839,0.14667736462343317,0.21740319353468018,0.030564805812231116,0.11434139454763984,0.11398941284973757,0.3035222941432345,0.16867584838887573,0.21778930155263865,0.0511169427056426,2.6000000000000014,3.700000000000003,0.1305149559051609,-0.1575062030868914,0.7310937557417188,0.6359194418418866
1070,1990,SC,0.09861851887672908,0.07096514556310184,0.10653114665406399,0.24006018835536447,0.14016438545671672,0.14107156992552983,0.20258904516849408,0.028616962878105893,0.10808211429712677,0.10939135494029081,0.29956307189260944,0.17189265247935737,0.22794351474525143,0.054510328767258254,8.100000000000001,6.449999999999996,0.1569328019724617,-0.10443356716458065,0.7175461564874903,0.6563393849059761
1071,1990,MS,0.09663586152570271,0.06980187764235703,0.10520135435282671,0.23891340645549586,0.14069269648271965,0.14250559190676038,0.20624921163413767,0.022236797918270514,0.08668721964912499,0.0923467078786569,0.2798198560958062,0.18120127900306005,0.26821587487209186,0.06949226458298952,6.5,4.800000000000001,0.15264480519784096,-0.44383410880889096,0.6622918605449186,0.651245196459102
1072,1990,IA,0.10061476172719783,0.07212633907433799,0.10784443585074,0.24114566646066704,0.13961081798565134,0.13964069267379542,0.1990172862276104,0.03344487312530018,0.1233727288811294,0.12032256118523482,0.30802299982916886,0.1638213206397675,0.20422678380610138,0.04678873253329785,-8.899999999999999,-7.199999999999999,-0.007105248201233816,0.13012334217223612,0.7489844836606008,0.6613420210985942
1073,1990,MD,0.1089823192891957,0.07688505728931659,0.11307795599102358,0.24499439658334426,0.13709135988335996,0.13379534506483304,0.18517356589892686,0.03640469405565859,0.13238437196540903,0.12629343254063483,0.3112380007190083,0.15881957878370767,0.19183757255544087,0.04302234938014071,-2.299999999999997,-4.299999999999997,0.2920213895340342,0.6098202150673726,0.7651400780644184,0.6810310890362401
1074,1990,WA,0.14065084811469442,0.09335901696895921,0.12929669818635542,0.251484678060139,0.1259449027978632,0.11408991829699688,0.14517393757499186,0.05027934115823228,0.17124008810762842,0.14819881300214827,0.3136450741677548,0.1369497126511514,0.14860223777832016,0.031084733134764675,-4.899999999999999,-3.9499999999999993,-0.01054503841095475,0.777980496607305,0.8203130290869152,0.7407361441280113
1075,1990,VA,0.10019307788588366,0.07188188734592948,0.10756914079711122,0.24092202862394846,0.13972947325207874,0.13994183669886462,0.19976255539618382,0.0356733691053715,0.13018268276972542,0.12486642657266409,0.31056192107207103,0.16005153559343144,0.19476659033597354,0.04389747455076298,6.300000000000004,4.900000000000002,0.15360231419090473,0.274163948696555,0.7613359351132635,0.6602956079049516
1076,1990,FL,0.0802912701269301,0.059827072393612235,0.09322239832704335,0.22649497489809503,0.14395780636297606,0.15470477595804344,0.24150170193329978,0.027749301139533153,0.1052537775839237,0.10725681817596111,0.2975284669613546,0.17329270394964424,0.2327525203755435,0.056166411814039696,7.5,7.0,0.23078644419410366,0.22116788013355138,0.7110810678104168,0.6037935221086568
1077,1990,ME,0.12589884192907386,0.08598143155594337,0.12240557760649498,0.24982565466475393,0.13133296271153927,0.12278903500000404,0.16176649653219055,0.039010195388140226,0.14009805412936305,0.1311327399825279,0.31308851779124264,0.15447239888929432,0.18203801993360835,0.040160073885823544,1.8999999999999986,1.9499999999999993,0.23837594270001364,0.4655576022486747,0.7778019061805681,0.7154444684678054
1078,1990,UT,0.11217992235887128,0.07865775152344992,0.11496597713224527,0.2461894731995004,0.1360588634838611,0.13163009812341075,0.18031791417866128,0.028905567853974957,0.10901736578218398,0.11008936965981969,0.3002013709275713,0.17142173899144586,0.22638430062514492,0.05398028615985928,12.800000000000004,14.250000000000004,-0.32492044858070873,-0.30639602174239705,0.7196354132149958,0.688051987697928
1079,1990,OK,0.09387606414014296,0.06816600282933621,0.10330740753646026,0.23719836338068606,0.1413889483959997,0.1445218696661179,0.2115413440512569,0.030390061689119018,0.11378490558463468,0.11358758979149122,0.3031994046185585,0.1689675767786657,0.21866591271172298,0.051404548825807916,4.5,7.149999999999999,-0.13963741493417992,-0.3250467422451392,0.7299295384624691,0.6439367862826252
1080,1990,AZ,0.08056449560225407,0.0599995443222654,0.09343823107900173,0.22675118896494237,0.14392349220734485,0.1544974116159794,0.24082563620821218,0.03079608067783686,0.11507639596545162,0.11451805943650786,0.3039403386267763,0.16828901901635296,0.2166390561728352,0.05074105010423924,6.600000000000001,7.100000000000005,-0.04552447057820048,0.47535729643057634,0.7326198937229256,0.6046769521758084
1081,1990,WV,0.08393252424266837,0.06210943187581347,0.09605386376655564,0.2297627650306449,0.1434343022610382,0.1519456028838042,0.2327615099394752,0.04095985175584155,0.1457395870351154,0.13451579000010974,0.3139648525095039,0.1512774113522588,0.17529553923961871,0.038246968107551904,-5.899999999999999,-4.799999999999997,0.35526559265327273,-0.266116924047093,0.7864574926528294,0.6152928871767206
1082,1990,WY,0.09361367418101099,0.06800945835771627,0.10312470635461354,0.2370278852417484,0.14145260662494552,0.1447147281531117,0.21205694108685358,0.03478211522447213,0.12747749745390125,0.12308503403309853,0.3096361698029198,0.16155735151313821,0.1984504245916514,0.04501140738081866,7.100000000000001,9.400000000000002,-0.10572755673436819,-0.0008760838190080202,0.7565381680275299,0.6432283307600347
1083,1990,DE,0.1069882679118161,0.07576682966374286,0.11186972431018183,0.24417490309441592,0.13771757635628767,0.13516515825520792,0.1883175404083477,0.04780250784491041,0.16469195470671216,0.14493317963705743,0.31433121669440983,0.1405905657913994,0.1549254516182612,0.03272512370724956,2.5,1.75,0.36206303385293315,0.6095927443296638,0.8123494246744892,0.6765173013364444
1084,1990,NH,0.10106622294208308,0.07238755670993068,0.10813791843406895,0.2413817875456407,0.1394827971356042,0.1393189544053185,0.1982247628273539,0.04235074015755722,0.14969749272863195,0.13681128311442564,0.31435637793342497,0.14903510692834998,0.1707633480739832,0.036985651063627056,9.0,9.399999999999999,0.136482912621866,0.5474689339031936,0.7922510008623898,0.6624562827673276
1085,1990,HI,0.07556399988246273,0.05681165078097228,0.0893996859936935,0.2217635630621138,0.14440913160177837,0.15829158751436168,0.25376038116461763,0.04193027100958151,0.14850680831583674,0.1361274381015535,0.3142572739030541,0.14970948856188593,0.17211025020506032,0.037358469903027935,-8.600000000000001,-6.149999999999999,0.20120258276181346,0.6597150256327404,0.7905312798919117,0.5879480313210207
1086,1990,NV,0.07452843325481802,0.056143129395957045,0.08853960369160627,0.220648745153229,0.14446911916851202,0.15907509900487848,0.2565958703309992,0.030487294646333297,0.11409467474573856,0.1138114314527573,0.30337982208821684,0.16880531081518524,0.21817733560251273,0.05124413064925604,5.5,6.25,0.0046851068195750654,0.5535958027691275,0.7305785337482312,0.5843290306641223
1087,1990,ND,0.06183474061427551,0.04771270780450599,0.07730287648272224,0.2043978302036996,0.14375254693795952,0.16836969336143148,0.29662960459540566,0.0236971918359018,0.09170840840354037,0.09653484171263661,0.28541684033829556,0.17933828607150692,0.2579057377095213,0.06539869392859743,2.6000000000000014,4.300000000000001,-0.06335264667507695,-0.1400132693563849,0.6766955683618813,0.5350007020431629
1088,1990,RI,0.12300689062661493,0.08447520623564378,0.12092347241329854,0.2492443161465952,0.13236043416383414,0.12459183545723784,0.16539784495677556,0.03939468134972561,0.1412193480417357,0.13181559695878478,0.31329357130470525,0.1538379060532925,0.1806704692218859,0.03976842706987027,-9.5,-8.299999999999997,0.478346297101942,0.6431503982456959,0.7795611037082438,0.7100103195859866
1089,1990,VT,0.2017648819508978,0.11879251824575954,0.1478729879150691,0.2429488243416178,0.10385595922675794,0.08569118179459323,0.09907364652530459,0.07050998479338362,0.2191282171622998,0.16703725077252551,0.2989721193686034,0.11175224973826392,0.11070075575730476,0.021899422407618996,-2.299999999999997,-1.5999999999999979,0.09523477091741236,0.6957617060143994,0.8673998218350762,0.8152351716801022
1090,1990,MT,0.08198286927305924,0.06089171753620658,0.09454983503192788,0.22805218558290238,0.14373207968359286,0.15342159156375013,0.23736972132856093,0.04194933239338344,0.1485608947132396,0.13615862675157556,0.31426212008741256,0.1496788500592915,0.1720487627375713,0.037341413257526046,-1.2999999999999972,0.20000000000000284,-0.011438495092237037,0.12834160007579773,0.7906098240049027,0.6092086871076889
1091,1990,AK,0.09581649241956093,0.06931822131593877,0.10464430132759633,0.23841889402528132,0.14090434847225008,0.14310183165271595,0.2077959107866566,0.033189265488397034,0.12258179164522578,0.11978198933547246,0.3076822778736159,0.16425411115972655,0.20536659502217192,0.047143969475390346,6.200000000000003,7.050000000000004,0.036071579956760615,0.5088150835873942,0.7474894355024377,0.6491022575606274
1092,1992,,,,,,,,,,,,,,,,,,,,,
1093,1992,NY,0.12010555813074754,0.08294403189402734,0.11939118783019151,0.24856629014794307,0.13337685688755907,0.1264331639240468,0.16918291118548467,0.04422040807176023,0.15493187424701255,0.13974928093506814,0.3146085415015438,0.14607486074263387,0.16500449395668149,0.03541054054529991,-3.5,-4.699999999999999,0.4988501136023284,0.891719920248806,0.7995849654980186,0.7043839248904685
1094,1992,OH,0.08204936462279404,0.06093341374336893,0.0946015867619715,0.22811199530310722,0.14372257188628496,0.15337119009935085,0.2372098775831225,0.03394540931313025,0.12491565581739356,0.12136937360673114,0.30865955177012494,0.1629736641737034,0.20202848930251904,0.046107856016397664,0.8999999999999986,1.25,0.28330225075148835,0.18440339908228504,0.7518636546810833,0.6094189323175266
1095,1992,ID,0.10983051557156258,0.07735773308367423,0.11358466912235948,0.24532545097825886,0.13682073178195686,0.13321720510887725,0.18386369435331074,0.035213880546258146,0.128791051356247,0.12395389523289241,0.31009898780772105,0.16082736594185376,0.1966497702043989,0.044465048910628746,4.600000000000001,6.650000000000002,-0.19942446529205016,-0.020983298581335623,0.7588851808849724,0.682919100537812
1096,1992,MI,0.09984799503182645,0.07168150814093693,0.10734301118834833,0.24073677809440142,0.13982590042413867,0.1401887234765311,0.2003760836438171,0.036645581891047274,0.13310603510557698,0.12675673140144275,0.3114448702126162,0.15841470801052715,0.19089066942663957,0.04274140395215009,-1.0,-0.3999999999999986,0.23245210420008705,0.42767738687671314,0.7663679266212103,0.6594351928796518
1097,1992,GA,0.09606939285733358,0.069467685365412,0.10481670766987358,0.23857283111609395,0.1408394532525451,0.14291758105053987,0.20731634868820192,0.02737361843232888,0.10402138222494373,0.10631557661462701,0.2965916963210129,0.1738905212428411,0.23489307395001457,0.05691413121423183,5.5,5.949999999999996,0.1662843389459286,-0.027978113001451844,0.7081927948357536,0.6497660702612582
1098,1992,NE,0.07354053522156871,0.055502701316312505,0.08771138766087183,0.21955783532148673,0.14451214466276652,0.15982096604649376,0.25935442977049994,0.03496815670590331,0.1280441901615226,0.12346077557058574,0.30983894794548456,0.16124271289187941,0.19767080491422173,0.04477441181040265,9.200000000000003,8.000000000000004,-0.08108884999697415,0.2873170261567614,0.7575547832753756,0.5808246041830063
1099,1992,MA,0.13339878359098867,0.08979558296391599,0.12604543150082553,0.250926049465027,0.1286172014806024,0.1182637904432593,0.1529531605553811,0.05655003439296038,0.18711725695673423,0.15541996697265947,0.31050977429708654,0.1282948838999185,0.13455273368808685,0.02755534979255403,-8.399999999999999,-8.2,0.26706701014428597,1.0326727643954916,0.8378919165193591,0.7287830490013596
1100,1992,KY,0.08550822071743329,0.06308629890637439,0.09724939881130068,0.23108151519852485,0.14316615003478345,0.15075615667466236,0.229152259656921,0.04430915420549586,0.15517791073922874,0.13988465216772625,0.31461323777135686,0.14593596133664255,0.16474012551385175,0.035338958265697995,3.8999999999999986,3.0,0.2673189958595321,-0.3116759299327861,0.7999209162204503,0.6200915836684167
1101,1992,MO,0.09239165277002179,0.06727806450387713,0.10226773132616682,0.23621650277282985,0.14174293100432328,0.14561543810303124,0.2144876795197499,0.03324628173006611,0.12275839641561054,0.11990292388260165,0.30775921152880753,0.16415758215797582,0.20511132480382133,0.04706427948111702,-3.5,-2.5500000000000007,-0.01573420260134172,0.10979610090099215,0.7478243957150617,0.6398968823772189
1102,1992,NC,0.10407780729577194,0.07411698766336518,0.11006284257623863,0.2428713696277171,0.1386040847757709,0.13719087049669376,0.19307603756444247,0.03144409003743862,0.11712664207519602,0.11598024056612802,0.30505656795843,0.16720135964789562,0.21347532387510804,0.04971577583980369,6.0,5.300000000000001,0.09612150866415746,-0.03339847371396112,0.7368089002850883,0.6697330919388638
1103,1992,AR,0.08212967141290074,0.060983754958716566,0.09466404457181121,0.22818408799640225,0.14371102679093378,0.15331032488027463,0.23701708938896082,0.027182139733132993,0.10339143500714548,0.10583182954471818,0.296100814504774,0.17419302036746553,0.23599804720706086,0.05730271363570294,-1.8999999999999986,0.5500000000000007,0.20718752811641475,-0.35495959657665266,0.7066992391572362,0.6096725857307645
1104,1992,MN,0.10318266841611809,0.07360531796406769,0.1094966189162016,0.24244391423002748,0.13886959378159003,0.13782006340439024,0.19458182328760487,0.03873600906407436,0.13929578615155253,0.13064097123747445,0.31293214167762423,0.15492609838322313,0.18302507737573392,0.04044391611031739,-5.5,-6.5,0.044436994916270366,0.40190502912050285,0.7765310065139487,0.6675981133080049
1105,1992,TN,0.06593957526804856,0.050486996017625546,0.08108046595657709,0.21021020566629792,0.1443163344561244,0.16545900923004098,0.2825074134052855,0.02861925529463197,0.10808955390955091,0.10939692270840243,0.2995682160586973,0.17188892142847023,0.2279310517674129,0.054506078832834204,5.0,4.75,0.25643760921074654,-0.14240011059795968,0.7175628693997529,0.5520335773646735
1106,1992,KS,0.09896830236210447,0.07116933793455785,0.10676310894790883,0.2402553303557164,0.1400689068764427,0.1408198932711201,0.20195512025214968,0.028482139888257676,0.1076442660025802,0.10906323903124732,0.29925842222714605,0.17211180804076154,0.22867871087028613,0.054761413939721115,1.5,1.9499999999999993,-0.08030437449695914,0.2072352394149074,0.7165598751899928,0.6572249864767302
1107,1992,WI,0.08763192327550648,0.064392656967205,0.09883282297319218,0.23277193435609844,0.1427686357316249,0.14915942786604885,0.22444259883032414,0.03680138247554396,0.13357185924713194,0.12705462302738404,0.31157459617292854,0.1581531183991738,0.19028285349653473,0.042561567181302995,-0.6000000000000014,-3.1000000000000014,0.09275288578296159,0.4207823843673799,0.7671555793221623,0.626397973303627
1108,1992,IN,0.08296999236224128,0.06150950214476067,0.09531477906382907,0.2289293393474908,0.14358617279690905,0.1526737908498208,0.23501642343494833,0.02832031096416769,0.1071179200526561,0.1086676779507808,0.2988872366166319,0.1723741215596971,0.22956696172049307,0.055065771135573316,5.5,5.949999999999999,0.017464132559849133,-0.09764588091102629,0.7153672671439336,0.6123097857152309
1109,1992,CT,0.12342852553570845,0.0846960478773519,0.12114234659257267,0.24933483445649313,0.13221146775287063,0.12432697221846178,0.16485980556654145,0.04217165719154638,0.14919097742863774,0.13652108226485746,0.3143161556660401,0.1493219580106644,0.17133460390034327,0.03714356553791065,-1.6000000000000014,-1.5,0.23466463553662187,0.9598897328510897,0.7915218305617461,0.7108132222149968
1110,1992,NJ,0.08757289933650489,0.06435650796592637,0.09878924382966037,0.23272627114285988,0.14278021745842717,0.1492036926295015,0.22457116763711982,0.03727766918809887,0.13499137842800346,0.12795678579286024,0.31195171199198635,0.15735485566397978,0.1884468826998662,0.04202071623520509,3.200000000000003,3.0000000000000036,0.34554620864205254,0.7507934894700957,0.7695324010649287,0.6262251397333787
1111,1992,AL,0.0754481708876568,0.05673701869162977,0.089303894741431,0.22164031239271154,0.14441657951081466,0.15837929449593335,0.2540747292798229,0.0223394241419994,0.08704253822856475,0.0926469316422034,0.2802374814835147,0.18107801211657326,0.26746726198206594,0.06918835040507854,10.200000000000003,8.000000000000004,0.23180141380958852,-0.3800655341566852,0.6633443876128555,0.5875459762242438
1112,1992,OR,0.1531382737961135,0.09921370618419884,0.13431536583881892,0.2514485507754008,0.12130308961867098,0.10734723635615939,0.13323377743063758,0.051498728805953915,0.1744052095777101,0.14971677220196833,0.3131801690579051,0.13520358720683612,0.1456622828136005,0.030333250336025963,-4.899999999999999,-5.849999999999998,-0.011824619142047996,0.670236730071243,0.8240044668503735,0.759418986213203
1113,1992,SD,0.09214008611874651,0.06712702344628073,0.10209006442393728,0.23604587250975606,0.1418014110220156,0.14580136091828666,0.21499418156097716,0.02580227172214667,0.09881523091678615,0.10226410310474338,0.2922823817735851,0.1763215407750719,0.24425149985434103,0.06026297185332574,3.3000000000000043,1.3500000000000014,-0.1995994735906421,-0.03765044879262981,0.6954855282923332,0.6392044575207362
1114,1992,LA,0.08642030745669052,0.0636487918509416,0.09793334735154566,0.23181955874608487,0.14300033886512087,0.15006940762284127,0.2271082481067752,0.029315167624031156,0.11034000971288113,0.11106990471343503,0.3010755072973665,0.1707495449399935,0.2242049034245558,0.0532449622877369,3.6000000000000014,2.25,0.1765556228637508,-0.14417057548185344,0.7225501342877073,0.6228223442703835
1115,1992,DC,0.2551292725110875,0.13486135957378997,0.15424668346021142,0.22534456214910326,0.08713103027177027,0.06822561775372815,0.0750614742803094,0.12449940943266884,0.3087133648139938,0.17853218524462716,0.2411325484008553,0.0717221122388545,0.06359750573498157,0.011802874134018815,-28.299999999999997,-33.699999999999996,0.4988501136023284,1.0326727643954916,0.9245996201309996,0.8567129079659624
1116,1992,CA,0.12034971652806734,0.08307366393259524,0.11952191024887518,0.24862712732341236,0.1332919362997873,0.12627694520594868,0.1688587004613139,0.04419068196964263,0.15484941399792534,0.1397038560452545,0.3146068268004155,0.14612141938744672,0.16509322240037239,0.0354345793989429,-4.799999999999997,-3.549999999999997,0.12954091572448048,0.8928339290701474,0.7994721982006847,0.7048643543327374
1117,1992,CO,0.10759544039640186,0.07610836267803857,0.11224015825345776,0.24443063663725123,0.13752843677489146,0.13474648861105754,0.1873504766489016,0.04584076201946909,0.15938996739274255,0.14216440183497314,0.3145978722555147,0.14356267465262496,0.1602986472315553,0.034145674613120236,-1.5,-0.8999999999999986,-0.04100009416789531,0.5831797774383075,0.8055556781553245,0.6779030347400409
1118,1992,NM,0.09274423682363361,0.06748948315013939,0.10251602164569174,0.23645357148274732,0.14166022025255726,0.14535514202114763,0.21378132462408306,0.03157490644402206,0.11753890326663513,0.11627204631480637,0.3052722815135513,0.16698120744972444,0.21284701139608941,0.0495136436151713,-0.10000000000000142,-0.8000000000000007,0.20117433768759502,0.30299999678121436,0.7376393449887393,0.6408635333547693
1119,1992,IL,0.1198641544643047,0.08281572156611963,0.11926161721833625,0.24850544408685288,0.1334607016971301,0.12658784852874516,0.16950451243851128,0.04179890209547806,0.14813377046241538,0.13591200277264284,0.3142229508511616,0.1499208153459658,0.17253512957231087,0.03747642890002545,-3.1000000000000014,-2.8999999999999986,0.2083032381847142,0.5321975514278552,0.7899884415276637,0.7039076390327436
1120,1992,PA,0.1066815731632736,0.07559396725322697,0.11168176161199234,0.2440436334428393,0.13781258460695767,0.13537715654089744,0.1888093233808127,0.03740357417598785,0.13536548950872174,0.12819314407977236,0.3120465814728742,0.15714421741082785,0.18796704778315354,0.04187994556866248,-1.2999999999999972,-1.9999999999999964,0.22646811412116216,0.16997055045289258,0.770153006648184,0.6758135200782899
1121,1992,TX,0.09515545159024903,0.0689267769920517,0.10419166776860186,0.23801097582294095,0.14107211611038717,0.1435843453459219,0.20905866636984738,0.030826322635199854,0.1151723788180192,0.11458692054599764,0.3039942273815996,0.16823837889004878,0.21648947890527537,0.050692292823859564,3.200000000000003,2.900000000000002,0.0432487604703871,-0.05050150218716373,0.7328182282708651,0.6473569882842307
1122,1992,SC,0.09374693957885845,0.0680889878446508,0.10321755610871211,0.2371146333545998,0.14142033247713015,0.14461675283922226,0.21179479779682642,0.028133484215597682,0.10650919004953326,0.10820866767909329,0.2984511480355707,0.1726759048443357,0.2306003563850495,0.05542124879081989,10.600000000000001,9.349999999999994,0.20218617729399446,-0.008623319207965578,0.7139783948241306,0.6435884493639513
1123,1992,MS,0.09019913661120413,0.06595620011498587,0.10070482316111637,0.23468719452978049,0.1422371466832929,0.1472412987205809,0.21897420017903935,0.021056188633603763,0.08257256332618068,0.08882695671200296,0.2747328967425594,0.1825211400719251,0.27710462715644435,0.07318562735728373,12.300000000000004,9.400000000000002,0.17955866236868018,-0.3681799013033946,0.6497097454862719,0.6337845011003798
1124,1992,IA,0.09818609670793077,0.0707122835733042,0.10624329067586433,0.23981599615594473,0.14028149931085576,0.14138325915457783,0.20337757442152238,0.032678525278643004,0.12099525316526963,0.11868955676526502,0.30696884408022573,0.16511839016758212,0.20767982524657114,0.04786960529644335,-0.10000000000000142,-4.5,-0.025628575457948163,0.2715806343116877,0.7444505694569855,0.6552391664238998
1125,1992,MD,0.10757524876134235,0.07609701961254232,0.11222787523638267,0.24442222023100474,0.13753474875657412,0.13476038950018454,0.18738249790196926,0.035078562843566176,0.12837999113281964,0.12368278287023005,0.3099568761110488,0.16105605899881836,0.19721082742283325,0.04463490062068376,-1.7999999999999972,-2.049999999999997,0.24797651686835145,0.675489904671254,0.758154271956483,0.6778571125978462
1126,1992,WA,0.14465870949601087,0.09527652817812843,0.13098526947017877,0.25160198303877185,0.12445745955595733,0.11186589307807837,0.14115415718287438,0.05113843731398247,0.17347399253455092,0.1492742486981876,0.31332566185756716,0.13571632413699497,0.14651965514159004,0.03055168031712685,-5.399999999999999,-5.149999999999999,-0.044755391252721224,0.8163745031359136,0.8229286645412831,0.7469799497390472
1127,1992,VA,0.09943867186400801,0.07144343711400783,0.10707379849640633,0.24051441138715662,0.13993947898208758,0.14048208822095054,0.20110811393538308,0.03462041747894961,0.12698409273347505,0.12275677449741346,0.30945574201235515,0.1618309226369703,0.19913268676046203,0.0452193638803744,7.600000000000001,6.950000000000003,0.10478968623298157,0.36780768254469676,0.7556479493591636,0.6584097978436664
1128,1992,FL,0.08529945795008911,0.06295724758767404,0.09709202272520359,0.23091000066522868,0.14320302903221804,0.15091353498835158,0.22962470705123494,0.02870280819067211,0.10836059097450426,0.10959959814137119,0.2997548945539064,0.17175282850949436,0.22747766301028627,0.0543516166197654,3.5,5.5,0.138941885382233,0.4076149442149083,0.7181707203699483,0.6194617579604135
1129,1992,ME,0.13840734015418174,0.0922695949600763,0.12831823313393056,0.2513612276015606,0.12677491094780347,0.11536034296835285,0.14750835023409448,0.041875260988549996,0.148350660370596,0.13603732923649745,0.3142430979594162,0.14979794449317718,0.1722879289117013,0.0374077780400619,-7.0,-2.5500000000000007,0.14495179085438653,0.592584771585536,0.7903042930482368,0.7371313067975527
1130,1992,UT,0.11690962988493274,0.08123396077890184,0.11764956792235964,0.2477036018882413,0.13447679328076034,0.1284994200926518,0.17352702615215232,0.03283143461811248,0.12147110278624051,0.11901834615696164,0.3071870614164131,0.1648597289149445,0.2069822183756329,0.04765010773169487,6.0,9.400000000000002,-0.23656825625561123,-0.18805509941003584,0.7453676738926722,0.6979735537551959
1131,1992,OK,0.09457728770828033,0.06858349576578074,0.10379341223534075,0.23764755555064854,0.14121660136703296,0.14400742953966927,0.2101742178332474,0.033326025210685964,0.12300522697885323,0.1200717230527723,0.3078659119485967,0.16402256529536663,0.20475528808624732,0.046953259427477856,5.200000000000003,4.850000000000001,-0.04772028406489525,-0.17461552782663764,0.7482914524862748,0.6458183526270833
1132,1992,AZ,0.08272899940496753,0.061358914644263685,0.09512868199142421,0.22871730611412622,0.1436227282365023,0.15285627064088958,0.23558709896782648,0.03401151189241624,0.1251188378600598,0.12150646579735605,0.3087406387565784,0.16286172388277986,0.20174145805451804,0.046019363756291565,1.1000000000000014,3.8500000000000014,0.027350346767203486,0.6092095255073887,0.7522391781891904,0.6115566303912839
1133,1992,WV,0.08351679565176257,0.061850613505795515,0.09573546549057635,0.22940542317022564,0.143501036389925,0.15225998307276845,0.23373068271894648,0.04016354526904593,0.14344869802259885,0.13315782292322131,0.3136553092649281,0.1525754467020638,0.17799235817893355,0.03900681963920849,-2.0,-3.9499999999999993,0.33505478730349336,-0.26647118706979395,0.783000822181858,0.6140093342082851
1134,1992,WY,0.09860299704672275,0.07095607724771018,0.10652083493157485,0.2400514795537977,0.14016860700052558,0.14108274749999006,0.2026172567196789,0.038049562519218406,0.13727753676367405,0.12939202141963532,0.3125024894067175,0.15606620320600706,0.1855404766565084,0.04117171002823927,2.200000000000003,4.650000000000002,-0.06588997752321282,0.0023996186194993547,0.7732878133152523,0.656299995780331
1135,1992,DE,0.10997765097963931,0.07743954705520169,0.1136721322652822,0.24538183257193846,0.13677353917610247,0.1331171930372682,0.18363810491456767,0.049786455936888276,0.1699498218389346,0.1475687257916564,0.3138101876665403,0.137664202218159,0.14982201704863018,0.031398589499191276,-2.1000000000000014,0.1999999999999993,0.3547638429999942,0.7050311964757466,0.8187793934521785,0.6832447020481641
1136,1992,NH,0.10792205561124205,0.07629170529354304,0.11243850380979292,0.24456594154810268,0.13742612725257208,0.1345218423300062,0.18683382415474103,0.04749067067150442,0.16385605670281253,0.14450409321660254,0.31439092840343047,0.14105783426255458,0.15575705735515766,0.0329433593879378,0.20000000000000284,4.600000000000001,0.15718928235100033,0.7132735182587128,0.8112995832569045,0.6786443335152528
1137,1992,HI,0.07611482265405291,0.05716607153218427,0.08985381320101432,0.22234475778817492,0.1443712204086241,0.15787429249481677,0.2522750219211327,0.040958276858188536,0.14573507422504609,0.1345131361211551,0.31396430351397353,0.15127996860688142,0.17530079776498608,0.038248442909769254,-0.6999999999999957,-4.649999999999999,0.13302538363457997,0.7682939112758654,0.7864507593252447,0.5898506855840505
1138,1992,NV,0.0826938307825819,0.06133692632474229,0.09510148919190695,0.22868625007619947,0.14362801285909377,0.15288290521978531,0.23567058554569031,0.032855764831381674,0.12154674990857087,0.11907052491817893,0.30722141594616076,0.16481856356781455,0.2068716193854272,0.04761536144246603,-2.6999999999999957,1.4000000000000021,-0.08655827875537772,0.6641538381026946,0.7455130191721068,0.6114465092345244
1139,1992,ND,0.06196109759315517,0.047798800104242756,0.07742127896489519,0.2045853825542832,0.1437754535469803,0.16828219830241853,0.29617578893402485,0.023928493429742695,0.0924968017503241,0.09718183170969037,0.28623771411398513,0.17902380949937324,0.25633821321408057,0.06479313628280392,6.800000000000004,4.700000000000003,-0.07232039700626715,-0.03999923879649995,0.6788686505031155,0.5355420127635566
1140,1992,RI,0.12958538908105238,0.08787277478428282,0.12423091211385198,0.2504372415979752,0.13000599080005726,0.12053777405297106,0.1573299175698093,0.03990965752733116,0.1427144399014118,0.1327180110823744,0.3135428445192529,0.1529913609264194,0.1788684872883488,0.0392551987548615,-8.399999999999999,-8.95,0.36791218647566354,0.8227730090500128,0.7818763139567897,0.7221323083772196
1141,1992,VT,0.21164834546818762,0.12217801378767129,0.14963851278795615,0.24013199206885494,0.10054641569096923,0.08203520223654193,0.09382151795981886,0.0762904589774124,0.23115061177734617,0.17039797852543187,0.2931660906145361,0.10587301285058115,0.10297162968764773,0.020150217567044604,-7.0,-4.649999999999999,0.08261099665930077,0.8856240920513365,0.8768781527453077,0.8241432798036392
1142,1992,MT,0.08423526987258886,0.0622976259009127,0.09628494763508416,0.23002050072846222,0.1433846321303449,0.15171679915758507,0.23206022457502207,0.043254419121036884,0.1522396629154559,0.13825203484915774,0.31451561261854516,0.14759631804427953,0.16793396862666143,0.03620798382486334,-2.299999999999997,-1.7999999999999972,-0.01086089137993815,0.11689624364937999,0.7958580475484752,0.6162229762673929
1143,1992,AK,0.09975442520450538,0.07162712321781999,0.10728156465602459,0.24068619816617737,0.1398519410373007,0.14025573622747245,0.20054301149069953,0.03454989307211676,0.12676864229829596,0.12261311176670406,0.3093758186186523,0.16195026695571546,0.1994316222474356,0.045310645041079844,2.1000000000000014,4.150000000000002,0.03016613016991491,0.47758098159723805,0.7552577327114846,0.659201252281828
1144,1994,,,,,,,,,,,,,,,,,,,,,
1145,1994,NY,0.1347427371062581,0.0904651475858198,0.12666745208473332,0.2510651974720906,0.12812460330026487,0.11747549581538896,0.15145936663544435,0.04027005153011942,0.14375616464336463,0.13334133244015264,0.3137004761578065,0.15240126093006623,0.1776271953540577,0.03890351894443289,-3.5,-4.699999999999999,0.14704640318969878,0.91954772619306,0.7834692857015094,0.7310651375491667
1146,1994,OH,0.09098412402422947,0.06643089025803998,0.10126815728810129,0.23524576579511786,0.14206428002797766,0.14665780121381589,0.21734898139271785,0.030923127271882515,0.11547942253139928,0.11480693339034523,0.3041655293918404,0.16807619452855627,0.21601196454973792,0.050536828336238404,0.8999999999999986,1.25,-0.02588852930567586,0.15467390520976074,0.7334512071140237,0.6359932173934663
1147,1994,ID,0.12464798740961555,0.08533238609795576,0.12177000423919176,0.24958548341999076,0.13177898055672743,0.12356481698940092,0.1633203412871178,0.03213559360027984,0.11929970625375103,0.11751007764378968,0.30616132474596225,0.1660358732661209,0.21019242695490226,0.04866499753519404,4.600000000000001,6.650000000000002,-0.575491891516565,0.05921282208460311,0.7411425755099037,0.7131148417234813
1148,1994,MI,0.10796974607667499,0.07631845383699119,0.11246741128632926,0.2445855664060193,0.13741115596428366,0.13448907411177602,0.18675859231792558,0.03523885039790091,0.12886684205819282,0.1240038043587739,0.310124921165406,0.16078517553314964,0.19654656390748637,0.04443384257909033,-1.0,-0.3999999999999986,0.013211049909426375,0.5496580363175555,0.7590195935134233,0.6787523335702984
1149,1994,GA,0.10696992508409167,0.07575649765146089,0.11185849867046227,0.24416709176388868,0.13772326871099605,0.13517782767320985,0.1883468904458906,0.025344124881245843,0.0972815149192128,0.1010471890572669,0.29089998093059455,0.17700494632267316,0.24710960441894347,0.06131263947006327,5.5,5.949999999999996,-0.1475937495139051,0.038391189917369534,0.6915777561109933,0.6764752818808996
1150,1994,NE,0.08233823969311328,0.061114419052052546,0.09482603676153303,0.22837061010045753,0.14368072469702814,0.15315227507477946,0.236517694621036,0.0320771695739787,0.11911669537667043,0.11738202672523418,0.30607133532052105,0.16613449427748128,0.21046616651296102,0.04875211221315334,9.200000000000003,8.000000000000004,-0.40735003681518517,0.3199580019990072,0.7407817212738856,0.6103300303041845
1151,1994,MA,0.14319167233584482,0.09457889083986479,0.13037592069229031,0.25157398883173016,0.1250024665111491,0.11267326700204472,0.1426037937870761,0.05417848214136619,0.18122807903471583,0.15285580202092888,0.3119008549102438,0.13147372545987634,0.13956604595572786,0.028797010477141116,-8.399999999999999,-8.2,0.05648787392788802,1.1170580127932808,0.831636943567131,0.7447229392108792
1152,1994,KY,0.0935035752243742,0.06794371973315581,0.10304790763689048,0.23695596140978203,0.1414791807111293,0.1447957093959803,0.21227394588868786,0.04069237248952343,0.1449721142329307,0.1340632565849355,0.31386806084331287,0.15171230557009674,0.1761928719583572,0.03849901832084357,3.8999999999999986,3.0,-0.003974030431758513,-0.36029158059537264,0.7853081097207992,0.6429303447153318
1153,1994,MO,0.10181200800107383,0.07281794915333865,0.10861990702006286,0.24176442226106049,0.1392691304024859,0.13878899838641146,0.19692758477556682,0.030390216734418017,0.11378539977826035,0.11358794723417356,0.303199693815536,0.16896731815711818,0.21866513202739157,0.05140429225310228,-3.5,-2.5500000000000007,-0.310243454242953,0.0764466786048633,0.7299305757195061,0.6642834168380217
1154,1994,NC,0.1145942683354321,0.07997962054797131,0.1163518934380818,0.2469989429532949,0.13525873557820534,0.13002118443973176,0.1767953547072828,0.02863976358551435,0.10815610204410087,0.10944671607660561,0.2996141833954462,0.17185553599565295,0.22781961202825962,0.054468086874420396,6.0,5.300000000000001,-0.2016197276874632,-0.08009225299539435,0.71771230109732,0.6931834608529854
1155,1994,AR,0.08928523042247193,0.06540154746585787,0.10004363996472065,0.23402108399672056,0.14243243070558342,0.14792246779503848,0.2208935996496071,0.025652790102503376,0.09831560758569745,0.10186885423123034,0.29183785338323587,0.17654594350146846,0.24517736414828029,0.06060158704758423,-1.8999999999999986,0.5500000000000007,-0.03202271000438298,-0.30016151311401407,0.6942210488041355,0.6311839325553544
1156,1994,MN,0.11709618287070406,0.081334459186861,0.11775280062402915,0.24775741224405284,0.1344132166140093,0.12837771530256126,0.1732682131577824,0.03545789103614456,0.12953087671572858,0.12444003933191952,0.31034857136672417,0.16041521328650998,0.1956455163971601,0.0441618918658131,-5.5,-6.5,-0.3272952924930089,0.490163832274971,0.7601925917370268,0.6983540715396563
1157,1994,TN,0.07346875119120273,0.05545606348887651,0.08765091115169654,0.21947750879418595,0.14451471581618652,0.15987509224852214,0.2595569573093296,0.02627988775502389,0.10040649862180907,0.10351540979124707,0.29366138280489007,0.17559589788762586,0.24133562981633117,0.059205293323072894,5.0,4.75,-0.054695463568629074,-0.12435778050834928,0.6994590768605959,0.5805679504421483
1158,1994,KS,0.1115505782238569,0.07831083952578365,0.1145991443294106,0.24596554010725669,0.1362646451439964,0.13205317535104377,0.181256077318652,0.026296116104459352,0.10046043021566113,0.10355761875176184,0.29370714938126397,0.17557102162555083,0.24123767430445564,0.059169989616847274,1.5,1.9499999999999993,-0.4276404063232906,0.3087784097433562,0.6995923360786971,0.6866907473303042
1159,1994,WI,0.09594041603126299,0.06939148046124716,0.1047288346477134,0.23849447082298492,0.14087259782670225,0.1430115227761839,0.20756067743390538,0.03376849458162455,0.12437119858896091,0.12100114459154943,0.30843913955624186,0.1632732709952338,0.20280043528103953,0.04634631640534992,-0.6000000000000014,-3.1000000000000014,-0.1821764562110606,0.3765133513311763,0.7508532483136106,0.6494277997899107
1160,1994,IN,0.09181797898751884,0.06693339238522603,0.10186195346595422,0.23582558314194613,0.1418756321963895,0.14603966081523123,0.21564579900773406,0.02584243379222059,0.09894933753928728,0.10237000130911436,0.29240075345873906,0.17626102236923324,0.24400383093583722,0.06017262059556827,5.5,5.949999999999999,-0.28567054360861377,-0.12484845260851542,0.6958235484685945,0.6383145401770347
1161,1994,CT,0.13238232936845856,0.08928638589097812,0.12556898004802916,0.2508095282639501,0.12898875166557944,0.11886451682281052,0.1540995079401941,0.04020120349627382,0.14355744882309848,0.1332227746146961,0.31367141432936174,0.15251383870559954,0.17786308521471017,0.03897023481626016,-1.6000000000000014,-1.5,0.025773592155103043,1.0182313961501956,0.7831666799690297,0.7270359752369954
1162,1994,NJ,0.09417240165309931,0.06834258895968492,0.10351319323334618,0.23738932510754923,0.14131650630216697,0.1443042945524351,0.2109616901917183,0.0354526326478412,0.12951495276545333,0.1244295999955467,0.31034328270922357,0.16042409167709482,0.1956670573327023,0.04416838287213809,3.200000000000003,3.0000000000000036,0.13627319816797354,0.7984447383548131,0.7601645597951596,0.6447340152558466
1163,1994,AL,0.0833497879212028,0.06174651259860005,0.09560720647112456,0.22926074992480383,0.143527359608369,0.15238633496776255,0.23412204850813723,0.020149577813677298,0.07937872257347166,0.08603982423315294,0.2704529891402533,0.18339406254589646,0.28429208126505257,0.07629274242849582,10.200000000000003,8.000000000000004,-0.07139090291700137,-0.4654657167162138,0.6394151763064517,0.6134916165241002
1164,1994,OR,0.16435396258276183,0.10417595401583987,0.13824129429211485,0.25051172934051735,0.11714941308125137,0.10174057232518863,0.1238270743623261,0.048606285656211175,0.16683462184265432,0.14602040506330097,0.3141488318750099,0.13939527332785218,0.15281949899292913,0.032175083242042324,-4.899999999999999,-5.849999999999998,-0.23530113264385424,0.6941803368808211,0.8150054177650286,0.7744323533124853
1165,1994,SD,0.10147344107121138,0.07262273541885829,0.1084015322177265,0.2415918562119726,0.13936646273074083,0.13902934637281417,0.19751462597667624,0.02368089437645625,0.09165278786101878,0.09648908884693913,0.2853583495867104,0.1793602622756631,0.25801683945292364,0.06544177760028869,3.3000000000000043,1.3500000000000014,-0.4897880497034392,-0.05275548867846272,0.6765413829467877,0.6634560276505096
1166,1994,LA,0.09241918198691033,0.06729458322859565,0.10228714764601302,0.23623509990347996,0.1417365043771064,0.14559510258041397,0.21443238027748068,0.028064678304785092,0.10628471070443293,0.1080389838406064,0.29828847898546096,0.172786753436855,0.23098310371464092,0.05555329101321871,3.6000000000000014,2.25,-0.014641210884768038,-0.08665179823609492,0.7134636052721404,0.6399725171421053
1167,1994,DC,0.279446438882924,0.14046903494612079,0.15492896984318077,0.2160264558952153,0.08042703524103545,0.06182313901379222,0.0668789261777315,0.11618406634363482,0.29784519044472274,0.17889677903506485,0.24981584074939311,0.07619358111136287,0.06830911400124517,0.012755428314576434,-28.299999999999997,-33.699999999999996,0.17489357147976337,1.1170580127932808,0.9189354576841784,0.8712979348084763
1168,1994,CA,0.12920284389605147,0.08767800440960463,0.12404478713907255,0.25038028825984127,0.13014447158888132,0.12076895240589303,0.15778065230065574,0.04114273746280481,0.1462631556854997,0.13482312219727352,0.31402693693471007,0.15098072333747237,0.17468688100315888,0.03807644337908067,-4.799999999999997,-3.549999999999997,-0.09525124979615836,0.8475731870855487,0.7872366756177605,0.7214503952934512
1169,1994,CO,0.12085807619662033,0.08334311006864299,0.1197930341631592,0.24875153974784292,0.13311474684923863,0.12595242930238582,0.16818706367211012,0.04151729230873416,0.14733245226729066,0.1354473082769601,0.314143887448312,0.1503748176754467,0.17345253333345423,0.037731708689802135,-1.5,-0.8999999999999986,-0.39490003913427746,0.5838360394264276,0.7888157579767436,0.7058605070255041
1170,1994,NM,0.10328729754434855,0.07366522833294022,0.1095630597586516,0.24249453660725695,0.13883874246788785,0.13774637216358276,0.19440476312533206,0.028816724168446377,0.10872975188201986,0.1098751247030233,0.3000068722658781,0.17156695522076837,0.22686218618798204,0.054142385571882,-0.10000000000000142,-0.8000000000000007,-0.12076689857288946,0.3034919091210001,0.718995428240136,0.6678488647110852
1171,1994,IL,0.13040404198292344,0.08828843112498871,0.12462669327706796,0.2505541881972683,0.12970908952929128,0.12004493060369414,0.15637262528476614,0.03857348167086766,0.13881918863376289,0.13034756573779763,0.31283538799142385,0.15519550086174871,0.18361488354091005,0.040613991563489216,-3.1000000000000014,-2.8999999999999986,-0.05584946646419035,0.49993402679096094,0.7757711248956007,0.7235824441115397
1172,1994,PA,0.11749864462235657,0.08155098345305303,0.1179748431987176,0.2478720199509003,0.13427578135298734,0.1281156155823815,0.17271211183960367,0.03450816235851629,0.12664108372850386,0.12252796240841807,0.30932817238776766,0.1620208922343248,0.19960890148956778,0.04536482539290154,-1.2999999999999972,-1.9999999999999964,-0.06557441008582691,0.18034159395178653,0.7550262731175307,0.6991722725780148
1173,1994,TX,0.10368542356791378,0.07389294399068803,0.10981525170776266,0.24268556243454226,0.1387209043829123,0.13746632460936714,0.19373358930681384,0.02945764277698046,0.11079878891104791,0.11140821421820224,0.30137100130128025,0.17051475468803012,0.22345587899588104,0.052993719108577975,3.200000000000003,2.900000000000002,-0.19764250658134105,0.07210217074975253,0.723550401895541,0.668800086083819
1174,1994,SC,0.1015046636367449,0.07264075003530526,0.108421700966089,0.24160784935774265,0.1393575098136992,0.13900716491589526,0.1974603612745237,0.026765880905470718,0.10201773179819959,0.10477076518278489,0.2950016575495156,0.17484508242426555,0.2384333883100761,0.05816549382968761,10.600000000000001,9.349999999999994,-0.024999954046774717,0.07050328530137441,0.7034011178602363,0.663532473809581
1175,1994,MS,0.09623410623471872,0.06956494336579074,0.10492876934423645,0.23867246202088194,0.1407969787345107,0.14279768416579508,0.2070050561340664,0.020031623156872805,0.07896098910579255,0.08567170284449861,0.26987090151421633,0.1834973822054229,0.28525134957384324,0.07671605159935357,12.300000000000004,9.400000000000002,-0.00996184303309586,-0.3443921867191435,0.6380325988268032,0.6501972597001385
1176,1994,IA,0.10933313182092708,0.07708077027441529,0.11328805157255045,0.24513257110402015,0.1369797259242458,0.1335558977428759,0.18462985156096534,0.030532731663078697,0.11423932532954272,0.11391581333571532,0.3034634840682454,0.16872943149110153,0.21794971517611073,0.05116949893620559,-0.10000000000000142,-4.5,-0.3352015883425987,0.37777805112609303,0.7308807858876837,0.6818142506961588
1177,1994,MD,0.11534644245961582,0.08038853674400874,0.11677680704165114,0.24723540742582278,0.135006200837276,0.12952453904433903,0.1757220664472865,0.032835471787862655,0.12148365637972681,0.11902700689446588,0.30719276889581154,0.16485289840162054,0.20696385883034785,0.04764433881016472,-1.7999999999999972,-2.049999999999997,0.03259216105883306,0.6482352097902667,0.7453918023594874,0.6947533945083745
1178,1994,WA,0.15491676083987443,0.10001907250497988,0.1349734109623012,0.2513525504872424,0.12064204788309874,0.10643072351782934,0.131665433804674,0.04883730954257769,0.16744731375515576,0.14632795334558735,0.31408903162850343,0.13905415975803526,0.15222400572716321,0.03202022624297729,-5.399999999999999,-5.149999999999999,-0.2534466986367809,0.8818551583285333,0.8157557680298595,0.7619038426774967
1179,1994,VA,0.10816340958295606,0.07642701767673415,0.11258465935408718,0.24466491650116545,0.1373502751605895,0.13435609492847445,0.1864536267959932,0.03211099256110514,0.11922265769319976,0.11745618517410877,0.30612350644389624,0.16607740328052367,0.2103076119803453,0.048701642866821104,7.600000000000001,6.950000000000003,-0.15044987338949378,0.3521144116541257,0.7409907451528336,0.6791902782755324
1180,1994,FL,0.09360646983170912,0.06800515768537557,0.10311968349555439,0.23702318597153543,0.14145434799035583,0.14472002613867652,0.21207112888679314,0.026955996397048917,0.10264585882985304,0.10525698954756296,0.29550916562659213,0.1745482441884918,0.23731541378085041,0.05776833162960071,3.5,5.5,-0.12720470623613733,0.4767868156452973,0.7049162545895489,0.6432088449745303
1181,1994,ME,0.14841833033159801,0.09704212254775615,0.1325016461189614,0.2515983314049566,0.12305910886409488,0.10983163552251018,0.1375488252101228,0.03959945827473198,0.14181478612711385,0.13217609968957528,0.3133961284623577,0.15350082278354504,0.17994989229588376,0.03956281236679238,-7.0,-2.5500000000000007,-0.07144333368474905,0.6192192928313706,0.7804872953373239,0.752619539267367
1182,1994,UT,0.12684271852768927,0.08646873527649071,0.12287969146318933,0.24999575659446066,0.1309949044420694,0.12220764988405908,0.16061054381204154,0.03075383272842876,0.11494225883617011,0.11442175788860545,0.30386475713542566,0.16835974145900412,0.21684833589742614,0.05080931605493977,6.0,9.400000000000002,-0.48372213384637275,-0.1627174701393497,0.7323423480476341,0.7171818063038994
1183,1994,OK,0.10502169590693573,0.07465435637030844,0.11065452663325206,0.24330842033155714,0.1383203712345753,0.13653052937279542,0.1915101001505759,0.029480179220623168,0.11087129690171536,0.1114615976034398,0.30141734242456963,0.17047757264058083,0.2233378229509011,0.05295418825817011,5.200000000000003,4.850000000000001,-0.38134633857275896,-0.3232856530831106,0.7237079887909288,0.6719593704766287
1184,1994,AZ,0.09298065848882431,0.06763106914826447,0.10268204095559744,0.23661118364506079,0.14160427598167746,0.14518079152537977,0.21330998025519576,0.030310856302195127,0.11353234352001976,0.11340477561050677,0.30305103520421056,0.16909964154888013,0.2190654030670769,0.05153594474711076,1.1000000000000014,3.8500000000000014,-0.32826682282812275,0.5328554417234375,0.7293986521858123,0.6415092282194245
1185,1994,WV,0.09162724602779271,0.06681860969053471,0.10172654783651691,0.23569417612724491,0.14191923029521503,0.14618089536149514,0.21603329466120058,0.03718959985005621,0.1347294096989263,0.12779092896395242,0.3118841639055573,0.15750229227700796,0.18878387957063558,0.042119725733864244,-2.0,-3.9499999999999993,0.06119531856594228,-0.26527726062241686,0.7690963946955002,0.6377858099773043
1186,1994,WY,0.10846488128632292,0.07659583209260873,0.11276672821384282,0.2447873460067554,0.1372552349152132,0.13414936873436423,0.18598060875089273,0.03455435343847043,0.12678227315556664,0.12262220669805801,0.30938089567211174,0.16194271850150133,0.19941269115489613,0.04530486137939571,2.200000000000003,4.650000000000002,-0.36181571756132697,-0.06600521169500792,0.7552824474657082,0.679870022514743
1187,1994,DE,0.12185076181641903,0.08386747682747038,0.12031838406101678,0.24898578417246908,0.13276732161769578,0.12532164261776013,0.16688862888716882,0.04580959764924795,0.1593049017071081,0.1421190647551113,0.31459994131186175,0.14361050912765105,0.16038679730921646,0.03416918813980341,-2.1000000000000014,0.1999999999999993,0.04437149675204546,0.7232711396967271,0.8054440145509801,0.707789728495071
1188,1994,NH,0.11881505682483744,0.08225647854836736,0.11869478087018473,0.24823291488896154,0.13382367958461194,0.12726271884567297,0.17091437043736402,0.043827640703651104,0.1538403615043583,0.1391457771965523,0.31458009083264726,0.1466913788821842,0.16618405521557733,0.03573069566502951,0.20000000000000284,4.600000000000001,-0.13444652770746993,0.720279721177559,0.7980852491193932,0.701822910716963
1189,1994,HI,0.08445227596604209,0.06243237446623799,0.09645018198449465,0.23020395993602738,0.14334847960929825,0.15155286902187293,0.23155985901602671,0.037931922546771,0.13693026021285623,0.1291754080158129,0.31242325477633903,0.156262165961066,0.1859780221086249,0.04129896637852992,-0.6999999999999957,-4.649999999999999,-0.16647404128278145,0.8088294560464298,0.7727230115128452,0.6168872719621004
1190,1994,NV,0.08958716548290081,0.06558503159587852,0.1002627175757016,0.23424304997572837,0.14236863714700654,0.14769721087346543,0.22025618734931873,0.030719868417400233,0.11483438055913325,0.1143442514610595,0.3038037417024806,0.16841657859274872,0.21701685329244658,0.05086432597473112,-2.6999999999999957,1.4000000000000021,-0.3230056601757125,0.6634742903420348,0.7321188207328223,0.6320466017772158
1191,1994,ND,0.07059891511588542,0.05358016890940673,0.0852000092259046,0.21614574995883373,0.14455264804586054,0.16202863008120083,0.26789387866290815,0.021845108438303288,0.0853276390947953,0.09119248927692372,0.2781905326087871,0.18165981399792902,0.27110786387925034,0.07067655270401119,6.800000000000004,4.700000000000003,-0.4395199375879131,0.03420158775687018,0.6582155834167385,0.570077491255891
1192,1994,RI,0.1382931057886799,0.09221381442940771,0.12826776389408967,0.2513537913893924,0.12681710707758698,0.11542552485747959,0.14762889256336376,0.03830905329794239,0.13804211180251502,0.12986715454832534,0.3126714151248413,0.15563453181350329,0.18458208016094346,0.040893653251929174,-8.399999999999999,-8.95,0.17489357147976337,0.8948218150785043,0.7745242665871274,0.7369455825791567
1193,1994,VT,0.22887327589434373,0.1276249470079275,0.1520432486804008,0.23466620375981095,0.09500764147621865,0.07615282667784873,0.08563185650344962,0.07129423634668085,0.22079956875616474,0.16753710562414337,0.29820820394782716,0.11092403950444996,0.1095909858896652,0.02164585993106871,-7.0,-4.649999999999999,-0.18453850736593788,0.9122551425085896,0.8687631541792661,0.8382153168187017
1194,1994,MT,0.0922690437842686,0.06720447015838722,0.10218119318143334,0.23613349545098322,0.1417714889652173,0.14570603250670822,0.2147342759530021,0.03936536080460479,0.14113399141115213,0.1317637984881031,0.3132785112832911,0.15388621940423508,0.18077408321496213,0.039798035393651676,-2.299999999999997,-1.7999999999999972,-0.29138531500747455,0.034046179403921586,0.7794278813913862,0.6395596915402897
1195,1994,AK,0.10967425577197015,0.07727078715916938,0.11349164128115455,0.2452652357597246,0.13687077181433294,0.13332350910712232,0.18410379910652608,0.031972669243962505,0.11878908232301374,0.11715243723811214,0.30590885209399893,0.16631083116130685,0.21095744387534887,0.04890868406425697,2.1000000000000014,4.150000000000002,-0.2534801421316532,0.49272015032311917,0.7401338720603942,0.6825726917863516
1196,1996,,,,,,,,,,,,,,,,,,,,,
1197,1996,NY,0.13995551155542768,0.09302260534535603,0.1289960196916826,0.2514509713454353,0.12620239647057507,0.11448169287880805,0.14589080271271526,0.04262188120872025,0.15046266032982886,0.1372476958002784,0.31441174676384803,0.1486018744744202,0.1699051525745252,0.03674898884837907,-10.100000000000001,-6.800000000000001,0.13312965122885181,1.0616101727117975,0.7933458585770957,0.7396275044084767
1198,1996,OH,0.09444393314068693,0.06850419618986782,0.10370123889775451,0.23756284463381877,0.14124962372905803,0.14410515356235454,0.2104330098464594,0.031229501861368626,0.11644919409069272,0.11549912697097048,0.3046957844648054,0.1675620987419989,0.21451346725567644,0.050050826614487454,0.29999999999999716,0.5999999999999979,-0.09667375332780923,0.2570845425099669,0.7354357061298361,0.6454618365911861
1199,1996,ID,0.12146218354310961,0.08366249921813021,0.12011338138928943,0.24889545269816826,0.132903537924279,0.12556810141703167,0.1673948438099918,0.03242240922318197,0.1201965766738735,0.1181355163567257,0.3065943319836948,0.1655513982479212,0.2088581071458917,0.04824166036871114,11.5,8.05,-0.5380446654793709,0.1729189333702218,0.7429002324853972,0.7070370547729765
1200,1996,MI,0.11040696615911423,0.07767796124118827,0.11392660062605883,0.24554459152889752,0.1366354308934301,0.13282584503763128,0.18298260451367976,0.03575638765785883,0.13043343074118163,0.12502997835975832,0.3106423762848272,0.15991149613895306,0.19442991812122135,0.043796412696199605,-2.200000000000003,-1.6000000000000014,-0.005224022857891089,0.550117635577937,0.761773669182579,0.684191550448689
1201,1996,GA,0.104320829087241,0.07425555571615744,0.11021570879502729,0.24298523006202277,0.13853139881519183,0.1370205458995699,0.19267073162478976,0.02685778718723113,0.10232153520173283,0.10500615662002247,0.29524816176434054,0.17470179369722372,0.23789172945153225,0.057972836077917034,6.299999999999997,5.899999999999995,-0.04941028002558486,0.1928298056347526,0.7041354344705507,0.6703087224756403
1202,1996,NE,0.07932015699986465,0.059212464843047666,0.09245079575937365,0.2255694342609864,0.14407284343233512,0.15544198415616428,0.24393232054822822,0.030696818869033547,0.11476114885129449,0.11429160831366098,0.30376220525555103,0.16845514097455883,0.21713135411945517,0.05090172361644596,13.0,11.100000000000001,-0.4175214279379622,0.3733324308867256,0.7319669222640989,0.6006256952956075
1203,1996,MA,0.1463790201786135,0.09608838585426838,0.13168713946892266,0.25161353050518104,0.12381781699041317,0.11092888942671786,0.1394852175758834,0.05723677280452871,0.18879701007508018,0.15612679868871174,0.31006682235086486,0.12739546952499647,0.13316267155404582,0.02721445500177222,-12.600000000000001,-10.5,0.08786795684036461,1.1676031364487673,0.839622873444182,0.7495858929973988
1204,1996,KY,0.09429273526841829,0.0684142310940976,0.10359658932668012,0.2374663946043108,0.14128692539077425,0.14421601573547593,0.21072710858024302,0.04113358917430412,0.1462369885562347,0.13480778887664502,0.3140239096417657,0.1509955512549278,0.17471723374537063,0.03808493875075203,4.199999999999996,4.049999999999997,-0.04400226520226305,-0.14956325881268936,0.7871978275038773,0.645056875684281
1205,1996,MO,0.09774850810532926,0.07045591848944521,0.10595076377415613,0.2395655451647089,0.1403989567045819,0.1416992880783663,0.2041810196834123,0.03141456939240656,0.1170335336985493,0.11591423462201605,0.3050074482263413,0.16725101589707692,0.21361758736672343,0.04976161079688646,0.5,-1.5,-0.21467044409277344,0.20064220514004924,0.7366208018363901,0.6541196922382214
1206,1996,NC,0.11191205615871104,0.07851021487123074,0.114810126275905,0.2460948250973765,0.13614659674202678,0.13180998591813797,0.18071619493661195,0.0298461820624401,0.11204654129415281,0.11232363311974719,0.3021548541050696,0.1698721506630555,0.22143654392413736,0.052320094831397435,8.0,7.0,-0.15881150125986143,0.2237451660901748,0.7262433612444652,0.6874738191452501
1207,1996,AR,0.09411994345396547,0.06831134572363613,0.10347680735860984,0.23735564185128338,0.14132937217524755,0.14434279181071552,0.2110640976265421,0.028628403034558762,0.1081192394745743,0.10941913679063492,0.29958873162932115,0.1718740313629612,0.22788133156680512,0.05448912614114454,-3.9000000000000057,-2.900000000000002,-0.014059786339603494,-0.048396261871134764,0.7176295422920503,0.6445931105627424
1208,1996,MN,0.11596946296796054,0.08072619773735892,0.11712631492844838,0.247425739415922,0.13479592623260217,0.12911483236133048,0.1748415263563775,0.03602071219170133,0.13123039752438426,0.12554804219830018,0.3108921604121677,0.15946593024690459,0.1933651548455827,0.04347760258095923,-5.700000000000003,-5.600000000000001,-0.315331667222132,0.6353660994152774,0.7631572425734581,0.696043641282292
1209,1996,TN,0.07440212944048824,0.05606139600221405,0.0884341371510452,0.22051077456621648,0.14447540476399084,0.15917055339455677,0.2569456046814884,0.0265931789396529,0.10144608085502149,0.10432671551940181,0.2945325097714393,0.1751132446646475,0.23945736578130206,0.05853090446853493,4.899999999999999,4.949999999999999,-0.08326343389837347,-0.0008145391853573088,0.702011729750163,0.5838838419239548
1210,1996,KS,0.10306818141664922,0.073539731621164,0.1094238399752969,0.24238832130068655,0.13890329552249692,0.1379007421484727,0.1947758880152337,0.024738721519109566,0.09524378453789695,0.09941380408059829,0.2889802925511082,0.17788677121698937,0.2509811432388914,0.06275548285540622,13.599999999999994,7.549999999999997,-0.40081043102233915,0.43684433526947214,0.6862633739057024,0.6673233698362936
1211,1996,WI,0.09467586995057171,0.06864208870494111,0.1038614753021235,0.23770996355535812,0.14119211601924442,0.14393522042441387,0.20998326604334727,0.032989161429659256,0.12196117400555069,0.11935594346460768,0.307407994430424,0.16459282788391094,0.20626717656618254,0.0474257222196649,-2.200000000000003,-1.4000000000000021,-0.20443588146531047,0.4348551306426006,0.7463071012141526,0.6460815135322389
1212,1996,IN,0.08888647911636338,0.06515886727720502,0.09975334846124875,0.23372505159033263,0.1425155656189016,0.1482202672413202,0.2217404206946284,0.02806276181431824,0.10627845590143206,0.10803425262468336,0.2982839320754726,0.17278983864575403,0.23099378133850523,0.05555697759983447,6.399999999999999,5.949999999999999,-0.15722017553377754,0.11793311799530252,0.7134492410616603,0.6300393120640514
1213,1996,CT,0.13640019910373177,0.09128512794405372,0.12742223627164734,0.2512139450799513,0.12751522481407462,0.11651264311981346,0.14965062366672777,0.04174688575719772,0.14798592831470225,0.13582646447434008,0.3142089126211057,0.15000457308939963,0.17270390310692285,0.037523332636331785,-6.0,-3.8000000000000007,0.02665720049587128,1.0178380527271518,0.7897727642567453,0.7338367332134588
1214,1996,NJ,0.10021392617996654,0.07189398370676715,0.10758277815373446,0.24093315592211106,0.13972362803676153,0.13992693381019472,0.19972559419046454,0.03800963185554479,0.13715970630710503,0.12931858110696684,0.31247578142664273,0.15613270082820507,0.1856887782126646,0.04121482026287093,-4.800000000000004,-0.8000000000000007,0.11536966415546729,0.8692622195252158,0.7730964015244645,0.6603474719993407
1215,1996,AL,0.08115176344984792,0.06036958620980434,0.09390027567784529,0.22729573818657017,0.1438469104442563,0.15405182409265572,0.23938390193902026,0.020733047843978506,0.08143761193056541,0.08784206889009936,0.27324609823546064,0.18284759735223383,0.2796292905963027,0.07426428515135952,9.399999999999999,9.8,-0.03322170905202801,-0.2147626353087356,0.6461064242523378,0.606564273968324
1216,1996,OR,0.16029051692995885,0.10241002715675049,0.13687964777438882,0.25093942135867686,0.11864938286534898,0.10372493004397798,0.127106073870898,0.04686252329129795,0.16216438058543972,0.14362721536440903,0.3144917568551197,0.14200504054948015,0.15745761343261,0.033391469921643435,-1.6000000000000014,-3.25,-0.2534036991447154,0.7519741996658497,0.8091509166457466,0.769168996085124
1217,1996,SD,0.09748746834627246,0.07030275498566553,0.10577566766040958,0.23941452911554545,0.14046851121683657,0.14188810470808244,0.20466296396718797,0.022891005727702248,0.08894585339105573,0.09424510326299185,0.28241784983257134,0.18039466831231749,0.26350715317943907,0.06759836629392224,5.799999999999997,4.550000000000001,-0.48760726920015185,0.045807186666732565,0.6688944805266386,0.6534489313247296
1218,1996,LA,0.09286266552444523,0.06756042454270526,0.10259923132420601,0.23653265806845147,0.14163224476487446,0.14526778707008714,0.21354498870523042,0.030121346106021456,0.11292722818342343,0.11296563291467598,0.3026908862777518,0.16941518228289898,0.22002674128612754,0.05185298294910079,-0.8000000000000043,1.3999999999999986,0.03575483230126389,0.13826200904524183,0.7281202757647717,0.6411872242246824
1219,1996,DC,0.2680700369072726,0.1379729698724525,0.1547588320737991,0.22044642772030787,0.08349481461336916,0.06471690289546805,0.07054001591733072,0.11068329775728727,0.2901388694849223,0.17883529565245337,0.25569749022528643,0.07941065658744184,0.07177136190400579,0.013463028388603027,-31.400000000000002,-29.85,0.17844076555585173,1.1676031364487673,0.9147656097073912,0.8647430811872012
1220,1996,CA,0.1278278625170367,0.08697509655604221,0.12336954458814889,0.2501632734160775,0.13064077846733357,0.12160451400057415,0.15941893045478694,0.04137354381916016,0.14692254617599435,0.13520858440031808,0.314100610085284,0.1506070794248413,0.1739243323591858,0.03786330373521629,-2.5,-3.6499999999999986,-0.061899903164895284,0.8184728012804293,0.7882123639055979,0.7189765555446389
1221,1996,CO,0.11683986319241636,0.08119635494428389,0.11761091074661073,0.24768336588597967,0.13450054837438907,0.12854496977416652,0.17362398708215376,0.04008347883596628,0.1432173428576843,0.1330194835246682,0.3136205747352908,0.152706505188557,0.17826779183730135,0.03908482302053207,5.099999999999994,1.7999999999999972,-0.3953849562124306,0.6326785327482969,0.7826473851421666,0.6978310431436797
1222,1996,NM,0.1030907447557569,0.07355266011093027,0.10943818987295917,0.24239929431482987,0.13889665818038532,0.1378848381344432,0.19473761463069528,0.028682692951340447,0.10829536024232649,0.10955084982128896,0.2997100964966287,0.17178561131344117,0.22758666364033464,0.05438872553463958,1.1999999999999957,0.5499999999999972,-0.1516411587967177,0.4439637641824911,0.7180246108250258,0.6673775472348615
1223,1996,IL,0.13180915343232957,0.08899818737977946,0.1252980131261807,0.25073946552597354,0.1291978532247814,0.11920499069843526,0.15475233661252008,0.04055050028909049,0.14456420826142172,0.13382175487457665,0.31381379721361446,0.15194343806376032,0.1766722991910623,0.03863400210647405,-3.9000000000000057,-3.5000000000000036,-0.03926772401027744,0.6906292821965625,0.7846936987024636,0.7260426726890447
1224,1996,PA,0.11794974714358256,0.08179321085406863,0.11822264006755856,0.24799808872463136,0.1341212929997485,0.12782258840888272,0.17209243180152767,0.03481339133474463,0.12757284058314702,0.12314834603324609,0.30967061815367597,0.1615044470750342,0.19831896049542241,0.044971396324729684,-0.7000000000000028,-1.0,-0.09451051866900838,0.35896445170160607,0.7567096431798479,0.7000849797895896
1225,1996,TX,0.09912912192993438,0.07126311545601209,0.1068694937399692,0.24034433933216826,0.14002478784172778,0.14070431520404048,0.2016648264961478,0.029233373589070296,0.11007632736639139,0.11087504190324571,0.3009038838864332,0.17088411685694738,0.2246370113935794,0.05339024500433265,8.099999999999994,5.649999999999999,-0.15679803862165592,0.21125216954453677,0.721972743602088,0.6576308582998117
1226,1996,SC,0.10153130086036317,0.0726561170917263,0.1084389028690998,0.24162148101934205,0.13934986800435512,0.13898824369003593,0.19741408646507763,0.027544670680921618,0.10458308964244759,0.10674542264956358,0.29702250796614527,0.1736190159760821,0.23391398834338328,0.05657130474145655,9.099999999999994,9.84999999999999,-0.021036183327170572,0.260502542526952,0.7095147069151602,0.6635976698448864
1227,1996,MS,0.0943187089677093,0.06842969000672972,0.10361457749950617,0.23748299401100076,0.1412805280430829,0.14419696645236946,0.2106765350196017,0.021224320651840347,0.08316159307750039,0.08933570632957434,0.2754900098199406,0.18234499733333576,0.2758069507028892,0.07263642208491938,8.5,10.400000000000002,0.04926229955564508,-0.04147465371311938,0.6515566272121914,0.6451264985280288
1228,1996,IA,0.1025423265980205,0.07323806287173175,0.10908850420082047,0.24213026436020607,0.1390573284923562,0.13827190632523645,0.19567160715162857,0.0294412233084042,0.11074595101383394,0.11136929817632713,0.3013371698399976,0.170541837201572,0.22354196417146943,0.053022556288395695,-0.8000000000000043,-0.45000000000000284,-0.2941714465692144,0.4778399189109653,0.7234354795401349,0.666056486523135
1229,1996,MD,0.11577453103856633,0.08062065101201246,0.11701719765002291,0.24736672281970257,0.13486182261697566,0.12924286028335952,0.17511621457936055,0.033870341654473765,0.12468475297210448,0.12121336339189459,0.30856663286848185,0.16310079023738855,0.2023553701260674,0.04620874874958936,-2.4000000000000057,-2.1000000000000014,0.04270163713462102,0.7941535610842737,0.7514358811243432,0.6956409251372799
1230,1996,WA,0.1481216455780898,0.0969039529085465,0.132384320663274,0.2516024527072822,0.1231695055968065,0.10999036342428625,0.13782775912171474,0.04882737486828464,0.16742099520318257,0.14631477293145914,0.3140916695449687,0.13906880611775185,0.1522495249444108,0.03202685638994229,-3.4000000000000057,-4.400000000000002,-0.15306637675723367,0.7948719020095518,0.8157236186656469,0.752181877453999
1231,1996,VA,0.10695302795223328,0.07574697922183767,0.11184815597737499,0.2441598916285842,0.13772851128930985,0.13518949965059113,0.18837393428006888,0.03368256442831115,0.12410639633796101,0.1208215945729211,0.3083302859277736,0.16341879705966955,0.20317736107826834,0.04646300059509523,6.399999999999999,7.0,-0.09516474900741585,0.5277949349340002,0.7503596383266364,0.67643656606934
1232,1996,FL,0.09710402407883995,0.07007745795653872,0.1055176630789901,0.2391905015695922,0.14056997404077498,0.1421658520371969,0.20537452723806715,0.02914207258873089,0.10978173807006525,0.11065697566523,0.3007105921612916,0.1710341346830474,0.22512116271947458,0.053553324112160294,1.5999999999999943,2.549999999999997,-0.10066611243991992,0.5914393211600207,0.7213255131683651,0.652459620724736
1233,1996,ME,0.16156658486499118,0.10296847029508402,0.13731454030279083,0.25081540812620595,0.11817759779281867,0.10309614237242526,0.1260612562456841,0.04348514579328699,0.15288505957155293,0.1386136361095132,0.314544893236149,0.1472313412879509,0.16722550894614174,0.03601441505540526,-9.900000000000002,-8.450000000000001,-0.09763487915473426,0.6444314903835315,0.796760075998453,0.7708426013818906
1234,1996,UT,0.12171249901048425,0.08379458372287443,0.12024553491656634,0.2489538424214074,0.1328158215922033,0.12540926948054654,0.16706844885591776,0.033227063193909,0.12269887939297355,0.11986218306351445,0.3077333394705385,0.16419012005453937,0.2051973032047929,0.04709111161973223,13.699999999999996,9.849999999999998,-0.34319781054014187,0.0765583704684354,0.7477115851754749,0.7075222816635357
1235,1996,OK,0.10245038120266123,0.0731852451293406,0.10902969317432157,0.24208468393483568,0.1390841308473033,0.1383369042396846,0.19582896147185302,0.029674153169370318,0.11149469627794271,0.111919614634747,0.3018117316265934,0.1701570706513551,0.2223264443703411,0.05261628926965034,7.599999999999994,6.399999999999999,-0.35313132883910947,-0.19495299245237163,0.7250572663600086,0.6658341342884624
1236,1996,AZ,0.0928183207392378,0.06753386525574646,0.10256808511344503,0.23650307649044472,0.14164273134446398,0.1453004920458114,0.21363342901085058,0.03182362859288577,0.11832123338114,0.11682376563486069,0.3056737098116927,0.16656217948942975,0.21166180402634793,0.04913367906364319,3.5999999999999943,2.349999999999998,-0.25871292164588605,0.5552648416191382,0.7392045169100089,0.641066078943338
1237,1996,WV,0.09300671424544103,0.0676466644076303,0.10270031473995606,0.23662848775726786,0.14159808688353137,0.14516158589536032,0.21325814607081306,0.03698713263861722,0.13412627568011723,0.12740798231120853,0.31172513229659304,0.15784153642207666,0.189562887468115,0.04234905318327231,-3.9000000000000057,-2.950000000000003,-0.003407848491250726,-0.10903897218332682,0.7680880593486127,0.6415802680338266
1238,1996,WY,0.10593341788455335,0.07517130496025767,0.11122084192389839,0.2437174585077354,0.138042819719552,0.13589576469439846,0.1900183923096047,0.035297431369666205,0.12904457735552927,0.12412074983846563,0.3101854094578077,0.16068620645225262,0.19630482979723973,0.04436079572903884,9.099999999999994,5.649999999999999,-0.3141865033550513,0.06354198742204697,0.7593343744737214,0.6740858429959968
1239,1996,DE,0.12863880190801302,0.08739019793085365,0.1237689769592191,0.25029360716116056,0.1303483428657186,0.12111083605528195,0.15844923711975312,0.04864516912559459,0.16693784201441692,0.14607232169060017,0.31413899345115504,0.13933778430938581,0.15271896950955954,0.03214891989928792,-4.200000000000003,-3.150000000000002,0.022723326067850453,0.786958481055767,0.8151321105911525,0.7204399268249649
1240,1996,NH,0.12873293315111894,0.08743828115303862,0.12381512056105878,0.25030829843420155,0.13031434568677236,0.1210536952435618,0.15833732577024795,0.0482355485379161,0.16584845705563217,0.14552226796581533,0.31423797391381814,0.13994495767380966,0.15378420918623958,0.03242658566676904,-1.3000000000000043,-0.5500000000000007,-0.15721289638192634,0.8205938686226689,0.8137892051469914,0.7206089789861903
1241,1996,HI,0.08506402583250976,0.06281157344700204,0.0969141693958328,0.23071540884140365,0.14324413129143787,0.1510910994619561,0.23015959172985778,0.03845130271938464,0.13846039716366437,0.13012606237575308,0.3127606400711451,0.15539824554276804,0.18406060084997222,0.04074275127731253,-9.100000000000001,-4.899999999999999,-0.17003828997560724,0.8652006399529404,0.7751966478727152,0.6187493088081861
1242,1996,NV,0.08915529562540041,0.06532251429761908,0.09994916815759095,0.23392498315791704,0.1424596606602599,0.14801946821447975,0.22116890988673288,0.032609968316285,0.12078166676765582,0.11854166164073532,0.3068697062132678,0.16523432875359045,0.20799401598243483,0.04796865232603076,2.1999999999999957,-0.25,-0.23570226656806392,0.7046638498921545,0.7440373316915344,0.6308116218987874
1243,1996,ND,0.06880945581986371,0.052399197240082226,0.08363865739419205,0.2139455797095335,0.14450816612526318,0.1633579820127048,0.27334096169836053,0.022063022562477348,0.08608470920511582,0.09183627278955393,0.27910396731204123,0.1814070851604826,0.269492079908503,0.07001286306182608,6.199999999999996,6.5,-0.41560137800489755,0.20847536181097748,0.6604950570296709,0.5633010562889347
1244,1996,RI,0.14268314344716468,0.0943359209512899,0.13016235487107616,0.25156030375790295,0.1251912565770673,0.11295493331655748,0.14311208707894152,0.04040510128911207,0.14414556040307128,0.13357318277408534,0.3137560557463031,0.15218064436693046,0.1771661701478663,0.038773285272631464,-13.900000000000002,-11.15,0.17844076555585173,0.9822979208746686,0.7840605445795022,0.743932979604501
1245,1996,VT,0.23881035990800073,0.1305122217138657,0.15307259964281145,0.23125566227095418,0.09194659335632771,0.07301541559627533,0.0813871475117649,0.07526291312294793,0.2290629971797823,0.16985355354972065,0.2942249157615728,0.10688094276533788,0.10427272093090767,0.02044195668973081,-9.600000000000001,-8.3,-0.18687911970950863,0.896779958722745,0.8752853223793615,0.8455974368919598
1246,1996,MT,0.08959961414571366,0.06559259151436181,0.10027173655027449,0.23425216120888176,0.14236599150427726,0.14768792807868825,0.22022997699780278,0.03914185977005365,0.14048251991068494,0.13136746200028118,0.31316059076042146,0.15425489171314888,0.18156754871175695,0.040025127133652916,3.3999999999999986,0.5500000000000007,-0.2794854498831727,0.19186713181271922,0.7784073241545901,0.632082094923509
1247,1996,AK,0.10662940744241145,0.07556454186000022,0.11164973417406265,0.24402116513795097,0.13782870866171104,0.13541324996796644,0.18889319275589722,0.03163741626093114,0.11773570694605795,0.11641108724448601,0.30537423921009327,0.16687594935564043,0.2125479849139712,0.04941761606882,10.099999999999994,6.099999999999998,-0.23628603316102767,0.5818186670389599,0.7380343990172088,0.6756935572761363
1248,1998,,,,,,,,,,,,,,,,,,,,,
1249,1998,NY,0.13628335916919498,0.09122753336366604,0.12736947242436034,0.2512042729807173,0.12755824395303117,0.11658018164458239,0.14977693646444779,0.04344543626991652,0.15277408859845307,0.13855158160068443,0.31454017586488076,0.1472940862794253,0.16734704287265256,0.03604758851398737,-10.100000000000001,-6.800000000000001,0.21385144987605856,1.0427444762713673,0.7966053686133601,0.7336428818909698
1250,1998,OH,0.09680419584402944,0.06990103045728671,0.10531525244547216,0.23901349377047348,0.14064871786065059,0.14238335485830256,0.20593395476378507,0.030693475766085648,0.11475052591411793,0.11428396999256582,0.3037561721478593,0.16846073340758816,0.21714797058798607,0.050907152183797044,0.29999999999999716,0.5999999999999979,-0.16819105968037937,0.27303551932791725,0.7319448772282169,0.6516826903779124
1251,1998,ID,0.12295575268456503,0.08444839263276847,0.12089686108391581,0.24923320161462464,0.13237848102928906,0.12462400637543047,0.1654633045794065,0.03165954888568285,0.11780535865013819,0.11646025560035106,0.30541016628345197,0.16683867210236603,0.21244229627088262,0.04938370220712729,11.5,8.05,-0.5833553479524944,0.11452673956492651,0.7381740015219901,0.709912689045163
1252,1998,MI,0.11612342760083041,0.08080949735236934,0.11721234732027735,0.24747201022529897,0.13474381189609808,0.12901381535352463,0.17462509025160122,0.03366709599013702,0.12405870440657761,0.12078922502426576,0.30831056548514435,0.16344499336223584,0.20324535039178004,0.04648406533985938,-2.200000000000003,-1.6000000000000014,-0.16870429829449046,0.47550639748650003,0.7502705842683606,0.6963610943948741
1253,1998,GA,0.10731739004830179,0.07595207341120097,0.11207079749776552,0.2443142062517475,0.13761522327859932,0.1349380453018174,0.1877922642105675,0.026293258002346973,0.10045093254717666,0.1035501864602969,0.2936990942003804,0.17557540379270664,0.2412549207367256,0.05917620426036685,6.299999999999997,5.899999999999995,-0.13301910126749844,0.20664793577713247,0.6995688750029075,0.6772696904876151
1254,1998,NE,0.08033144081316045,0.059852442268637715,0.09325416551221255,0.22653275911719087,0.1439528143009483,0.1546742865779822,0.2414020914098679,0.029834204080385805,0.11200814879310209,0.11229556841657984,0.3021311640134081,0.16989200883091615,0.22149829235527896,0.05234061351032904,13.0,11.100000000000001,-0.46521700283044504,0.2938110623907943,0.726161094134392,0.6039236220121499
1255,1998,MA,0.14525660372224236,0.09555944969763044,0.13123074868343784,0.2516085703646277,0.12423520744604033,0.11153904803651049,0.14057037204951084,0.05897772099549561,0.19300469730280254,0.1578497611140945,0.3088710367589151,0.12515714292025448,0.129754811612247,0.026384829296190793,-12.600000000000001,-10.5,0.12625459483022194,1.2736727261373602,0.8438603590915622,0.7478905799139787
1256,1998,KY,0.094472546184781,0.06852121482506233,0.10372102591155377,0.23758104866375734,0.14124254800348734,0.14408418118680089,0.21037743522455732,0.04124925440521309,0.14656765308865452,0.13500134440529502,0.31406158175412774,0.15080817760470278,0.17433419377483506,0.037977794967171796,4.199999999999996,4.049999999999997,-0.047059601039011065,-0.12983416464309233,0.7876880112579931,0.6455383835886418
1257,1998,MO,0.10032244051998108,0.07195692698219928,0.10765371519021588,0.24099095429970996,0.13969316827218747,0.13984938874184305,0.19953340599386327,0.0300558652275548,0.11271787383317006,0.11281332702895394,0.30256474211707435,0.1695240587538409,0.22036072526850803,0.05196340777089792,0.5,-1.5,-0.3055022372493812,0.10264598200155875,0.727675866960594,0.6606172052642937
1258,1998,NC,0.11099469177829505,0.07800361152236912,0.11427319670942745,0.24576320201503465,0.13644539355201335,0.13242813111215912,0.18209177331070125,0.02985883183858228,0.11208708199805799,0.11235326111586999,0.30217984039060425,0.1698511755785479,0.22137136682171055,0.052298442256627053,8.0,7.0,-0.13774703253237008,0.19415484337828262,0.7263301909216624,0.6854800955771396
1259,1998,AR,0.09440689175920018,0.06848216139176484,0.10367561527670593,0.23753925551145777,0.14125877583221436,0.14413230714284997,0.21050499308580695,0.02825682718858641,0.10691120327113529,0.10851198884593985,0.29873996792646207,0.17247679639456603,0.22991715116116018,0.05518606521215019,-3.9000000000000057,-2.900000000000002,-0.029278625105427204,-0.09475423291491222,0.7148967836266896,0.6453626997713431
1260,1998,MN,0.11570349085738951,0.08058216306412172,0.11697737768207936,0.24734509420447892,0.134885813934278,0.12928955492339944,0.17521650533425304,0.03553336342830586,0.12975933644140142,0.12458969363110634,0.3104240453294587,0.1602878014842326,0.1953368296900042,0.044068929995490835,-5.700000000000003,-5.600000000000001,-0.3175510116659974,0.5658448203461759,0.760594240314505,0.6954939397423475
1261,1998,TN,0.07553102544856981,0.0567904080197008,0.08937242642469267,0.22172851256780787,0.14441127057516095,0.1583165577492337,0.2538497992148342,0.026353421563688372,0.1006508017041602,0.10370650588150762,0.2938681951438823,0.17548306748049103,0.24089235610972193,0.05904565211654855,4.899999999999999,4.949999999999999,-0.1251481348155056,0.014514259593843474,0.7000619917737295,0.5878336430359321
1262,1998,KS,0.10226532089206493,0.07307887357164643,0.1089111623159254,0.24199252678172056,0.1391379576054752,0.1384678167826663,0.1961463420505012,0.024601504646693886,0.0947801683360816,0.09903953465709561,0.28853003821135076,0.17808298520042365,0.25187402733254993,0.06309174161580455,13.599999999999994,7.549999999999997,-0.384479126756153,0.38273844216547065,0.6850342310516455,0.6653858411668325
1263,1998,WI,0.09453200355598457,0.06855657254252812,0.10376212554320452,0.23761882710714677,0.14122782786594512,0.1440406085813002,0.21026203480389072,0.032498054129432276,0.1204326843392694,0.11829959018774974,0.306706128454099,0.16542354195659748,0.20850880840660158,0.04813119252625053,-2.200000000000003,-1.4000000000000021,-0.20950274691731818,0.3625243749337294,0.7433599990671479,0.6456973566148091
1264,1998,IN,0.09046334377231335,0.06611614638676211,0.10089489853975081,0.2348765860520179,0.14217948507582517,0.1470447408393346,0.21842479933399606,0.02738388421764087,0.10405512099840147,0.10634143503530102,0.2966177557740892,0.1738742601208011,0.2348341012802616,0.056893442573504704,6.399999999999999,5.949999999999999,-0.21498680926554933,0.07533280684476693,0.7082724561462337,0.6345304598266693
1265,1998,CT,0.13675159368340772,0.09145815258701395,0.12758051951848076,0.2512422986112705,0.12738579207819423,0.11630982815010715,0.14927181537152567,0.04143732230821833,0.14710448651751637,0.13531462882124354,0.3141200568332787,0.1505039866296065,0.17371470962618396,0.03780480926395258,-6.0,-3.8000000000000007,0.015533540601128496,0.9945937379164187,0.7884804811098635,0.7344183564783672
1266,1998,NJ,0.09975739603135646,0.07162885026976494,0.10728351643401171,0.24068780636482423,0.13985111494999924,0.14025360813256582,0.2005377078174776,0.03936033056647662,0.14111934508956395,0.13175490737499773,0.31327591807887606,0.15389450926994053,0.18079187036757915,0.039803119252565966,-4.800000000000004,-0.8000000000000007,0.14747957165439127,1.0080974847285564,0.7794050103798549,0.6592086840499566
1267,1998,AL,0.08199939779904383,0.06090208290969326,0.09456270180135759,0.22806706208785296,0.14372972074655505,0.15340906310206648,0.23732997155343083,0.020819625433505563,0.08174206466923604,0.08810686474128879,0.2736485776693106,0.182761728506954,0.2789488892197609,0.0739722497599441,9.399999999999999,9.8,-0.05621821512262672,-0.1580463483198574,0.647078861020295,0.6092609653445027
1268,1998,OR,0.15885202332764614,0.10177622601136171,0.1363812976280102,0.25106756039232514,0.11918193747212957,0.10444001583481399,0.12830093933371323,0.046524268190810486,0.16124903071813265,0.1431479926976159,0.3145349890537089,0.14251839289984536,0.15838771503492122,0.03363761140496546,-1.6000000000000014,-3.25,-0.23363336021873427,0.6828876602187061,0.8079746735601133,0.7672590448314728
1269,1998,SD,0.09879163135100433,0.07106624173271989,0.10664604636692368,0.240157032162998,0.14011721452639792,0.14094696165253484,0.20227487220742135,0.02202991055319693,0.08596978179505302,0.09173871570066679,0.2789663033563873,0.18144587590664674,0.26973648744115486,0.07011292524689439,5.799999999999997,4.550000000000001,-0.5430815122405258,-0.07266708418129371,0.6601505873119508,0.6567781661400438
1270,1998,LA,0.0944535988876112,0.06850994547379785,0.10370792374038965,0.237568995842184,0.141247234076621,0.14409806863733277,0.21041423334206355,0.03016301592270253,0.11306038178333917,0.11306240252296973,0.30277070319478633,0.1693458557801777,0.21981469216936889,0.05178294862665567,-0.8000000000000043,1.3999999999999986,-0.005547671389222184,0.2080525153371078,0.7284023592039754,0.6454876980206037
1271,1998,DC,0.2665211985605713,0.13761595876984128,0.15471590089622617,0.22104066864540506,0.08392170195196824,0.06512428632663392,0.071060284849354,0.11376562435665274,0.2945093459303819,0.1789018967836561,0.2523893725409232,0.07758094940627225,0.0697945871989285,0.01305822378318533,-31.400000000000002,-29.85,0.21385144987605856,1.2736727261373602,0.9171471890178862,0.8638154288240121
1272,1998,CA,0.12750593776537186,0.08680988036545861,0.12321002911035892,0.2501096479437097,0.13075663927994763,0.12180119484341234,0.15980667069174093,0.04148360253867258,0.14723643706407558,0.13539145189197158,0.3141339229254231,0.15042922091956412,0.1735628931561829,0.03776247150411016,-2.5,-3.6499999999999986,-0.0538243415590249,0.8205611083515181,0.7886746353397069,0.7183921344648467
1273,1998,CO,0.11572192810419121,0.08059215312105561,0.11698771502318364,0.24735071374871453,0.13487958862485339,0.12927743425723548,0.17519046712076614,0.040093204903400216,0.14324545662328805,0.13303630598284655,0.31362482997765967,0.15269057967982325,0.1782342912179633,0.03907533161501897,5.099999999999994,1.7999999999999972,-0.3707946230616394,0.5968087787162437,0.7826903771670177,0.6955320986219984
1274,1998,NM,0.10431292625594091,0.07425105193704248,0.11021074348396223,0.2429815420417778,0.1385337664748908,0.137026081345208,0.1926838884611778,0.02813367630362705,0.10650981651683102,0.10820914091154085,0.2984516006033098,0.17267559515869246,0.23059928948987352,0.0554208810161253,1.1999999999999957,0.5499999999999972,-0.19252958887139685,0.40316456956432817,0.7139798294940012,0.6702900301936142
1275,1998,IL,0.1353378877854734,0.09076031374310123,0.1269400358095124,0.2511214818983729,0.1279060159430243,0.1171285786401629,0.15080568618035284,0.03995959383894323,0.1428590062313713,0.13280478016793046,0.31356550232216973,0.1529094797204268,0.17869553096249713,0.03920610675666136,-3.9000000000000057,-3.5000000000000036,-0.11650603828035003,0.7284924628106852,0.7820983622808415,0.7320657351794843
1276,1998,PA,0.11816202335320174,0.08190702615296878,0.11833885187358964,0.2480565444508689,0.13404843606004557,0.1276849722127983,0.1718021458965271,0.03474831329805398,0.1273744207233764,0.12301654313670199,0.3095987756923525,0.16161453245335067,0.19859268781500783,0.04505472688115664,-0.7000000000000028,-1.0,-0.10019704984022909,0.3575610860914406,0.7563525853038355,0.7005128818906746
1277,1998,TX,0.10477459236114817,0.07451389159190716,0.11050015902965585,0.24319534784344105,0.13839500841568608,0.13670309081051701,0.19191790994764468,0.027607189016886618,0.10478814538496052,0.10690198973780052,0.29717817058987417,0.1735194927282946,0.23355800978296015,0.05644700275922343,8.099999999999994,5.649999999999999,-0.32897099331736385,0.167649932935616,0.7099949874578164,0.6713789992418383
1278,1998,SC,0.10387088491789653,0.07399888683527592,0.10993239532841484,0.24277368846873132,0.13866577280584969,0.13733606164753798,0.19342230999629373,0.027244842667020618,0.10359785726706092,0.10599054054846122,0.296262572411331,0.17409413217401826,0.23563515527311996,0.05717489965898803,9.099999999999994,9.84999999999999,-0.08450248520201112,0.29839651701990655,0.707189945067892,0.6692416283561683
1279,1998,MS,0.09693437227063782,0.0699776580285194,0.10540320518076893,0.2390905435131498,0.1406145941188791,0.14228888704675058,0.20569073984129438,0.020762460422278667,0.08154107261711682,0.08793210238962623,0.2733831721046402,0.18281855904215716,0.2793978124888844,0.07416482093529653,8.5,10.400000000000002,-0.03151715818835554,-0.03528533544448516,0.6464373665758191,0.652020373111955
1280,1998,IA,0.10167985797967309,0.07274178724467474,0.10853475661405892,0.24169729072400348,0.13930718667718722,0.1388827641318383,0.19715635662856423,0.028836241355884275,0.10879295719781976,0.10992223803795917,0.30004975100527664,0.1715350728417261,0.22675704484224746,0.05410669471908658,-0.8000000000000043,-0.45000000000000284,-0.285226625611621,0.35399860329439137,0.719136260438666,0.6639608792395975
1281,1998,MD,0.1158346573282552,0.08065321648728886,0.11705087765255778,0.2473849781511106,0.13484150717292265,0.1292033546406156,0.1750314085672493,0.03390039636964492,0.12477722017296425,0.12127586648667579,0.308603941466528,0.1630498925643067,0.20222437952046768,0.04616830341941269,-2.4000000000000057,-2.1000000000000014,0.04190558237877908,0.8000927702680395,0.7516073170601196,0.6957652367921351
1282,1998,WA,0.1485584084907294,0.09710728977858762,0.1325569028161007,0.25159616229484805,0.12300698447165925,0.10975679942906602,0.13741745271900896,0.04759981172614504,0.16414891058340575,0.14465473793390932,0.3143707471706055,0.14089406902314883,0.15546505932646182,0.032866664236323784,-3.4000000000000057,-4.400000000000002,-0.1760875493881497,0.6916733717721133,0.8116682764372144,0.752825747851925
1283,1998,VA,0.10638934405034083,0.0754290409805305,0.11150213252568891,0.24391723844543572,0.13790277481289903,0.13557947920016444,0.18927998998494056,0.033736311591458686,0.124272050442338,0.12093395200068638,0.30839850935023333,0.16332777417845068,0.20294145116612938,0.046389951270703556,6.399999999999999,7.0,-0.08093189267560942,0.5147906635450488,0.7506685975631671,0.675140530814895
1284,1998,FL,0.0974547437692667,0.07028354184871484,0.10575368594142737,0.23939551204284587,0.14047720338538494,0.14191179053068526,0.20472352248167502,0.02908211916371407,0.10958814524511455,0.11051346214278188,0.300582673243709,0.1711325300641391,0.22544013284766384,0.053660937292877575,1.5999999999999943,2.549999999999997,-0.11084980237046888,0.5958922318383039,0.7208989298594586,0.6533646869876397
1285,1998,ME,0.1593597512774291,0.10200044960723867,0.13655817986156216,0.2510237612954685,0.11899388597059035,0.10418685860302468,0.12787711338468655,0.043824774284750886,0.15383237990427423,0.1391413464090947,0.31457983675446816,0.1466958888858112,0.16619272129760998,0.03573305246399083,-9.900000000000002,-8.450000000000001,-0.05618590916821167,0.623736784261053,0.7980742262383992,0.7679360280122888
1286,1998,UT,0.12061574628762216,0.08321474520726531,0.11966396918137723,0.2486926126577353,0.13319927424267008,0.12610699712915585,0.16850665529417408,0.033440125558508,0.1233580569001933,0.12031255793231432,0.3080167689478654,0.1638293600285322,0.20424784715330457,0.04679528347928219,13.699999999999996,9.849999999999998,-0.31628351337545685,0.06998082355432603,0.7489568693674132,0.7053863475766701
1287,1998,OK,0.102785821569446,0.07337783546817693,0.10924399507948451,0.24225031142064662,0.1389861609934584,0.138099918899111,0.19525595656967654,0.029361639126017854,0.11048972394432577,0.11118040787725214,0.30117237003350683,0.17067301547136404,0.2239600831915557,0.05316276035597767,7.599999999999994,6.399999999999999,-0.36753651995771097,-0.22945234735789968,0.7228771564524666,0.6666441245312125
1288,1998,AZ,0.09211801638175622,0.0671137649815786,0.10207445742717913,0.23603084409535585,0.14180652004364985,0.14581767976851978,0.21503871730196056,0.031223323128764656,0.11642966620433567,0.11548522895713365,0.3046852676603513,0.16757247798471242,0.21454349749757562,0.05006053856712667,3.5999999999999943,2.349999999999998,-0.25117200971561865,0.4424311304783183,0.7353959639352977,0.6391436029295197
1289,1998,WV,0.09329221837114841,0.06781743436847092,0.10290024957153057,0.23681723900237478,0.14152996629318082,0.14495126390722712,0.21269162848606737,0.036819515337017286,0.1336260268062774,0.1270892037367108,0.31158948841384876,0.15812268763822723,0.19021234669449638,0.04254073137342218,-3.9000000000000057,-2.950000000000003,-0.013691456746402552,-0.11782107359512876,0.7672469219320814,0.6423571076067055
1290,1998,WY,0.1071484496514506,0.0758570202021156,0.11196766736300107,0.24424290300448437,0.13766781275087692,0.13505457352565597,0.18806157350241548,0.034642728427657477,0.12705222025867133,0.12280216096449995,0.30948087037623095,0.1617931703048704,0.1990382895349746,0.0451905601330953,9.099999999999994,5.649999999999999,-0.3539302666544447,0.023544661153040578,0.7557711503319301,0.6768838529719285
1291,1998,DE,0.13044760365303748,0.08831050469394358,0.12464765702801678,0.25056022396406646,0.12969327058881452,0.1200187774924808,0.15632196257964037,0.048247259093300826,0.16587966284918465,0.14553808981593822,0.3142352883530488,0.13992755176694016,0.15375356382027516,0.03241858430131217,-4.200000000000003,-3.150000000000002,-0.018243442302765405,0.8043622994172692,0.8138278518784127,0.7236592599278788
1292,1998,NH,0.12778104265402737,0.08695108316714092,0.12334637870278364,0.25015554120883254,0.13065763721035062,0.12163309392356025,0.15947522313330464,0.04837048385529429,0.16620780696723989,0.14570423072444375,0.31420651201499583,0.1397445670286953,0.1534317828879651,0.03233461652136582,-1.3000000000000043,-0.5500000000000007,-0.13640848790444537,0.804285257221794,0.8142336005906691,0.7188916829431351
1293,1998,HI,0.08521952775953492,0.06290780684230143,0.09703168508127008,0.23084407480542857,0.14321704164330057,0.15097380934562554,0.22980605452253888,0.03846025929791996,0.13848671405743423,0.13014232753715238,0.3127661786859141,0.1553833765069097,0.1840278582422925,0.040733285672377106,-9.100000000000001,-4.899999999999999,-0.17438613664951352,0.873022831200459,0.7752388560853304,0.6192201361318356
1294,1998,NV,0.09087058533381018,0.06636233048919421,0.10118693879268079,0.23516574380240468,0.14208957013988538,0.14674210354474182,0.21758272789728295,0.031832930211008525,0.11835045246523193,0.11684432028096867,0.3056885028096946,0.1665464981838849,0.21161771742343605,0.04911957862577532,2.1999999999999957,-0.25,-0.29696719488134965,0.6687314662039593,0.7392627039507886,0.6356751685579752
1295,1998,ND,0.06884904907920522,0.05242542125757435,0.08367348202658012,0.21399531115234435,0.14450975113376513,0.163328709217041,0.2732182761334898,0.02154397642840254,0.08427866020732394,0.09029603556506709,0.2768989882882523,0.18199882221448416,0.27336934367746,0.0716141736190099,6.199999999999996,6.5,-0.4308654752609358,0.10600644578521674,0.6550164827035301,0.5634530146494692
1296,1998,RI,0.14349304819315203,0.09472260713281622,0.1305019180245444,0.25158112550667516,0.1248905477334108,0.11250677810037268,0.14230397530902872,0.04024386897637703,0.14368061018691872,0.13329627428497054,0.31368948218636505,0.15244406512481423,0.17771683440002017,0.03892886484053426,-13.900000000000002,-11.15,0.1612226936439862,0.9868345059311663,0.7833543007594456,0.7451892465905986
1297,1998,VT,0.23501957576441518,0.12943243594588927,0.1527092524871863,0.2325758369969263,0.09310273292591098,0.07419150759376869,0.08296865828590327,0.07754822275878252,0.2336774829791799,0.17103492886224392,0.29185711427037125,0.10466019597489085,0.10141864209350815,0.0198034130610234,-9.600000000000001,-8.3,-0.12129586671398782,0.964703748506369,0.8787779448454685,0.842839834120328
1298,1998,MT,0.0900727048039021,0.0658795968362365,0.10061369633385644,0.23459606255392046,0.14226455035954527,0.1473354170932989,0.21923797201924033,0.03781093804393615,0.13657268221037455,0.1289518438686182,0.3123400227329983,0.1564638677325223,0.18643001437445972,0.04143063103709077,3.3999999999999986,0.5500000000000007,-0.31299982057786,0.05693828294112086,0.7721393545884495,0.6334266108874608
1299,1998,AK,0.10748605314703749,0.07604690006586395,0.11217358611358705,0.2443849688678077,0.1375626135782706,0.1348218142120925,0.18752406401534072,0.03204548048462003,0.1190173853192314,0.11731247981603604,0.30602227013823874,0.1661879759265602,0.21061491908119923,0.04879948923411437,10.099999999999994,6.099999999999998,-0.24887503112057668,0.6691332853683709,0.7405855916846864,0.6776541217725668
1300,2000,,,,,,,,,,,,,,,,,,,,,
1301,2000,NY,0.148336171560688,0.09700388006130628,0.13246919577467142,0.2515995370853454,0.12308968059448344,0.10987556021343148,0.13762597471007398,0.04711580392717043,0.16284776755255076,0.14398281910163588,0.3144542743659881,0.14162215268105072,0.1567677863917245,0.0332093959798796,-12.699999999999996,-11.399999999999999,0.15241784995403826,1.1698318512835053,0.8100228176283959,0.7524984650764945
1302,2000,OH,0.0987208287984835,0.07102490282111877,0.10659907602780189,0.24011748626366008,0.14013652696523649,0.1409979142525446,0.20240326487115468,0.029652665854198932,0.11142570017052683,0.1118690067847912,0.30176843655349295,0.17019261475490388,0.22243806202651473,0.05265351385557149,2.1000000000000014,1.1999999999999993,-0.25192725764359747,0.26882011210576406,0.7249084241179138,0.6565988208763007
1303,2000,ID,0.1102070436366628,0.0775669934833478,0.11380823620799244,0.2454691223555815,0.1366998201226869,0.1329614322280266,0.183287351965702,0.027830573225322654,0.10551976382081074,0.10745907478588393,0.2977265990612016,0.17316266525336443,0.23229416458041952,0.05600715927299715,19.300000000000004,15.400000000000002,-0.559878140180469,0.03921759287681079,0.7116986761465833,0.6837512158062714
1304,2000,MI,0.11403739996053044,0.07967599407580575,0.11603522070697386,0.24681911890072872,0.13544473069440677,0.13039028444745304,0.17759725121410141,0.03400376511079921,0.12509503329270083,0.12149041335621993,0.30873117139868944,0.16287484233063432,0.2017750570014082,0.046029717509548096,-1.7999999999999972,-2.0,-0.10705137632306355,0.4003018833109341,0.7521952254890437,0.6920124643384455
1305,2000,GA,0.10885774707555322,0.07681548728866357,0.11300317497166562,0.2449449042919422,0.13713089825629776,0.13388048353333792,0.1853673045825397,0.025979106935055764,0.09940529580331636,0.10272944234832437,0.29280023290564317,0.17605437287301007,0.2431644332598052,0.059867115874845056,6.800000000000004,6.549999999999997,-0.19180599928248432,0.28893258365399466,0.6969684508653498,0.6807522118841224
1306,2000,NE,0.0785809196070269,0.05874293409865991,0.09185872241363321,0.2248491084766981,0.14415297810869693,0.1560032364553141,0.24581210083997085,0.027728505865912738,0.10518568369605474,0.10720498864005079,0.2974775142348129,0.17332593777666594,0.23287006834067892,0.056207301445823976,14.300000000000004,13.650000000000002,-0.516568021458979,0.2066282210443069,0.7109226302134971,0.598184662704715
1307,2000,MA,0.15318510267111543,0.09923500219974266,0.1343328686792652,0.25144629317737954,0.1212856771406765,0.1073229677412253,0.13319208839059538,0.063026998935782,0.20251663933572323,0.16149509289299563,0.3057375014426863,0.12017675238269632,0.12241920168609,0.024627813324026526,-15.399999999999999,-14.0,0.1115347384310743,1.35333423246232,0.8529529849898835,0.7594849438681793
1308,2000,KY,0.09326480886193249,0.0678010488506652,0.10288107880099223,0.2367991862118125,0.14153653021819512,0.1449714458689626,0.21274590118743986,0.03907871671898963,0.1402982027941464,0.1312550100623244,0.31312626892962186,0.15435917338245508,0.18179289252447217,0.04008973558799045,8.600000000000001,6.399999999999999,-0.10454987548164688,-0.12705096184817694,0.7781173718875374,0.6422826529435975
1309,2000,MO,0.09564726289963589,0.06921811579297289,0.10452869964352415,0.23831523184316739,0.14094755520106161,0.14322523225206363,0.20811790236757444,0.028878558869517124,0.10892995701180785,0.11002429718398643,0.3001424287457421,0.17146590857653465,0.22652938395747468,0.05402946565493716,2.5,1.5,-0.28322828077129936,0.12005763371478778,0.7194411503875882,0.6486568653803619
1310,2000,NC,0.10826641394034428,0.07648472205389947,0.11264692853126379,0.24470689663234424,0.13731783919585805,0.13428542411574362,0.18629177553054654,0.029725022612116965,0.11165797885359874,0.1120392970876194,0.3019138409766631,0.17007288353638805,0.22206261089101587,0.05252836604259792,8.100000000000001,8.05,-0.10317431900223856,0.2102231898880194,0.7254090230663862,0.6794228003537098
1311,2000,AR,0.09256262230171566,0.06738062216403412,0.1023882331162855,0.23633176062944855,0.1417029326024658,0.14548917765351999,0.21414465153253037,0.026080769431353915,0.09974404171558139,0.1029958731422948,0.2930940503031769,0.17589996895705517,0.2425434767100847,0.05964181974045313,3.3999999999999986,-0.25000000000000355,-0.09194239308783195,-0.19221957407500198,0.6978147035494622,0.6403661708139496
1312,2000,MN,0.11330493643622035,0.07927547474797476,0.11561597165345089,0.24657635192624944,0.13568807888645962,0.13087759569887658,0.17866159065076836,0.03381764896751224,0.12452256939534984,0.1211036473381725,0.3085008772571682,0.1631900263339816,0.20258540698607874,0.04627982372173689,-2.3999999999999986,-4.050000000000001,-0.3314081870793095,0.45845914791342424,0.7511347692921844,0.690460813650355
1313,2000,TN,0.07945549974906971,0.0592982716275684,0.09255875332357977,0.22569982942092756,0.1440574684433082,0.15533922933030664,0.24359094810523974,0.025706055790932505,0.09849372890459061,0.10200989477971789,0.2919969720228976,0.1764661348905282,0.24484671095081223,0.06048050266052096,3.200000000000003,4.050000000000001,-0.24114856666164142,-0.020893887204635878,0.6946727863886668,0.6010698225644536
1314,2000,KS,0.09598244932226987,0.0694163201389443,0.10475748430769932,0.23852004167255136,0.140861807169118,0.14298090178125866,0.20748099560815847,0.02258385433064757,0.08788731172296946,0.0933583514808241,0.2812169449778208,0.1807794304494006,0.2656992603487923,0.06847484668954518,10.100000000000001,11.849999999999998,-0.38112442074482855,0.30321838103036125,0.6658258929616625,0.6495381026105829
1315,2000,WI,0.09482533328676851,0.06873087579230683,0.10396454455587376,0.23780423518080673,0.14115487437396124,0.1438257963355014,0.20969434047478153,0.03194762532336559,0.11871051705544869,0.11709731006172755,0.30586962081709673,0.16635307869726645,0.21107549645365153,0.04894635159144345,-0.29999999999999716,-1.25,-0.2309130446841964,0.3170109654206219,0.739978151954905,0.6464798631897171
1316,2000,IN,0.0904229867474621,0.06609172662271731,0.10086589595016365,0.23484774854679025,0.1421883272145837,0.1470747537349052,0.2185085611833778,0.026366782944770784,0.10069517284689046,0.10374118448191458,0.29390561836987794,0.1754625352713367,0.24081197159809553,0.059016734487113975,8.700000000000003,7.550000000000001,-0.275065014691945,0.10603049100117279,0.7001712939147905,0.634416685081717
1317,2000,CT,0.14593317010488616,0.09587862143716974,0.13150654239997472,0.25161270887990084,0.12398363637093657,0.11117072550905105,0.13991459529808092,0.044655141307200524,0.15613503589977087,0.1404089502937086,0.314625555965845,0.14539587790409203,0.16371693504006446,0.035062503589318506,-9.5,-7.75,-0.013664443547640875,1.0949716697395884,0.801220561370617,0.748914679192868
1318,2000,NJ,0.11043640208474156,0.07769429146081447,0.11394400823401943,0.24555565578328348,0.13662593943440393,0.13280589446406788,0.18293780853866926,0.043130117938036935,0.15189134658832243,0.13805618009992204,0.3144979519696506,0.14779334939480804,0.168317961535715,0.03631309247354497,-7.600000000000001,-6.200000000000003,0.07817197151608479,1.1307259569775525,0.79536894599074,0.6842562969972629
1319,2000,AL,0.08507312487247193,0.0628172061884385,0.09692105046012994,0.23072295250766994,0.1432425524263155,0.15108423533711068,0.2301388782078635,0.020749719332579727,0.08149625884141838,0.08789311079334494,0.2733238369741318,0.18283115494054447,0.2794980437642699,0.07420787535371076,8.600000000000001,9.0,-0.1289008561975859,-0.13614654947717442,0.6462940808820193,0.6187768864550258
1320,2000,OR,0.1508285522304733,0.09815726309775788,0.13344015206596097,0.2515413447655643,0.12216224045100377,0.10855345145035622,0.13531699593888358,0.04462209939419041,0.15604377259946775,0.14035911677315022,0.31462478791687726,0.14544735726686586,0.16381413928249045,0.03508872676695807,-1.3999999999999986,-1.5,-0.16343567708048634,0.5048364183619878,0.8010971339505515,0.7561295526107602
1321,2000,SD,0.09434527555334056,0.0684455000072529,0.10363297163039736,0.23749995917061717,0.141273980128648,0.1441774843562289,0.2106248291535151,0.019713001520125367,0.0778300542148271,0.08467090695173392,0.2682684554537855,0.18376368284826666,0.2878710839891808,0.07788281502208061,12.399999999999999,9.099999999999998,-0.6041665704970716,-0.16616512005594888,0.6342461009887386,0.645197686490256
1322,2000,LA,0.09656859162614145,0.0697622339740945,0.10515578644677012,0.23887326646706564,0.14071022446009596,0.14255446502532398,0.20637543200050834,0.028883882205717405,0.10894718674419003,0.11003712673441979,0.30015405882789264,0.1714572045528131,0.22650077518594502,0.05401976574902201,4.700000000000003,1.9499999999999993,-0.09942842733557013,0.16794486491229696,0.719479459065033,0.6510701029741677
1323,2000,DC,0.2879703683015843,0.14219580040264101,0.15489651337390775,0.2126614103236164,0.07820490009912062,0.05976276042470974,0.06430824707442018,0.12290858521225947,0.3067043676540111,0.17864072104221979,0.2427728370738219,0.07254360775541002,0.06445460639038936,0.01197527487188832,-38.9,-35.15,0.15241784995403826,1.35333423246232,0.9235701187377222,0.8759289925008701
1324,2000,CA,0.1311097872777784,0.08864549845418812,0.12496513417491067,0.2506496660417866,0.12945256106472225,0.11962211397356892,0.15555523901304502,0.04051310423041775,0.14445659188266835,0.13375792642798398,0.31379915298348277,0.15200441502830397,0.17679907590178057,0.03866973354536263,-6.199999999999996,-4.349999999999998,-0.1227648839266722,0.7359684427690423,0.7845311905528569,0.7248226470133861
1325,2000,CO,0.10961271106409769,0.0772365260023921,0.1134549613571463,0.24524142375729263,0.13689045814628298,0.1333654035289069,0.18419851614388139,0.03857558267928332,0.138825354620547,0.13035136769584155,0.31283665819802,0.15519201609462974,0.18360723648829635,0.040611784223382075,2.8999999999999986,3.9999999999999964,-0.3099830112428123,0.4908858662501691,0.7757809792883216,0.6824360803272117
1326,2000,NM,0.10485876794545841,0.07456175787025938,0.11055278643674513,0.24323397245981604,0.13836961191240083,0.13664428304814258,0.19177882032717763,0.02774738376099792,0.10524749975324285,0.10725204068311134,0.2975237733648712,0.17329576887317055,0.23276335403654635,0.056170179528059805,-0.10000000000000142,0.5499999999999972,-0.21373633155735244,0.36185329591531173,0.7110664664353938,0.6715768966246798
1327,2000,IL,0.13671582291623777,0.09144055232387344,0.12756443447283813,0.2512394626410925,0.12739897149073742,0.11633045302015055,0.1493103031350702,0.04088708766501718,0.14553100995854956,0.1343930434280258,0.31393923006428665,0.15139560459216883,0.17553880284617274,0.03831522144577926,-5.299999999999997,-4.600000000000001,-0.10240329874937344,0.7339190852525406,0.7861459757080481,0.7343592438447792
1328,2000,PA,0.11712201771982834,0.08134837009855407,0.11776708137490341,0.24776482984305165,0.1344044057132725,0.1283608716496043,0.17323242360078572,0.03550420609373277,0.12967109593043658,0.1245319171714318,0.3103949832198134,0.16033702069143918,0.1954559775405711,0.044104799352575164,-1.5,-1.1000000000000014,-0.06252924182186659,0.40688836608815626,0.7604392231068537,0.69840670474961
1329,2000,TX,0.09936121594578896,0.07139833953250578,0.10702273481966218,0.24047201033914384,0.1399608726167053,0.1405376642741889,0.20124716247200503,0.026466955635887857,0.10102763865373343,0.10400074299583245,0.29418467182928437,0.17530830719259272,0.24021087607630043,0.058800807616368744,11.399999999999999,9.749999999999996,-0.32088480491664734,0.29186974553151684,0.7009883163073308,0.6582151732538061
1330,2000,SC,0.10622417998799052,0.0753357330374069,0.11140037851799744,0.24384523066033936,0.13795360207933882,0.1356939686192815,0.18954690709764543,0.027426239701137254,0.10419428608989287,0.10644804153015694,0.29672499782081097,0.17380712300518608,0.23459107409225055,0.05680823776056532,8.899999999999999,8.99999999999999,-0.11614133275107422,0.3067703195027248,0.7086006881471841,0.674759124283073
1331,2000,MS,0.10088509290208475,0.07228281559154917,0.10802032607259551,0.24128746309293436,0.13953428154876613,0.13944795478440652,0.19854206600766355,0.021014870198504457,0.08242765314719495,0.08870154566572312,0.2745451224931028,0.18256377996817835,0.2774251895633246,0.07332183896397171,9.700000000000003,9.100000000000001,-0.0924069403346592,0.006257610745375674,0.6492529714727038,0.6620099792079299
1332,2000,IA,0.10287674974736642,0.07342999258195314,0.10930196481200313,0.24229489484661915,0.13895951539448193,0.13803574735582114,0.1951011352617551,0.0278977037475218,0.10573930176058942,0.10762577420688704,0.29788905787782355,0.1730550710463652,0.23191681473319292,0.05587627662762007,0.30000000000000426,-0.25,-0.3388104033126197,0.276896692298444,0.712206908639187,0.6668631173824238
1333,2000,MD,0.12176784499192966,0.0838237679994315,0.12027470859967235,0.24896665499843612,0.13279641147296162,0.1253741839038245,0.16699642803374426,0.03579021608013731,0.1305355454807774,0.12509650719473478,0.31067488416252453,0.15985444569895202,0.19429304105392908,0.04375536032894489,-7.600000000000001,-5.0000000000000036,0.01727125627084106,0.8725863795122428,0.761951598617126,0.7076293880624313
1334,2000,WA,0.14875794982295792,0.09720004427764645,0.1326354634535281,0.2515928259890044,0.1229327323000442,0.1096503131765203,0.13723067098029862,0.04505486416905138,0.15723671072039286,0.14100786742858065,0.31462812330470546,0.144774773674747,0.1625494544297611,0.03474820627276154,-3.299999999999997,-3.3500000000000014,-0.2380772434114404,0.5803838175199747,0.8027023392974774,0.7531190158431811
1335,2000,VA,0.11028164202669939,0.07760841110304266,0.11385242996237993,0.24549734859886202,0.13667580942479962,0.13291082193443582,0.18317353694978056,0.03364945956633527,0.12400431910070056,0.12075230065837772,0.3082880342704912,0.16347486113720466,0.20332292035267097,0.04650810491421964,4.600000000000001,5.5,-0.13643639946033406,0.4532038021539337,0.7501689747331094,0.6839156411157836
1336,2000,FL,0.09882211238123607,0.07108403454145791,0.10666625750599332,0.24017403016706357,0.14010889202530064,0.1409250312382131,0.2022196421407354,0.02958089669514773,0.11119513909662641,0.11169974090144638,0.30162311974794276,0.1703112618199638,0.2228116244697671,0.05277821726910581,0.8999999999999986,1.2499999999999964,-0.10388585469988994,0.5615681867393851,0.7244101582611271,0.6568553266210515
1337,2000,ME,0.15697108295964718,0.10094062156970385,0.13571657365644374,0.251215980884724,0.11987930538643554,0.10538516957608413,0.12989126596696154,0.042079345374807335,0.14892952984285598,0.13637088072785222,0.31429427421568573,0.14947003967713868,0.17163045992400416,0.03722547023765588,-3.8999999999999986,-6.9,-0.0778712141726787,0.5735825083334467,0.79114406983834,0.7647235644569543
1338,2000,UT,0.11179048238179802,0.07844319586820402,0.1147392533538063,0.24605154389256068,0.13618634380078976,0.13189172055942544,0.1808974601434158,0.02900065300492159,0.10932489749200659,0.11031804652665211,0.3004075859880634,0.1712660827085024,0.22587489605084732,0.05380783822900659,18.9,16.299999999999997,-0.36416706709187924,-0.0495853293125985,0.7203172657201461,0.6872108192971588
1339,2000,OK,0.09542108636274156,0.06908421008343386,0.10437390223765172,0.23817586398037716,0.1410050257072316,0.14339029293873584,0.20854961868982824,0.028112896634145786,0.10644203953119505,0.10815793214961125,0.298402592454328,0.17270908903756643,0.23071475662960184,0.055460693563551655,12.399999999999999,9.999999999999996,-0.2953753778398124,-0.2532034075333363,0.7138245498068465,0.6480600883714359
1340,2000,AZ,0.09108388195210959,0.0664911011736101,0.10133944525509583,0.23531586182089492,0.14204198031794985,0.14658375756044628,0.21714397191989343,0.029995313664938333,0.11252415553253221,0.11267222510870739,0.30244730984500434,0.1696246673058326,0.22067040256904924,0.05206592597393589,3.1000000000000014,3.349999999999998,-0.27122230447552126,0.3470487891167328,0.7272636714570149,0.6362722705196603
1341,2000,WV,0.09090701974374656,0.06638433484412552,0.1012130112897468,0.23519145094138044,0.1420814650570923,0.14671504755760567,0.2175076705663027,0.03415758293706216,0.12556734151052074,0.12180845894956355,0.3089173966494821,0.1626143794921493,0.20110986661028063,0.04582497385094153,4.0,0.04999999999999716,-0.06708364780764972,-0.17498836070538798,0.7530651595387778,0.6357772818760916
1342,2000,WY,0.09448284037870626,0.06852733715485461,0.10372814340811262,0.23758759421431175,0.14124000105574197,0.144076636478205,0.21035744731006778,0.02965005884809162,0.11141732800852298,0.11186286447519125,0.30176317702700334,0.17019692656079455,0.22245161138121938,0.052658033699176876,19.9,14.499999999999996,-0.3470193389936478,-0.03907094315811298,0.7248903549196037,0.6455659162117272
1343,2000,DE,0.13471060710527905,0.09044918925277057,0.1266526863372101,0.2510620664055095,0.12813639651120745,0.11749426238700533,0.151494792001018,0.04973272885985048,0.16980879428391357,0.1474994593054186,0.3138273624509828,0.13774238753239487,0.14995610249090519,0.031433165076534486,-6.0,-5.100000000000001,-0.03582911398284756,0.8241785300337094,0.8186107324325603,0.7310109456119767
1344,2000,NH,0.1282032420538151,0.08716743756340123,0.12355486480813008,0.25022444629947227,0.13050551292590218,0.12137567869818056,0.1589688176510986,0.04799657270497385,0.16521085052992882,0.14519814594249236,0.31429089878570965,0.14030076815081116,0.15441207172752913,0.032590692158555035,0.20000000000000284,-0.5500000000000007,-0.14955713539164325,0.7821050416638189,0.8129972361139158,0.7196555036507208
1345,2000,HI,0.0910828875071488,0.06649050108272764,0.10133873495031007,0.2353151640462275,0.1420422029788797,0.1465844955478982,0.2171460138868081,0.04169458601208863,0.1478372031016732,0.1357403252408964,0.3141945404938237,0.15008883363533865,0.17287390622980003,0.037570605286379344,-10.399999999999999,-9.75,-0.1721620227949624,0.8776308679328698,0.7895554884838206,0.6362694905652937
1346,2000,NV,0.0886527389544329,0.06501642155627682,0.09958267291431222,0.23354998378653252,0.14256370073614555,0.14839499367514264,0.22223948837715735,0.030062986967581754,0.11274065008380788,0.11282990613767255,0.302578504267345,0.16951222116392672,0.22032435554448748,0.051951375835178615,1.6000000000000014,1.8999999999999986,-0.3220387035153465,0.5909288300785568,0.7277242686203339,0.6293655179477
1347,2000,ND,0.06513791793136267,0.04994882893689581,0.08035378850046379,0.20911958032978276,0.14423428184076192,0.1660373805089168,0.28516822195181624,0.02033774052671382,0.08004404519978522,0.08662441493137886,0.27136928195640364,0.1832241463064409,0.2827735173228251,0.0756268537564525,12.800000000000004,9.5,-0.4041059009911327,0.025442755030692134,0.6415996289207224,0.548794397539267
1348,2000,RI,0.15414757058862943,0.0996716162183926,0.1346904898893458,0.25139664273392803,0.12092787740039501,0.1068258118980614,0.13233999127124774,0.042345222450862356,0.1496819000712074,0.13680236509824406,0.314355182287805,0.14904393667058846,0.1707808960435956,0.03699049737769711,-16.0,-14.950000000000001,0.09505720260923606,1.0269972930587206,0.7922286065787073,0.7608341968306909
1349,2000,VT,0.2334735756775038,0.12898442527572226,0.15255078781701376,0.23310767024443046,0.09357834058499981,0.07467841783602913,0.08362678256430078,0.07894394418273039,0.2364452755358178,0.17170489932737654,0.290389595324144,0.1033407092426657,0.09974434446022373,0.01943123192704188,-7.199999999999996,-8.399999999999999,-0.08845732998445664,1.0061073540904661,0.8808244236127344,0.8416947995996701
1350,2000,MT,0.08165928373171807,0.06068864556687706,0.0942975349160973,0.22775963266305918,0.1437776743070816,0.15366690960902518,0.2381503192061416,0.03344150765375893,0.12336232822923428,0.12031547018946828,0.3080185832394109,0.1638270196321231,0.2042417148481298,0.046793376207874715,10.5,6.949999999999999,-0.30058448895533696,-0.056606582157141885,0.7489649089439955,0.6081827711848332
1351,2000,AK,0.1020754543267267,0.07296965015923114,0.10878932958293719,0.24189739613782896,0.1391930161397944,0.13860225391514114,0.19647289973834048,0.030274729076103988,0.11341707727969993,0.11332124861490167,0.30298294062801545,0.16915984347708146,0.2192480675949542,0.05159609332924331,10.700000000000003,10.399999999999999,-0.25751200838777416,0.7571733475778093,0.7291558390758025,0.6649248463465184
1352,2002,,,,,,,,,,,,,,,,,,,,,
1353,2002,NY,0.14654925100561386,0.09616835780916089,0.13175585368996687,0.2516134477622077,0.12375449851649334,0.11083673844087305,0.13932185277568432,0.050820326854184125,0.172649028715111,0.14887937916974298,0.31344851914655353,0.13617125623927295,0.14728446114682203,0.030747028728313364,-12.699999999999996,-11.399999999999999,0.22973537326671936,1.4634782246177596,0.8219685101248646,0.7498414087834426
1354,2002,OH,0.09737245705640496,0.07023521796432339,0.10569838160721742,0.23934760896812685,0.14049903297730293,0.14197136411041233,0.20487593731621212,0.03046637336462771,0.11402804857672011,0.11376332229303499,0.3033411619220729,0.1688402380287184,0.21828229042106806,0.05127856539375786,2.1000000000000014,1.1999999999999993,-0.20175201150205704,0.3369450290764676,0.7304391441851741,0.6531526985733755
1355,2002,ID,0.10897190597595126,0.07687924322008725,0.1130717084059093,0.244990267985577,0.13709466706554407,0.1338024597706139,0.18518974757631723,0.02879390241932752,0.1086558290163118,0.10982000004646547,0.2999566251917088,0.1716042222567603,0.22698524368900197,0.05418417738042414,19.300000000000004,15.400000000000002,-0.5114685684554178,0.14668546953455883,0.7188305789305739,0.6810077926530689
1356,2002,MI,0.11221228729708477,0.07867556574127932,0.11498477943130536,0.24620084268519205,0.1360482485211285,0.13160838181471957,0.18026989450929043,0.03566371675141014,0.13015351533724728,0.12484738470549697,0.31055250411023955,0.16006782048244306,0.19480580471778397,0.04390925389537903,-1.7999999999999972,-2.0,-0.038017705890598094,0.5506810580025128,0.761284941386837,0.68812172367599
1357,2002,GA,0.11043134704251556,0.07769148721779734,0.113941019183598,0.24555375658217543,0.13662756960629407,0.13280932034897408,0.1829455000186455,0.025845004550215413,0.09895791977681917,0.10237677555601046,0.2924083151327754,0.17625714538387705,0.2439879933807565,0.060166846219546044,6.800000000000004,6.549999999999997,-0.23105660884114557,0.32086142446747024,0.6958451603996975,0.6842451796323804
1358,2002,NE,0.0774003066204916,0.05799005143177108,0.09090463726276529,0.22366988073248464,0.14426711976822354,0.1568993861778829,0.24886861800638094,0.028247515256549657,0.10688087039037376,0.1084891275983357,0.2987182873098254,0.17249184591645506,0.2299686004422693,0.055203753086191076,14.300000000000004,13.650000000000002,-0.46879670604773055,0.23282759540396955,0.7148276464715396,0.5942319958157362
1359,2002,MA,0.15339420034993367,0.09933003243443234,0.13441090481022677,0.251436032861673,0.12120793190681634,0.10721469504055592,0.13300620259636198,0.0679183289009438,0.21351263385477748,0.16528052785881947,0.30143115082048166,0.11456092918930949,0.11451844677700107,0.022777982598667035,-15.399999999999999,-14.0,0.15351343648381965,1.7024330714860016,0.8627035706243319,0.7597791023630821
1360,2002,KY,0.09124743341887935,0.06658976051400413,0.10145617383406258,0.2354303524121385,0.1420052608547308,0.14646241817138794,0.2168086007947967,0.038860980414675866,0.13966172552101822,0.13086561320101936,0.3130044762715362,0.15471918271821183,0.1825739540924587,0.04031406778107982,8.600000000000001,6.399999999999999,-0.05373206272052952,-0.23386375458195546,0.7771119781264615,0.6367289810338154
1361,2002,MO,0.09329409291109149,0.06781855490587067,0.1029015604788675,0.23681847310786985,0.14152951719933482,0.14494988373631212,0.21268791766065354,0.029517635062828774,0.11099176934223061,0.11155024318313222,0.3014941216474926,0.17041574997320386,0.22314186703042305,0.052888613760688874,2.5,1.5,-0.2085589265999402,0.12348599007174989,0.7239695192088881,0.6423621986030343
1362,2002,NC,0.10706938074876679,0.07581250830211708,0.1119193401534988,0.24420938481619392,0.1376923891945253,0.13510914845697009,0.188187848327928,0.02994521951535922,0.11236380285709019,0.1125553016665688,0.30234958662452444,0.16970784722724952,0.2209272065623531,0.05215103554685474,8.100000000000001,8.05,-0.07083986760964321,0.20058568879482144,0.7269217578907922,0.6767030032151019
1363,2002,AR,0.09415393105271389,0.06833158897800087,0.10350038381216925,0.23737747112278773,0.14132103844815846,0.14431784858726426,0.21099773799890553,0.02515834769765644,0.09665754788433478,0.10054904676834796,0.29032232814155823,0.1772782369491852,0.2482860119269643,0.06174848063195304,3.3999999999999986,-0.25000000000000355,-0.15525884581001087,-0.28713565684786274,0.6899655074410826,0.6446844134138302
1364,2002,MN,0.10990495797457495,0.07739913310400742,0.11362893671193525,0.2453540153926827,0.13679686392895352,0.1331665942579564,0.18374949862988976,0.035905064546760006,0.1308819685118066,0.1253218775316865,0.3107840630152652,0.15966081524544062,0.19382967377295202,0.04361653737608906,-2.3999999999999986,-4.050000000000001,-0.21896518562728515,0.6086042661302824,0.7625537888509589,0.6830839071121538
1365,2002,TN,0.07902367657904437,0.05902432773245016,0.09221382776609882,0.22528219018141885,0.14410576710667983,0.15566708244277583,0.24468312819153215,0.02517668806703445,0.09671920015496667,0.10059834563417727,0.2903798009384124,0.17725135974590955,0.24816942015155763,0.061705185307942,3.200000000000003,4.050000000000001,-0.24002257964015544,-0.13273629562671307,0.6901253945405004,0.599649789365692
1366,2002,KS,0.09508620872160822,0.06888570942966901,0.10414408812274392,0.23796777963641008,0.14108953186396145,0.14363496338913773,0.2091917188364696,0.023035211402973176,0.08944168194021626,0.09465867321858727,0.2829703838552923,0.18021050996450738,0.2624891669353192,0.06719437268310446,10.100000000000001,11.849999999999998,-0.3462712819281342,0.35499286852048445,0.6703164603815763,0.6471733177743927
1367,2002,WI,0.09468226837320581,0.06864589078764793,0.1038658906645269,0.23771400781916263,0.1411905246570182,0.143930534714519,0.20997088298391953,0.03274493970022322,0.12120202339367797,0.11883254490969572,0.3070641146485276,0.16500605525420498,0.20737629244250178,0.047774029651168726,-0.29999999999999716,-1.25,-0.21264085549891093,0.42079860987523715,0.7448496779063295,0.6460985823015615
1368,2002,IN,0.08902098484566442,0.06524077350801291,0.09985139189014791,0.2338252777067314,0.14248766558040282,0.14811977497703066,0.22145413149200988,0.026640530642658075,0.10160291726889802,0.10444869008696547,0.2946619169377966,0.17503986388036263,0.23917580870664235,0.05843027247667687,8.700000000000003,7.550000000000001,-0.2304413865227434,0.09330364473334515,0.7023939188166808,0.6304260935309595
1369,2002,CT,0.14535358934802003,0.09560526655722074,0.1312704129129871,0.2516093789140897,0.12419914935458765,0.11148614952587454,0.14047605338722025,0.04803725642789899,0.16531950491497013,0.14525349342521082,0.31428214290438183,0.14024011212960807,0.15430484723543458,0.03256264296249556,-9.5,-7.75,0.040449231837563396,1.4080691749647232,0.8131325098020699,0.7480377970869052
1370,2002,NJ,0.1115391473432436,0.07830452952829253,0.1145924600359981,0.24596142243455155,0.13626837161107463,0.1320608737982002,0.18127319524863938,0.045275969064954916,0.15784421443686775,0.14133604638462094,0.3146242811123115,0.1444325411464955,0.16191029618395503,0.03457665167079438,-7.600000000000001,-6.200000000000003,0.08202188428845789,1.3869565553201249,0.8035130521452506,0.6866659309531604
1371,2002,AL,0.08539772640427265,0.06301800858091694,0.09716614117386715,0.2309908565431381,0.14318571986078948,0.15083944559083462,0.22940210184618104,0.0201440237626183,0.07935906443943735,0.08602251943085885,0.2704257143305072,0.18339898340469285,0.28433712268721734,0.07631257194466812,8.600000000000001,9.0,-0.15549897716441158,-0.25194779381336735,0.6393503053681145,0.6197584525629843
1372,2002,OR,0.1529631112533763,0.09913400554948287,0.13424981199505415,0.25145686430243386,0.12136822347263398,0.10743807824249696,0.13338990518452187,0.04667346370661078,0.16165314749633686,0.14335997608660894,0.3145168916653498,0.1422916841773233,0.1579762163634919,0.033528620504278406,-1.3999999999999986,-1.5,-0.17381740209144908,0.7634745104458309,0.8084951631322297,0.7591720165729812
1373,2002,SD,0.09233179771355267,0.06724214215794604,0.10222549796716385,0.23617601711096736,0.14175688562164246,0.1456596593347399,0.21460800009398773,0.020411696860446478,0.08030519350072005,0.08685329969173086,0.27172534042315394,0.1831556844022576,0.2821805529268635,0.07536823219482758,12.399999999999999,9.099999999999998,-0.5304367199558991,-0.09427715254251806,0.6424512148783089,0.6397323405712724
1374,2002,LA,0.09673400328828176,0.0698596941671127,0.1052677814026636,0.23897182115546595,0.1406670764938458,0.14243431490445146,0.20606530858817873,0.028558854526133347,0.10789347647744507,0.10925009732652166,0.2994322777006256,0.1719871751834674,0.22825984732159477,0.054618271464212165,4.700000000000003,1.9499999999999993,-0.1103285809108522,0.12431956940885738,0.7171218812141931,0.6515003765073698
1375,2002,DC,0.2856205845407579,0.1417319035794833,0.1549186268744005,0.2135929327471604,0.07881106063600707,0.06032191267182274,0.0650029789503681,0.13298298786811377,0.318892078430956,0.17768045797775955,0.23256413700391754,0.06758790664187264,0.05934017008885917,0.010952261988521284,-38.9,-35.15,0.22973537326671936,1.7024330714860016,0.9297075679226195,0.8746751083778092
1376,2002,CA,0.12990625227833347,0.08803587488861589,0.12438644489831321,0.25048387593869936,0.12988971107285485,0.12034430332560164,0.15695353759758157,0.04363066067292843,0.15329133511029255,0.138840398628393,0.3145610448866724,0.14700166260210545,0.16678154992157623,0.035893348178031914,-6.199999999999996,-4.349999999999998,-0.054808749826486106,1.0324485001572834,0.7973251019003919,0.7227021590768168
1377,2002,CO,0.10869374647940605,0.07672383925818754,0.11290458342774351,0.24487940460967278,0.13718286827516002,0.13399265826921347,0.18562289968061663,0.04033745037745929,0.14395056497279923,0.13345715837860428,0.313728449682259,0.15229112332328243,0.17739683421305663,0.03883841905253915,2.8999999999999986,3.9999999999999964,-0.26223766657571035,0.6585524396026914,0.7837647467344042,0.6803844420501699
1378,2002,NM,0.10381381404363176,0.07396629485204458,0.1098963701923443,0.24274662806944414,0.13868275412097886,0.13737613355214284,0.19351800516941353,0.02894294399336791,0.10913828603302453,0.1101793344100333,0.30028266957687766,0.17136058253492803,0.2261838109021691,0.05391237254959946,-0.10000000000000142,0.5499999999999972,-0.16385641070618154,0.5104062176109453,0.7199038165482314,0.6691058612784436
1379,2002,IL,0.1340497270144934,0.09012041106739152,0.12634783194164773,0.25099554666830987,0.12837879302496547,0.11788113120726096,0.15222655907593108,0.04320403698281967,0.1520985343706104,0.13817273893543044,0.31450861447202655,0.14767614538197382,0.16808941320017134,0.03625051665696777,-5.299999999999997,-4.600000000000001,-0.018416043305131587,0.9037644380676936,0.7956600701428609,0.729892309716808
1380,2002,PA,0.11323296152278628,0.07923604737969359,0.11557460711613693,0.24655211100174018,0.13571191007096473,0.1309255926119316,0.1787667702967467,0.03748540359737859,0.1356083817690397,0.12834628680643617,0.31210717546668537,0.15700740674115843,0.18765640611482548,0.041788939504476263,-1.5,-1.1000000000000014,0.05536000165809886,0.5193884221070587,0.7705546543806983,0.6903076370913217
1381,2002,TX,0.09974567114828478,0.07162203403047315,0.10727581307565687,0.24068145845473676,0.13985437498017217,0.14026200719979642,0.20055864111087984,0.026385289163183855,0.1007566192283155,0.10378919369192624,0.2939573727866406,0.1754340817169806,0.24070071592552844,0.058976727487424774,11.399999999999999,9.749999999999996,-0.332331719111057,0.2927998748839641,0.7003225565870468,0.6591793516893237
1382,2002,SC,0.10580769384504887,0.07510014203671506,0.11114305128186033,0.24366181155200117,0.1380812930187547,0.1359831164091474,0.19022289185647245,0.027118568012068505,0.10318201789310909,0.10567062065842503,0.29593580473543535,0.17429310592390546,0.2363670164473054,0.0574328663297512,8.899999999999999,8.99999999999999,-0.11287934708314881,0.24201186661104251,0.7062001172229434,0.6737939917343801
1383,2002,MS,0.09999130712228628,0.0717647615982092,0.1074370145768192,0.24081395766165264,0.13978592872713735,0.1400861433221493,0.20012088699174602,0.020332629923913867,0.08002599171903665,0.08660857989058245,0.27134459250407184,0.1832288426527332,0.2828145739031559,0.0756447894065061,9.700000000000003,9.100000000000001,-0.08939191455936626,-0.17214079242138328,0.641540636690338,0.6597929696861047
1384,2002,IA,0.100743871071609,0.07220109472390758,0.1079284983668495,0.24121354081323815,0.1395743098174057,0.13954861053063405,0.198790074676356,0.028781813413882546,0.10861666407015975,0.10979078473932333,0.2999299612370207,0.17162395719875156,0.22705047889126417,0.054206340449597934,0.30000000000000426,-0.25,-0.2680907468240382,0.3356235921505769,0.7187431806591379,0.6616613147930099
1385,2002,MD,0.12120022916717481,0.0835241124271114,0.11997471685217281,0.24883357065519968,0.1329952076946933,0.12573457992740011,0.16773758327624788,0.03756599376133695,0.13584740040437368,0.1284967465649052,0.31216603725924497,0.15687273817923642,0.18735140143522433,0.04169968239567845,-7.600000000000001,-5.0000000000000036,0.0578825049281721,1.07050052435546,0.7709489161690972,0.706527836796352
1386,2002,WA,0.150088812981949,0.0978163929430067,0.1331548661155865,0.2515632378044396,0.12243749294183603,0.10894361781706285,0.13599557939611928,0.04751774101772993,0.16392872313203796,0.14454150478407443,0.3143859953243763,0.14101719294194626,0.15568453789354286,0.03292430490629228,-3.299999999999997,-3.3500000000000014,-0.22979008042142082,0.855722897481591,0.8113911572001649,0.7550608027868179
1387,2002,VA,0.11323777026174282,0.07923868196869101,0.11557737167099183,0.24655373273126513,0.13571031833700176,0.13092238525240874,0.17875973977789872,0.03355344504240526,0.1237080698449681,0.12055094282593273,0.30816449392075895,0.16363746197587858,0.2037461856362769,0.04663940075377948,4.600000000000001,5.5,-0.20504054131530433,0.5416610138382858,0.7496144136099436,0.6903178749696925
1388,2002,FL,0.10045797786733461,0.0720355031735614,0.10774221213518848,0.24106286688045847,0.13965503937374701,0.1397525888651957,0.19929381170451432,0.030092037612705253,0.11283354076960232,0.112897498823129,0.3026345342717977,0.1694639240132898,0.22017611290367645,0.05190235160579948,0.8999999999999986,1.2499999999999964,-0.13479296260105667,0.6993829252313887,0.7279215354905241,0.66095359943029
1389,2002,ME,0.15469729497389978,0.09992006987930463,0.13489294809139485,0.2513655271748334,0.120723589154216,0.10654324899241274,0.1318573217339386,0.04475395278847375,0.15640777848372447,0.14055767925016838,0.3146273431411755,0.14524205447551153,0.1634268858202944,0.03498430604065195,-3.8999999999999986,-6.9,-0.002302698651110426,0.7916474438421395,0.8015888081390536,0.7615994292736487
1390,2002,UT,0.1126391670555463,0.07891028772972364,0.1152322021215085,0.2463494680194111,0.13590795067942452,0.13132232935800459,0.17963859503638135,0.028615311250894383,0.10807675413998545,0.10938734327380548,0.29955936491268104,0.17189534050917932,0.22795249477928403,0.05451339113417031,18.9,16.299999999999997,-0.39116263021989905,-0.07982446903261811,0.7175341140865457,0.6890390756056141
1391,2002,OK,0.09524285972719172,0.0689786008132877,0.10425168421877629,0.2380653771279126,0.1410500884711876,0.14352046843506483,0.20889092120657926,0.02752499746981045,0.10451853587185049,0.10669609472690272,0.296973326054794,0.17365030214150567,0.23402621376143962,0.05661052997369709,12.399999999999999,9.999999999999996,-0.303125963969584,-0.35362465814736943,0.7093632562648633,0.6475886103583559
1392,2002,AZ,0.09190823720365897,0.06698767698416115,0.10192594375757125,0.23588751681667308,0.1418549094266236,0.14597285901356505,0.2154628567977469,0.031115700076290713,0.11608932729395913,0.11524274292379819,0.30450091928661455,0.1677531941284247,0.21506782533816893,0.050230290952743784,3.1000000000000014,3.349999999999998,-0.2719396999295732,0.5432634239351597,0.7347018837090873,0.638564284188688
1393,2002,WV,0.08843315551209133,0.06488247426685897,0.09942198877956265,0.2333844770925722,0.14260851400268598,0.14855924466582882,0.22271014568040004,0.03391282044188353,0.12481543623440242,0.12130168791784493,0.30861932246387125,0.1630288525457979,0.20217027639813934,0.04615160399806062,4.0,0.04999999999999716,-0.0032248312438162476,-0.30992883545217603,0.7516781196038,0.6287306096537711
1394,2002,WY,0.09608933594770133,0.06947946479801023,0.10483028530586741,0.23858492049195107,0.14083431925835121,0.14290305981001583,0.2072786143881029,0.029182457711789987,0.10991207731427319,0.11075350501650785,0.3007963153307671,0.17096780315541038,0.2249067709775756,0.0534810704936759,19.9,14.499999999999996,-0.3982331144508483,-0.04613656214461763,0.7216121585287485,0.6498183258018813
1395,2002,DE,0.1326534045509722,0.0894224178639596,0.12569655188010648,0.2508415644326287,0.128889753971693,0.11870392859260359,0.15379237870803641,0.05215192250616194,0.17608501478977695,0.15050645196784532,0.3128996871533169,0.1342808343718066,0.14413139091231908,0.02994469829877322,-6.0,-5.100000000000001,0.03262129784944174,0.9788667798240751,0.8259239107889077,0.72750369269936
1396,2002,NH,0.1272326761956031,0.08666944669797369,0.12307420151260928,0.25006328078283513,0.13085488064335227,0.1219684581571876,0.16013705601043893,0.05141974887032187,0.1742013608013751,0.14962019156383022,0.31321263219355727,0.1353157559826128,0.1458494315194202,0.030380879068882538,0.20000000000000284,-0.5500000000000007,-0.08864773147046158,1.063991229902166,0.8237696894116973,0.7178944858323735
1397,2002,HI,0.09098512148494965,0.06643149242251904,0.10126887041920646,0.23524646765884577,0.14206405742342226,0.14665706074243956,0.21734692984861725,0.044496910924013144,0.15569772332617218,0.14016985505454668,0.31462109881750516,0.14564259080596575,0.1641834002189767,0.03518842085282037,-10.399999999999999,-9.75,-0.13075000169093415,1.165685832538536,0.8006281789282029,0.6359960094089432
1398,2002,NV,0.08892631069370756,0.06518312729178079,0.09978239541974301,0.23375477111012366,0.1425073187226873,0.14819050403139344,0.22165557273056424,0.031094316233613965,0.11602166044604681,0.11519447127594282,0.3044640278618623,0.16778908426478456,0.2151722878429223,0.05026415207482726,1.6000000000000014,1.8999999999999986,-0.30979892932683384,0.7519107787850078,0.7345635600822504,0.6301539232380423
1399,2002,ND,0.06408225735130163,0.04923745464894437,0.07938871567752472,0.20765093767822393,0.14410607035941098,0.16679223943683008,0.2887423248477643,0.02072282727612374,0.0814016530678307,0.08781076491945955,0.2731983839948912,0.18285765551552818,0.27970980619744157,0.07429890902872505,12.800000000000004,9.5,-0.3539357068990279,0.04838837801116651,0.6459912847738334,0.5444654357154056
1400,2002,RI,0.15460830864950761,0.09987989707363062,0.13486026382489447,0.251370698884133,0.12075665426155924,0.10658892021193356,0.1319352570943415,0.045221943180903564,0.1576958974688104,0.14125606092082021,0.3146255618329846,0.14451607619774998,0.1620660394708947,0.03461842092783651,-16.0,-14.950000000000001,0.1263159946016883,1.33431251675027,0.8033155396012688,0.7614758226937249
1401,2002,VT,0.2303718156193248,0.1280721444652625,0.15221455907553744,0.23416257518471117,0.09453973346569311,0.07566828825156025,0.08497088393791075,0.08504637469654774,0.24811151024399408,0.17420937763687766,0.28383185473016936,0.0978797637024792,0.0929764978824259,0.017944621107506054,-7.199999999999996,-8.399999999999999,-0.0030873217468483003,1.2954369353139403,0.889078881010068,0.839360827810529
1402,2002,MT,0.08263190349514182,0.061298199903188494,0.09505358442916334,0.2286314940423068,0.1436372872926408,0.15292980814577972,0.23581772269177903,0.03276514272752937,0.12126489460805381,0.11887598583856479,0.3070929460083454,0.1649718797472829,0.20728412212030745,0.04774502894991628,10.5,6.949999999999999,-0.34162008424769474,-0.10358235905442698,0.7449708489297763,0.6112524691624412
1403,2002,AK,0.10244594572117803,0.07318269664530207,0.10902685476771487,0.24208248164766372,0.13908542281455072,0.13834004051513327,0.19583655788845733,0.032148736481480145,0.11934086088422263,0.11753885318915697,0.3061814846569871,0.16601368451501886,0.2101309383432648,0.048645441929869526,10.700000000000003,10.399999999999999,-0.23123449520876965,1.0372450840182235,0.7412236197268657,0.6658234015964094
1404,2004,,,,,,,,,,,,,,,,,,,,,
1405,2004,NY,0.13954071463967999,0.09282139373727571,0.12881555197880457,0.25142892820473484,0.1263559012814397,0.11471624423988347,0.14632126591818173,0.05081725021992713,0.1726410372934053,0.14887554101740755,0.3134496813501351,0.13617566633943523,0.1472918941668998,0.030748929612789855,-10.600000000000001,-11.649999999999999,0.3642885453270749,1.237787818905673,0.8219591762203103,0.7389624898419348
1406,2004,OH,0.09118351515994036,0.06655121122828736,0.10141057633798167,0.23538567145695122,0.14201963486537705,0.14650983133857698,0.21693955961288536,0.032067627776476586,0.1190867958034797,0.1173610925201693,0.3060565803705969,0.16615059872863758,0.21051093640449736,0.04876636839614257,0.09999999999999432,1.0999999999999979,-0.006249278189690517,0.30538057389685014,0.7407226951993601,0.6365506090485377
1407,2004,ID,0.10048740819635212,0.07205255894870137,0.10776141274826972,0.24107844093982406,0.1396467478786182,0.13973157815439963,0.1992418531338349,0.028872800478005733,0.1089113181111082,0.11001041686341587,0.30012984106193796,0.17147532306893254,0.22656033831752165,0.05403996209907802,17.700000000000003,18.500000000000004,-0.38199647270674697,0.23774305173149468,0.7193996995834003,0.6610265687117655
1408,2004,MI,0.11021133567322525,0.07756937682741055,0.11381077979995488,0.24547074849020067,0.13669843915580693,0.13295851977929263,0.1832808002741091,0.0353692388400586,0.12926229889461813,0.12426382298808156,0.31025888169726606,0.16056491660043715,0.19600926978926125,0.04427157119027725,-2.9000000000000057,-2.3500000000000014,0.011102838995783158,0.4013414101505404,0.7597191590204615,0.6837606799465983
1409,2004,GA,0.10757347873129604,0.07609602521370555,0.11222679837069599,0.2444214821479644,0.1375353020027965,0.13476160814612304,0.1873853053874185,0.024764274484293778,0.0953300487429802,0.09948333519917532,0.2890635131474123,0.1778500764176989,0.25081550321291457,0.06269324879552496,7.299999999999997,7.049999999999997,-0.20210669693280195,0.09494287209360826,0.6864912479915605,0.6778530864664585
1410,2004,NE,0.07202023380548662,0.054512003761288993,0.08642195619740681,0.2178254984193381,0.14454999272823987,0.160964836163484,0.2637054789247556,0.028946095517561877,0.10914847982488697,0.11018691564152744,0.30028951041028445,0.17135542414661564,0.2261669207546967,0.05390665370442693,15.200000000000003,14.750000000000004,-0.30632173497766185,0.21354647735240392,0.7199264255408764,0.5753296849117604
1411,2004,MA,0.14786863586182275,0.09678596667645542,0.1322839527221695,0.25160545781164007,0.12326364751440522,0.11012596730885182,0.13806637210465522,0.06899807012126696,0.21586958301460074,0.16603235818698847,0.30041956356785093,0.1133772002010649,0.11289909747535132,0.022404127432876675,-13.900000000000006,-14.650000000000002,0.27606847080421065,1.5474224595115746,0.864696775091772,0.751807660586493
1412,2004,KY,0.084751155236153,0.06261775990685213,0.0966772042030721,0.230454889275365,0.14329794439221527,0.151327197318733,0.2308738496676095,0.03930069307526395,0.1409456449315399,0.1316493943094151,0.31324496100512195,0.15399281934994702,0.18100299980579315,0.039863487522918906,8.799999999999997,8.7,0.07883859943862064,-0.17188127101990364,0.7791335126712879,0.6177989530136575
1413,2004,MO,0.08808939098338911,0.06467252470833154,0.09916975893983743,0.23312333391484513,0.1426778712797266,0.1488165887240951,0.2234505314497751,0.029921499630690556,0.11228784643506014,0.11249987754890317,0.30230313289422306,0.16974721633296064,0.22104899764259966,0.05219142951556277,2.5999999999999943,2.549999999999997,-0.08431680219156974,0.10012816518723962,0.7267595728418376,0.6277328798261298
1414,2004,NC,0.10426410926132766,0.07422322795171458,0.11018006343682504,0.24295873883127928,0.138548385950386,0.1370602796242728,0.19276519494419464,0.031027225007122662,0.11580926232603983,0.11504282281051634,0.30434771383195447,0.16790165151084913,0.2155006468925651,0.050370677620952486,5.299999999999997,6.699999999999999,0.04965184681992647,0.0887361933502344,0.7341286754864824,0.6701745254315326
1415,2004,AR,0.0875965314929114,0.06437098248216598,0.09880669508721138,0.23274456282855271,0.1427755838989665,0.1491859689627002,0.22451967524749183,0.023748541320362155,0.09188359497995673,0.09667885506391449,0.2856005671027709,0.1792688858804105,0.25755624748030836,0.06526330817227688,3.5999999999999943,3.4999999999999964,-0.10195745931585358,-0.343317333273529,0.6771804443474148,0.626294355789808
1416,2004,MN,0.1018085251199372,0.07281594242994117,0.10861766424972347,0.24176265665979074,0.13927013446355152,0.13879146885206373,0.19693360822499217,0.036718219624156875,0.1333233036361527,0.12689578661398973,0.311505746660191,0.1582927217854937,0.19060684315939214,0.0426573785206239,-3.1000000000000014,-2.75,-0.04510992170245844,0.5798287217360111,0.766735778319984,0.6642749229229441
1417,2004,TN,0.07424189309793577,0.05595764270752898,0.08830015855193049,0.2203351056694972,0.14448305094784075,0.159291614729682,0.2573905342955848,0.025893908439984882,0.09912113796764535,0.10250554559710923,0.29255181324472196,0.17618331950782895,0.2436870708858293,0.060057204356880334,6.099999999999994,4.649999999999999,-0.08631870740251396,-0.16370485649529368,0.6962557247572904,0.5833178509747332
1418,2004,KS,0.09331649076162737,0.06783194289681826,0.10291722196841649,0.2368332135383534,0.14152414938080293,0.14493339358461776,0.21264358786936377,0.02393418125606124,0.09251616521865325,0.09719768618604131,0.2862576833425543,0.17901601665299588,0.25629988437723317,0.06477838296646088,11.299999999999997,10.7,-0.24927838934275162,0.3096064218162973,0.678921732656306,0.6424230185460185
1419,2004,WI,0.0882294813719311,0.06475812002415271,0.09927264665677094,0.23323005555904103,0.1426497253291284,0.14871168651684374,0.2231482845421321,0.03458703704390167,0.12688213537962983,0.12268881376593674,0.30941800638962486,0.16188740852566108,0.19927407426886334,0.04526252462638247,-1.4000000000000057,-0.8500000000000014,-0.015530963662312684,0.45011339607920925,0.7554634011047542,0.6281400289410242
1420,2004,IN,0.08440090019448061,0.062400484142711446,0.09641109359675437,0.23016062291392622,0.14335707983595947,0.15159167337187263,0.23167814594429526,0.026757928862524684,0.10199143230807967,0.10475036841966667,0.2949802263725074,0.174857461501985,0.2384803608141578,0.058182221721078786,9.199999999999996,8.95,-0.13087238081600308,0.08903885595021864,0.7033374174647634,0.6167301806838321
1421,2004,CT,0.1382257046378602,0.0921808884124429,0.12823795614873396,0.2513493508217561,0.1268420005716029,0.11546400639486576,0.14770009301273823,0.04917660930355938,0.1683446166533213,0.14677568830516574,0.3139954025321458,0.13855515557359555,0.15135718703225465,0.03179534059995759,-6.800000000000004,-8.150000000000002,0.19589677934003843,1.2650467832123837,0.8168474723677878,0.736835900592396
1422,2004,NJ,0.10541081499080694,0.07487524086121104,0.11089685118876072,0.24348456032912852,0.1382023267376128,0.13625924327601213,0.19087096261646785,0.044549976550727545,0.15584446147907177,0.14025016814590377,0.31462281344792303,0.14555979745300762,0.16402668688455868,0.035146096038807584,-4.5,-6.050000000000001,0.2111440976465562,1.1176271584883635,0.8008272170766337,0.67286979410752
1423,2004,AL,0.08055885610473057,0.05999598641748463,0.09343378176776504,0.22674591903883112,0.1439242089752396,0.15450169139474745,0.24083955630120157,0.020287991770459788,0.07986826458282212,0.0864701686158669,0.2711284771680479,0.18326967107523512,0.28317362545052505,0.07580180133704317,11.799999999999997,10.2,-0.03767691780558333,-0.2871805933007538,0.6410245732124318,0.604658752304051
1424,2004,OR,0.149303422349742,0.0974531441739864,0.13284930655107186,0.25158223548773856,0.12272975080923065,0.10935992380347592,0.1367222168247546,0.04917362452194174,0.16833673635319793,0.14677177004329203,0.3139962559149286,0.13855953496443063,0.1513647723864293,0.031797305815779775,-3.5,-2.4499999999999993,-0.05530691427531256,0.7836138226852039,0.8168379217977909,0.7539178593717695
1425,2004,SD,0.08435255722002408,0.062370470048762866,0.09637429537428624,0.23011978946939235,0.14336514907953024,0.15162819033766117,0.23178954847034305,0.021687755697225957,0.08477991368873179,0.09072504951052315,0.27751993187916424,0.1818384745040239,0.2722853918186229,0.07116348290170804,9.199999999999996,10.799999999999997,-0.313797635841368,0.04705669019118342,0.6565511252796691,0.6165822611919958
1426,2004,LA,0.08928100981300253,0.06539898095583944,0.10004057311731185,0.23401796789360196,0.1424333173200465,0.14792561801843873,0.22090253288175898,0.026815637904997393,0.10218224280866997,0.1048982823077512,0.2951353832034127,0.17476755685534273,0.2381398599356236,0.0580610369842024,6.0,5.350000000000001,-0.03151921332493061,-0.03036203565797309,0.703799103080174,0.6311718490998023
1427,2004,DC,0.28937806808228006,0.14246932195296902,0.1548785674273988,0.2121020707337845,0.0778440755928882,0.05943092827945151,0.0638969679312279,0.14426215775749984,0.3311097887253287,0.17594112903956072,0.2216608580754693,0.06266443994719506,0.054387158345251874,0.00997446810969449,-41.400000000000006,-40.15,0.3642885453270749,1.5474224595115746,0.9356383735450536,0.8766721037893206
1428,2004,CA,0.13329471569782628,0.08974356041824022,0.125996889394795,0.2509145698077055,0.12865528354693234,0.11832511527989709,0.15306986585460358,0.04465060707272626,0.15612251391307289,0.14040211475716952,0.31462545563661165,0.14540294101051665,0.16373026771221866,0.03506609989768439,-6.300000000000004,-6.25,-0.061336170699039495,1.000159826018469,0.801203632390097,0.7286050188654993
1429,2004,CO,0.10573807980682935,0.07506072186071429,0.11109993662341933,0.2436308956470044,0.1381025686903985,0.13603150841894218,0.19033628895269195,0.04366349926837413,0.15338293843682255,0.13889143476382018,0.3145644443474801,0.14694988492743277,0.16668166403545548,0.0358661342206148,1.0,1.9499999999999993,-0.09572043528465127,0.6534182978549938,0.7974522017439297,0.6736322026283659
1430,2004,NM,0.10012590744115896,0.07184290702255858,0.10752518419039403,0.2408861279063917,0.13974829068166805,0.13998986181600914,0.19988172094181955,0.03130229568496047,0.11667916695993903,0.11566267405200562,0.30481914288066647,0.1674397841195927,0.21416025583180176,0.049936680471033945,-0.9000000000000057,-0.5000000000000036,-0.0016873852127891834,0.5898330092444534,0.7359030636971643,0.6601284172421713
1431,2004,IL,0.12899637889131,0.08757274106058024,0.12394401903550037,0.25034893455135593,0.13021914133645618,0.12089395570753547,0.15802482941726181,0.044582896854785635,0.1559354543570182,0.14029992704948235,0.3146237654718247,0.14550846203684786,0.1639296064413418,0.035119887788699455,-6.200000000000003,-5.75,0.12777440647941013,0.7512711868364267,0.8009505057699587,0.7210812148752027
1432,2004,PA,0.11124517921020398,0.07814214510060598,0.1144202964605548,0.24585490775155844,0.1363640661819875,0.13225902654061228,0.18171437875447705,0.039145526125672514,0.14049321856518115,0.13137398493482005,0.3131625699373657,0.15424883835275627,0.1815544802578679,0.04002138182633641,-2.3000000000000043,-1.9000000000000021,0.14538219978903916,0.5454882713036431,0.7784241379157957,0.6860265947049107
1433,2004,TX,0.09348652208763922,0.06793353475574282,0.10303600508498925,0.23694480045738792,0.1414832894709147,0.14480825555063037,0.21230759259269572,0.026240538764097425,0.10027569321009816,0.1034129818263195,0.29355011828862565,0.175656157316744,0.24157344586729346,0.059291064726821774,10.399999999999999,10.899999999999999,-0.20239467739475459,0.16822307208698692,0.6991354894058848,0.6428841518566739
1434,2004,SC,0.10309772463549013,0.07355665923009472,0.10944262831361312,0.24240268711791796,0.13889460448018742,0.13787991865602578,0.19472577756667087,0.026935005613338534,0.10257656668561788,0.10520343848488281,0.2954535878530083,0.17458110033369256,0.2374383774262857,0.05781192360317422,7.299999999999997,8.09999999999999,-0.02981740010312873,0.001397190395834288,0.7047496989705401,0.6673943037773034
1435,2004,MS,0.09750846569088277,0.07031508144125374,0.1057897683064736,0.23942672117151043,0.1404629307675629,0.14187290876826197,0.2046241238540546,0.019533868880973023,0.07719259505120353,0.08410410834213637,0.26734793416343555,0.1839048931449353,0.28936244208072937,0.07855415833658685,8.799999999999997,9.25,-0.053672642596418726,-0.42390624997009974,0.6320833995826838,0.6535029673776834
1436,2004,IA,0.09540285761488093,0.06907341224628771,0.10436141160162449,0.23816459051477684,0.14100964374726344,0.1434036027297757,0.2085844815453909,0.03003874352888849,0.1126631096763415,0.11277345421928303,0.3025316132442741,0.1695525141271086,0.22044820881565297,0.051992356388451344,-0.8000000000000043,-0.25,-0.10727128396819248,0.3196864650761305,0.7275594347958957,0.6480119157248334
1437,2004,MD,0.11886529068039181,0.08228331716928156,0.11872206187479972,0.2482462668774702,0.13380635206244162,0.1272303063105248,0.1708464050250903,0.03958259747069471,0.1417658054619835,0.1321465000528271,0.3133878567340207,0.15352855465146908,0.1800090205386229,0.03957966509038202,-7.800000000000004,-7.700000000000003,0.2043869249265299,0.892467323916552,0.7804113143709951,0.7019232886643849
1438,2004,WA,0.14521482027331295,0.0955397042590205,0.1312136471418626,0.2516081997261065,0.12425074152841775,0.11156184811366232,0.1406110389576174,0.05060680770539277,0.1720938431524044,0.14861213632130693,0.3135279797786761,0.13647778124448828,0.14780197049620036,0.030879481301531175,-5.100000000000001,-4.199999999999999,-0.0842752448344653,0.9027509323090124,0.8213185482022685,0.7478271129287203
1439,2004,VA,0.11243350203038066,0.07879725745576646,0.11511312971828289,0.2462781712668186,0.13597561158789695,0.131460058263982,0.17994226967687244,0.03474115777423798,0.12735259592154172,0.12300203552457087,0.30959083788725844,0.16162663759952778,0.19862282780792728,0.04506390748493594,3.0,3.8000000000000007,-0.12501024945513045,0.4571648335276617,0.7563132647071368,0.6885976720591456
1440,2004,FL,0.09805948477643099,0.07063815674337916,0.1061587784740689,0.239743877378167,0.14031559447528552,0.1414746355994777,0.20360947255319073,0.03033134303166687,0.11359768897656647,0.1134521019607864,0.30308953258920157,0.16906549276348504,0.21896194421035364,0.05150189646794001,1.3999999999999986,1.1499999999999986,-0.0674140986636219,0.6308763753324372,0.7295361593217063,0.6549158918473316
1441,2004,ME,0.14753422709115083,0.09662980024665824,0.13215084968737828,0.2516087064888139,0.12338807119644946,0.11030554104072232,0.13838280424882698,0.04480254298072469,0.1565418001586898,0.14063065282049106,0.3146279428678973,0.14516648120940523,0.16328460540259804,0.03494597456019388,-6.100000000000001,-5.0,0.0775215967228319,0.8436975650893969,0.8017694200372081,0.7513116547104507
1442,2004,UT,0.10448516135655603,0.07434917244505548,0.11031887048709399,0.2430616971241918,0.1384821051436682,0.13690549230845273,0.19239750113498177,0.027840268307806327,0.10555147906599231,0.10748317007302116,0.297750128391013,0.17314713647630953,0.23223959741494782,0.05598822027090988,20.799999999999997,19.849999999999998,-0.3044061774201614,-0.04496578285119697,0.7117721823141423,0.6706970065565655
1443,2004,OK,0.08817940766383328,0.0647275308026587,0.09923588633157074,0.23319195675008725,0.14265980454776667,0.14874917794220444,0.22325623596187893,0.026581166612430655,0.1014062820546151,0.10429574563392066,0.2944995877787221,0.17513184253652658,0.2395288886949839,0.05855648668880098,14.899999999999991,13.649999999999995,-0.22192633049136495,-0.34081734507531913,0.7019146246162151,0.6279945860959166
1444,2004,AZ,0.08809868589955755,0.06467820548476982,0.09917658971922105,0.23313042768525122,0.14267600888026072,0.14880962726660896,0.22343045506433068,0.032168203830310674,0.11940180941880928,0.11758145528964259,0.3062112892349113,0.16598081617530946,0.21003992216324896,0.048616503887767726,4.199999999999996,3.6499999999999986,-0.1551348673594523,0.570243171783285,0.7413435739489833,0.6277599176690604
1445,2004,WV,0.07821044591452196,0.05850708011630125,0.09156046178160643,0.2244829127035909,0.14419065449246088,0.15628449141141942,0.24676395358009917,0.03311857360187845,0.12236268594046351,0.1196317650933457,0.3075861429500989,0.16437378321912932,0.2056839132809033,0.047243135914180834,5.399999999999999,4.699999999999999,0.17053411229445475,-0.29072015992110417,0.7470729508049159,0.5969515550084814
1446,2004,WY,0.08916827114802113,0.06533040865527258,0.09995860753172606,0.23393459568619784,0.14245694749203663,0.1480097798818938,0.22114138960485197,0.027393841782860272,0.10408784342615154,0.10636650962959879,0.2966430078302007,0.1738584830971306,0.2347769251968056,0.056873389037252475,18.200000000000003,19.05,-0.36114932100804586,-0.03837361999564768,0.7083496857659419,0.6308488305132542
1447,2004,DE,0.12667727670742465,0.08638347360631451,0.12279692828993055,0.24996662499524808,0.13105424835966217,0.1223093057067055,0.16081214233471453,0.05247611712376639,0.17691471284533178,0.15089242767987257,0.3127527024417075,0.13382611211234352,0.14338259749335813,0.029755330303620098,-4.900000000000006,-5.450000000000003,0.16389417343239765,0.7834144065629562,0.8268620722030218,0.71687855195858
1448,2004,NH,0.12191324805891456,0.08390040499082797,0.12035127322342815,0.24900014766620854,0.13274539116891138,0.12528206511779671,0.1668074697739127,0.052949104777755066,0.1781204438062448,0.15144854802067428,0.3125292842575408,0.1331665639587426,0.1423029755124745,0.029483079666567935,-1.8000000000000043,-0.8000000000000007,0.04469824081293119,0.9999674092315143,0.8282139448209576,0.7079104651082906
1449,2004,HI,0.08427665614220416,0.06232333395835539,0.09631648634781445,0.23005557167717033,0.14337777254765577,0.15168553034279075,0.23196464898400915,0.0444281659606474,0.15550751286146597,0.14006561954221752,0.31461854609734374,0.14574992711941182,0.16438683222388328,0.03524339619503025,-5.400000000000006,-7.900000000000002,0.011855426287218066,1.1042309083602877,0.8003697715810865,0.6163498206732001
1450,2004,NV,0.08607101182274282,0.06343363405144697,0.09767211676619117,0.23153907859634565,0.14306473046849455,0.15033224113534416,0.22788718715943468,0.032702650941498754,0.12107038045589032,0.11874153095757245,0.30700353935460456,0.16507758561909347,0.20756946880198668,0.04783484386935377,-0.20000000000000284,0.6999999999999993,-0.17047995764325152,0.7046318292750298,0.7445956873286596,0.6217805717052212
1451,2004,ND,0.0590226272851186,0.04578524376890518,0.0746323347823262,0.2000750730240606,0.14314287137135429,0.17027370055735602,0.3070681492108791,0.02026413406555755,0.07978393456184742,0.08639611744174246,0.27101262571967677,0.18329135109235467,0.28336585610263154,0.0758859810161896,12.199999999999996,12.5,-0.243170012859984,0.026528382028428703,0.6407481628811789,0.5226581502317649
1452,2004,RI,0.14671499904290258,0.0962461608891087,0.13182263128159744,0.25161315761823266,0.12369284422437488,0.11074711213705102,0.13916309480673272,0.045093336048034255,0.15734251155831167,0.14106512854783915,0.3146277216287434,0.1447151575439447,0.16243790511291367,0.03471823956021314,-12.0,-14.0,0.24009224248823438,1.2303602287939757,0.8028438553268732,0.7500897930562163
1453,2004,VT,0.22076690151258554,0.12513228858521824,0.15101350799260577,0.23731695046244922,0.09757760125534831,0.07884762720110572,0.0893451229906872,0.09056542422477717,0.25807728910159533,0.17593678828308568,0.27777804472105583,0.09333858746132206,0.08753439273309549,0.016769473475068408,-11.900000000000006,-9.55,0.18781120597316486,1.2614119046826682,0.8956961337918361,0.8318072498082071
1454,2004,MT,0.07823736855302957,0.058524232110519436,0.09158217135858093,0.22450964226168205,0.1441879731842226,0.15626405335211724,0.24669455917984817,0.032671588200977,0.12097364771884055,0.11867460529030494,0.3069588493444854,0.16513012261242077,0.20771157722530786,0.047879609607663465,8.399999999999999,9.45,-0.2707133095054642,-0.006467413803678166,0.7444088131670287,0.5970413874680346
1455,2004,AK,0.09781718739184078,0.07049618694311632,0.1059967578421386,0.2396050767607361,0.14038059287387994,0.14164964680083225,0.20405455138745598,0.03230576296417323,0.11983213865689349,0.11788179207069188,0.30641997923609443,0.16574849278531456,0.2093988666563602,0.0484129676304722,10.399999999999999,10.55,-0.11656924768168304,0.9030489221580481,0.7421881657131676,0.6542958018117118
1456,2008,,,,,,,,,,,,,,,,,,,,,
1457,2008,NY,0.14717101067713054,0.09645989518099868,0.13200570595534303,0.251611297075694,0.12352320408780704,0.11050102742085288,0.13872785960217382,0.04892489276133373,0.16767922349136466,0.14644397613697246,0.31406551975796193,0.1389251262042538,0.15199937361049076,0.03196188803762268,-9.700000000000003,-10.150000000000002,0.1653031136054757,1.4642936590712379,0.8160387383518866,0.7507711129769733
1458,2008,OH,0.09481285455005987,0.06872346511490586,0.10395594494669091,0.23779638038855666,0.14115798914573452,0.14383492967810474,0.20971843617594743,0.03406429434591545,0.12528097998915969,0.12161574083161261,0.30880489410969797,0.1627723434502335,0.20151280910081348,0.04594893817256729,1.1999999999999957,0.649999999999995,-0.05635959738033277,0.663851360053356,0.7525382527266192,0.6464466341459478
1459,2008,ID,0.10572520902648418,0.07505343223453707,0.11109196200449381,0.24362517155395003,0.13810650017145254,0.1360404574513,0.19035726755778237,0.03099746052365081,0.11571498734100873,0.11497544917064595,0.3042958353481412,0.16795157272854222,0.21564661808017127,0.05041807680783983,15.799999999999997,16.75,-0.42490070305641986,0.5264912877321677,0.7339353051119889,0.6736022749909176
1460,2008,MI,0.10726642494468833,0.07592340567833789,0.11203970390595844,0.2442927406281568,0.13763109949828178,0.1349731877887519,0.18787343755582486,0.042217746247723474,0.14932142161038972,0.13659591829042406,0.31432678739488396,0.14924807996618494,0.1711872451220512,0.03710280136834265,-4.700000000000003,-3.8000000000000043,0.21971293884402024,0.9084363222989513,0.7917099535096062,0.6771533746554232
1461,2008,GA,0.1031843811714396,0.07360629890383891,0.10949770708735787,0.2424447443186888,0.13886908914745277,0.13781885678236927,0.1945789225888528,0.027004068732399366,0.10280449332651566,0.10537950587774023,0.29563602330872396,0.1744729229493116,0.23703424675018814,0.05766873905512104,6.5,6.899999999999995,-0.043142989271055684,0.2999723701590527,0.7052970141946908,0.6676022206287779
1462,2008,NE,0.0741618248534392,0.055905772577776125,0.0882331364905703,0.22024706072535732,0.14448673351428903,0.15935209142024054,0.2576133804183275,0.03129166686988183,0.1166455985997929,0.11563881597797332,0.30480119339835415,0.16745764735876512,0.21421176195290903,0.04995331584232365,10.799999999999997,13.0,-0.2888935267781531,0.4479177729819145,0.7358349222047673,0.583034528161432
1463,2008,MA,0.14904435474671882,0.09733301986325193,0.13274791002801442,0.25158753306484144,0.12282615554077958,0.10949771324671764,0.13696331350967617,0.06930354378784348,0.21653187503369387,0.16623984160840644,0.3001299309243712,0.11304584947405927,0.1124485371017322,0.022300422069893577,-9.700000000000003,-11.800000000000004,0.18839869284606614,1.9547269561851939,0.8652510408283742,0.7535389732436062
1464,2008,KY,0.08715787191501889,0.06410207030151804,0.09848212711527907,0.23240308315505345,0.14286081168744985,0.14951513284122064,0.22547890298446005,0.038690470442644086,0.1391623264703149,0.13055890510700754,0.3129053390623369,0.15500154785330644,0.18318997945959126,0.040491431604798844,11.699999999999996,10.249999999999996,-0.03706956448101213,0.0554629429523452,0.7763185889356099,0.6250059641743193
1465,2008,MO,0.08974720011284974,0.06568218811889116,0.10037858018618184,0.2343599373237613,0.14233453318126305,0.14757790245312474,0.21991965862392815,0.030203050643093407,0.11318825749216983,0.11315526323979147,0.30284705452030686,0.16927921995298068,0.21961131943207657,0.05171583471958119,3.6999999999999957,3.149999999999995,-0.1394228251945776,0.2859358151264661,0.7286728458483422,0.6325024389229471
1466,2008,NC,0.10855893833175709,0.07664845503455295,0.11282342076594637,0.24482527168828694,0.13722551671733452,0.1340849414016434,0.18583345606047874,0.03340952741282996,0.12326347885713418,0.12024805314742534,0.3079765226539544,0.16388117337287,0.2043836976190706,0.04683754693671549,3.6999999999999957,4.4999999999999964,0.045359225024146056,0.2963195006152845,0.7487787554442139,0.6800816025378779
1467,2008,AR,0.08684447554500299,0.06390964204073413,0.09824941485593777,0.23215658029985897,0.14292068201433622,0.14975052589802085,0.22616867934610907,0.021673235804682178,0.08472932705611354,0.09068180685226132,0.27745758098839374,0.18185479470713284,0.27239450930100517,0.07120874529041121,13.0,8.299999999999997,-0.2510916861420559,-0.17898497822117335,0.6563967454085836,0.6240807947558701
1468,2008,MN,0.10708131997659316,0.0758192304929894,0.11192663988252174,0.24421445197341346,0.13768867972077603,0.13510090627692395,0.18816877167678225,0.03825895396959641,0.13789465208930432,0.12977570736042926,0.31263942367148906,0.15571780999752405,0.18476639713655818,0.04094705577509872,-1.9000000000000057,-2.5000000000000036,-0.15355081981146157,0.9860102075691687,0.7742865470883431,0.6767303220462938
1469,2008,TN,0.07540918002289733,0.05671188763624031,0.08927162590764964,0.22159874193205817,0.14441904530316307,0.15840881515039562,0.25418070404759585,0.023586521008751377,0.09133052433832023,0.09622371730090289,0.28501794594417246,0.17948703833726676,0.25866189987641486,0.06569235319417144,11.199999999999996,8.649999999999995,-0.276282973493167,-0.018903240163916347,0.6756457469294137,0.5874104808020085
1470,2008,KS,0.0932717625677376,0.06780520598693139,0.1028859428421395,0.23680376751404597,0.14153486545368232,0.1449663255719511,0.2127321300635121,0.025243615563089565,0.09694408295319062,0.10077802136936133,0.290588700117971,0.1771530875076862,0.24774480008097788,0.0615476924077234,10.899999999999999,11.099999999999998,-0.22670658031520335,0.5923078877593351,0.6907075075112987,0.6423015443645368
1471,2008,WI,0.09141539659527595,0.06669100945550765,0.10157586141681593,0.23554737594555364,0.1419673459130481,0.1463378760067281,0.21646513466707062,0.03878025929458256,0.13942541154179341,0.13072060887365092,0.3129579581747188,0.1548528095336852,0.18286510523618837,0.040397847345380766,-3.4000000000000057,-2.4000000000000057,0.002405342335997149,0.8996264519643122,0.7767370474184309,0.6371969893262013
1472,2008,IN,0.08545601090947197,0.0630540349306104,0.09721006946580685,0.231038711797325,0.14317541110704607,0.15079550921532958,0.22927025257441014,0.02981003921468497,0.11193067999346401,0.11223891943379607,0.3020832794956255,0.16993206260408933,0.22162296305544826,0.052382056202891825,3.1999999999999957,6.199999999999996,-0.0309656098481013,0.2698908102065958,0.7259949807416599,0.6199342382102603
1473,2008,CT,0.14623752689069572,0.09602186451733866,0.13162992443799287,0.25161343283557847,0.12387044364076893,0.11100556164030873,0.13962124603731663,0.049270233889328725,0.16859168200952893,0.1468984104355223,0.31396836868526956,0.13841787865385213,0.1511196124340961,0.03173381389240226,-7.5,-7.150000000000002,0.025061935730158417,1.621441668164212,0.8171465736735016,0.7493731923223746
1474,2008,NJ,0.10538739284550232,0.07486195587956927,0.11088229130969329,0.24347402408157492,0.13820944970834337,0.1362755571258336,0.1909093290494832,0.04619393967953238,0.160352152096304,0.1426751976117525,0.3145695261840453,0.14302192074883857,0.15930592337212202,0.033881340307405194,-4.0,-4.25,0.1894644041464874,1.5042912595263784,0.8068127363204728,0.6728151138246832
1475,2008,AL,0.08070089295047161,0.06008557050841423,0.093545770992041,0.22687841160641284,0.14390604775255206,0.15439390494531258,0.24048940124479568,0.019036135190517677,0.07541516381893781,0.08251341370680641,0.26471413026027013,0.1842631320504634,0.2935776025766659,0.08048042239633868,14.599999999999994,13.199999999999996,-0.15215723116641458,-0.1857849845917901,0.6259419750269954,0.6051166938098917
1476,2008,OR,0.15775881643221154,0.10129151890273466,0.13599677499171314,0.2511564991071143,0.11958712039768149,0.1049879365041747,0.12922133366437016,0.054552413320997764,0.18216583671458764,0.15327308804227402,0.3116966258676415,0.13096494597875075,0.13875280892708042,0.02859428114866791,-5.300000000000004,-4.400000000000002,-0.09158078607494148,1.2319347990807643,0.8326529099242517,0.7657907298314551
1477,2008,SD,0.08881641519659174,0.06511618383616301,0.099702228034523,0.2336726945500498,0.1425300407759474,0.14827262927099405,0.22188980833573102,0.024774107999061355,0.09536323967598127,0.09951007886145503,0.28909548657141265,0.17783594237393008,0.25075181316567285,0.06266933135248676,7.5,8.349999999999998,-0.30326522181919907,0.5186127430994135,0.6865788554818404,0.6298375623932749
1478,2008,LA,0.08263921156963082,0.06130277055489601,0.09505923914790115,0.22863796051339194,0.1436361948775718,0.15292427290972643,0.23580035042688186,0.025793447585339226,0.09878575854837765,0.10224081912191199,0.29225631387107365,0.1763348247240606,0.24430597756397443,0.0602828585852625,12.899999999999999,9.45,0.035810230016562444,0.022026529635130798,0.6954111638507631,0.6112753766633917
1479,2008,DC,0.30178782242154123,0.14473991433952338,0.15457323971837345,0.20713573636357685,0.0747367151310614,0.05660364981244281,0.06042292221348089,0.15080409955816795,0.33755591015705,0.17467295687342516,0.2155988316980808,0.06006929405789352,0.05182529059083507,0.009473617064547524,-39.2,-40.300000000000004,0.2636643915456407,1.9547269561851939,0.9387010923446175,0.8829734279740763
1480,2008,CA,0.13020454758024952,0.08818728643412993,0.12453056381881611,0.2505263061712846,0.12978150776374353,0.12016479361908794,0.1566049946126884,0.05061324162580656,0.1721105896044795,0.1486202150517235,0.3135256210445506,0.13646853107283607,0.14778632725899687,0.030875474341606868,-8.700000000000003,-7.5000000000000036,0.10487588690759062,1.3180053714172097,0.8213381983993963,0.7232302117682237
1481,2008,CO,0.11556619366031373,0.08050774384108517,0.11690033743529155,0.24730310984854215,0.13493214512345575,0.12937985574218636,0.1754106143491253,0.04850833752404528,0.16657443167352165,0.1458893502174592,0.3141732058645242,0.1395402261654468,0.153073279792855,0.03224116876214789,-1.0,0.0,-0.20984226936634165,1.2236764358242396,0.8146855514449971,0.6952095299086883
1482,2008,NM,0.10393467065077966,0.07403530390600918,0.1099726352028719,0.2428038717338536,0.13864677670979741,0.13729128876199326,0.193315453034695,0.03250570439808443,0.1204565527827392,0.11831616324948724,0.30671737944558003,0.1654106096548924,0.20847354278866292,0.04812004768055378,-3.9000000000000057,-2.4000000000000057,-0.02657510493018074,0.661606168699866,0.7434064095307833,0.6693932582033117
1483,2008,IL,0.13872012689772803,0.09242217465266908,0.12845610085878156,0.25138101202333757,0.1266593379304196,0.11518211367616593,0.1471791339608982,0.04721783012178923,0.16312256256515137,0.1441252858946595,0.314437957135484,0.1414682831298496,0.1564914952757367,0.033136585877329594,-8.900000000000006,-7.550000000000004,0.017437910602729322,1.0704416579768348,0.8103719188469337,0.7376387523629359
1484,2008,PA,0.11729593176921783,0.08144197300275331,0.1178631181838192,0.24781454639997452,0.13434505215945636,0.1282475517769196,0.17299182670785918,0.04013877457413897,0.14337714193365522,0.13311505931696238,0.3136446349461644,0.15261598276285027,0.17807748628574194,0.03903092018048682,-1.5,-1.9000000000000021,0.02589515301633742,0.8607080162162738,0.7828915935337712,0.6987606215152212
1485,2008,TX,0.0956505260357143,0.06922004674843962,0.10453093049572346,0.2383172356637368,0.1409467237393226,0.14322285198487428,0.20811168533218893,0.028179987023924397,0.10666081648369428,0.1083231551080027,0.2985604576335179,0.17260089642985332,0.23034233553375694,0.05533235178725049,9.799999999999997,10.099999999999998,-0.19789230725273288,0.46927714641662577,0.7143253126789926,0.6486654626829368
1486,2008,SC,0.11009898154872158,0.07750697226821102,0.1137441593469736,0.24542809477520505,0.13673456925166572,0.13303478300866944,0.1834524398005536,0.026331608498807477,0.10057835078149407,0.10364986221684999,0.2938069974609207,0.17551656718454012,0.24102369315392214,0.0590929207034655,8.199999999999996,7.749999999999989,-0.19980325295286575,0.10755757918605877,0.6998833861426124,0.683512777190777
1487,2008,MS,0.09595223324177819,0.06939846432562431,0.10473689036787742,0.2385016630583982,0.14086956523426786,0.14300291346681882,0.2075382703052352,0.0200317969835028,0.07896160508245653,0.08567224627681394,0.26987176371414817,0.1834972317922341,0.28524993175165303,0.07671542439919143,10.5,9.649999999999999,-0.00875917553117863,-0.32420912376350147,0.6380346438491555,0.649458816227946
1488,2008,IA,0.10223850120920644,0.07306345065515868,0.10889396651608427,0.2419791247392909,0.13914574516101763,0.1384867991103197,0.1961924126089224,0.032184890812240435,0.11945404360083753,0.11761795341158943,0.3062367834696369,0.1659526401210033,0.20996196328286865,0.04859172530182376,-1.3000000000000043,-1.0500000000000043,-0.21970121368919063,0.7867993565940643,0.7414463114153076,0.6653207882807579
1489,2008,MD,0.11967465917638496,0.08271490327900417,0.1191596824034018,0.24845719534073102,0.13352643462606129,0.1267094308500738,0.16975769432434296,0.04356957286739469,0.15312085066126768,0.1387453241035377,0.31455448097508887,0.14709803498208274,0.16696765859310736,0.03594407781752096,-9.200000000000003,-8.500000000000004,0.2636643915456407,1.2491148133287637,0.7970882635893717,0.7035328748255832
1490,2008,WA,0.15059072246410582,0.098047805345961,0.1333486963080475,0.2515488035941191,0.12225073259377783,0.10867868698817429,0.1355345527058145,0.05598546531025758,0.1857277734561855,0.15482706221509052,0.31086094672127906,0.12904135063607525,0.13571572252842912,0.027841679132682984,-5.200000000000003,-5.150000000000002,-0.09614931625472456,1.38761557075179,0.8364425983388879,0.7557867603060112
1491,2008,VA,0.11001632564577431,0.07746104308032283,0.11369510070207325,0.24539660151253545,0.13676112262441464,0.13309091840470844,0.18357888803017108,0.03903543746344087,0.14017180144836436,0.13117781124971312,0.3131024860611363,0.15443068114759495,0.18194764768709648,0.04013413494265394,0.5999999999999943,1.7999999999999972,0.047682844290223236,0.6446529747000375,0.7779182173702496,0.6833301935651205
1492,2008,FL,0.09711843313025334,0.0700859309054856,0.10552737568850565,0.23919896755173398,0.14056617661201043,0.14215540646245395,0.20534770964955706,0.031410209623370954,0.11701978058819767,0.11590448163989023,0.30500018014982777,0.16725834862022038,0.21363861250011063,0.049768386878382365,2.5,1.9499999999999993,-0.04234229664500268,0.8492711271085502,0.736593000621507,0.652496883887989
1493,2008,ME,0.15379870353640193,0.09951359407781155,0.13456132723558395,0.251415353188627,0.12105755183408651,0.10700565713686194,0.1326478129906271,0.050419130385320574,0.17160487905987493,0.1483757674427559,0.3135958014156957,0.1367479838772092,0.14825963827807753,0.030996799541066156,-5.300000000000004,-5.700000000000003,0.05526992883350521,1.4555282387196133,0.8207435621808563,0.760346529872511
1494,2008,UT,0.10795520890157378,0.07631030084818358,0.11245860105898292,0.24457958783292422,0.13741572044152384,0.1344990617342512,0.18678151918256047,0.028414899374425612,0.10742567256520151,0.10889911044856534,0.29910492705991487,0.172220900192678,0.22904701207138523,0.05488747828782947,16.9,18.849999999999998,-0.3501815049386764,0.044850116871571324,0.7160655096407853,0.6787194190831883
1495,2008,OK,0.08852641588994781,0.06493937895259277,0.09949027469360494,0.23345489387109786,0.14258952947648734,0.1484894722518707,0.22251003486439858,0.025921149047120243,0.09921201895452432,0.1025771933128849,0.29263145828689496,0.17614213660748268,0.24351974415403377,0.0599962996370591,19.89999999999999,17.39999999999999,-0.33774639611578705,0.030401605712127702,0.6964839562089071,0.6290004928837307
1496,2008,AZ,0.08627359387034762,0.06355845849708099,0.09782372856749083,0.2317020750295167,0.14302751858748064,0.15017977895922785,0.22743484648885537,0.0335098415741285,0.12357343806091484,0.12045931066397905,0.3081078984255725,0.1637113025833572,0.20393894559560755,0.04669926309644035,7.899999999999999,6.049999999999997,-0.13802135453555292,0.9730797418841507,0.7493617913079521,0.6223853745519168
1497,2008,WV,0.0809281775134235,0.06022881036374851,0.09372466446580424,0.2270894024759776,0.14387651799761703,0.15422144767379897,0.23993097950963016,0.029476312125388364,0.11085885622035438,0.11145243990516426,0.3014093983413218,0.17048395364631752,0.2233580723491917,0.05296096741226197,10.0,7.699999999999999,-0.05456188036554105,-0.3073699129003281,0.7236809602385463,0.6058475728165709
1498,2008,WY,0.0960147881123564,0.06943542776618421,0.10477951833958418,0.23853969291703725,0.14085349794800783,0.14295734683681194,0.20741972808001818,0.027481532279562716,0.10437586751876837,0.1065870104541817,0.2968643282489329,0.17371937012300231,0.23427451127528753,0.05669738010026448,19.099999999999994,18.65,-0.532709757366849,0.20279949251243293,0.709028108624448,0.6496229250831699
1499,2008,DE,0.13336646182388737,0.08977942832306454,0.12603036093758885,0.2509224950056328,0.12862903012901783,0.11828283254602756,0.15298939123478106,0.05298455889610489,0.17821059552894727,0.15148990116043376,0.3125121158256029,0.13311731070794064,0.14222265578891724,0.029462862092053288,-8.800000000000004,-6.850000000000005,0.07092013026870682,0.8535227011602127,0.8283144821190295,0.7287277762191914
1500,2008,NH,0.12910971595129142,0.08763053682491856,0.1239993620266274,0.2503661994209582,0.13017815823334722,0.12082531605636038,0.1578907114864968,0.05845738700389928,0.19175466584543754,0.15734499337931895,0.3092389392620802,0.12581989993226972,0.13075635808339137,0.02662775649360294,-1.2000000000000028,-1.5000000000000036,-0.02585272741575408,1.5857543453284892,0.8426158854230057,0.7212839724571428
1501,2008,HI,0.09271288799871276,0.06747069849340324,0.10249397970426133,0.23643259123951477,0.14166760928583705,0.1453782717997828,0.21384396147848805,0.050575963318790565,0.17201354537305985,0.14857338421453484,0.3135392567028663,0.1365221386616764,0.14787700725642017,0.03089870447265186,-19.1,-12.250000000000004,-0.039700380035866956,1.5019917347525578,0.821224288270928,0.6407777667217291
1502,2008,NV,0.09046580552177906,0.06611763583883672,0.1008966673156095,0.23487834405197727,0.14217894531103392,0.14704291020168236,0.21841969175908116,0.037023495862970754,0.13423468937265526,0.12747692953461395,0.31175408081726685,0.1577805783219861,0.1894225369117999,0.0423076891787072,-3.0,-1.6000000000000014,-0.16383801860140257,1.1558447452277698,0.7682697739094929,0.6345373980392365
1503,2008,ND,0.06372607307153709,0.048996742757867084,0.07906099400407114,0.20714696257042997,0.14405748920420514,0.1670450536764465,0.28996668471544307,0.021487032142475337,0.0840799319390656,0.0901256206940124,0.276650879392645,0.18206154541925584,0.2738007740336552,0.07179421637889061,7.599999999999994,9.899999999999995,-0.32921496093995384,0.2369814198095549,0.6544050095874542,0.5429882616081104
1504,2008,RI,0.1480059266418516,0.09685000749257572,0.13233845132762886,0.2516038854873457,0.12321256366289424,0.1100523568007612,0.13793680858694268,0.04671768706755263,0.1617728173815894,0.1434226250891669,0.31451123196324865,0.1422245705262406,0.15785462463993039,0.03349644333227142,-10.600000000000001,-11.3,0.17233194555923093,1.7612460125156157,0.8086489320277982,0.7520108346122961
1505,2008,VT,0.23488112733734184,0.1293924963649174,0.15269530646654972,0.23262362328227637,0.09314522796327707,0.0742349383762716,0.083027280209366,0.10812175226572357,0.28640299672131875,0.17871365782161303,0.2584685737301755,0.08098623562695684,0.07349005716996837,0.013816726664243939,-15.300000000000004,-13.600000000000005,0.21834894076085845,1.8741328846175045,0.9126932161657877,0.8427377814143624
1506,2008,MT,0.08514546163638063,0.06286197841231038,0.09697573344991028,0.23078285820773645,0.1432299728502971,0.15102967045539895,0.22997432498796622,0.03884604964866136,0.1396180295937499,0.13083881844645678,0.3129959279257421,0.1547438928056697,0.18262774246439673,0.04032953911532344,3.799999999999997,6.099999999999998,-0.29373915793274497,0.660105658205327,0.7770427184202798,0.6189960045566348
1507,2008,AK,0.09629068589926136,0.0695983359274822,0.104967221841225,0.2387065716494442,0.14078235088400426,0.142756518344623,0.20689831545395998,0.02958562896901023,0.11121034687765399,0.11171091286783599,0.3016327352010145,0.17030344201999315,0.22278695703608098,0.05276997702841113,13.699999999999996,12.049999999999997,-0.1657429599259899,0.6409145667187484,0.7244430659355079,0.650345166201417
1508,2012,,,,,,,,,,,,,,,,,,,,,
1509,2012,NY,0.1583088618292946,0.10153572715319759,0.13619087521639628,0.2511126712774526,0.11938320650496748,0.10471176520180059,0.12875689281689084,0.05253735330238029,0.17707113326333082,0.15096489355052398,0.3127243723654243,0.1337404635852405,0.14324196861673355,0.029719815316366582,-12.0,-10.850000000000001,0.03168490009369361,1.9919218385726352,0.8270382160668999,0.7665313419813086
1510,2012,OH,0.10589291172741379,0.07514838176156953,0.11119578964820784,0.2436995563515117,0.13805522205135912,0.1359239016082825,0.19008423685165554,0.033225281087600644,0.12269335988222027,0.11985840405667439,0.30773093730091866,0.16419313720790552,0.20520527924454957,0.047093601220130954,0.5,0.8499999999999979,-0.3519768406515598,0.9951800240490455,0.7477011195353195,0.673991861540062
1511,2012,ID,0.12136341986597682,0.08361034307814375,0.12006114524705808,0.2488722151013555,0.13293811495734964,0.12563083679119658,0.16752392495891966,0.028805008444147778,0.108691805140873,0.10984683064823145,0.2999810921299258,0.17158608837311728,0.22692534334892167,0.05416383191478302,17.299999999999997,16.549999999999997,-0.8127531432481978,0.7051850217947173,0.7189108247362953,0.7068452382498838
1512,2012,MI,0.12646305163280808,0.08627297487006677,0.1226895471800041,0.24992847307593713,0.1311310350341719,0.12244109350037002,0.161073824706642,0.03923593848617869,0.1407569230354988,0.13153461495869614,0.31321090250033795,0.15409962110174846,0.1812327651486466,0.03992923476889332,-2.5,-3.6000000000000014,-0.24748687590734553,1.2383925709178654,0.77883800008246,0.716485081792988
1513,2012,GA,0.11510234102975776,0.08025598291130738,0.11663926542806377,0.24715947268147553,0.1350883171729419,0.129685473995668,0.17606914678078567,0.027731734618780483,0.10519625715663256,0.1072130379675734,0.29748543221060375,0.1733207788305673,0.2328518102380447,0.056200948977797816,6.099999999999994,6.299999999999994,-0.2886044625561302,0.7593693273043732,0.7109472407841575,0.6942453792235463
1514,2012,NE,0.08210449109578546,0.06096797222038658,0.09464446589497258,0.22816149967281663,0.14371465411792428,0.15332940867914824,0.23707750831896623,0.03109052889004696,0.11600967427974826,0.11518591859918148,0.3044574848214052,0.1677954402629388,0.2151907992439649,0.05027015390271439,12.599999999999994,11.699999999999996,-0.508980926129348,0.6321225959743421,0.7345390468533207,0.6095930830018855
1515,2012,MA,0.16078001632645,0.10262466682649263,0.13704726774811682,0.25089298709806795,0.11846833203033891,0.10348311264956689,0.1267036173209668,0.06840115230846738,0.21456966991387894,0.16562030224596425,0.30098119787291594,0.11402918051900768,0.11378911329199937,0.02260938384776645,-9.700000000000003,-9.700000000000003,-0.07233713120201274,2.460702797518993,0.8636015028602342,0.7698132700294663
1516,2012,KY,0.09498780934385098,0.06882732826250937,0.10407641921612287,0.2379062412985432,0.14111422897318004,0.14370691990837114,0.20938105299742238,0.03639888562835502,0.13236694919642605,0.12628222027117664,0.3112329173048161,0.15882934731916987,0.1918605127174614,0.043029167562594894,13.299999999999997,12.499999999999996,-0.34075438905394834,0.38491268380806015,0.7651103197199437,0.6469120270942065
1517,2012,MO,0.10061914631142582,0.07212887848234167,0.1078472923711209,0.24114797607766358,0.139609579526343,0.1396375646104525,0.1990095626206525,0.028095629857484806,0.10638570962994402,0.1081153566475998,0.2983617919643963,0.17273690946516573,0.23081078456639514,0.055493817869014195,6.599999999999994,5.149999999999995,-0.5145966641499452,0.6444304890417939,0.7136953975645907,0.661352872768895
1518,2012,NC,0.12342325830383982,0.08469329165129061,0.1211396182365361,0.24933371597154758,0.13221333054457995,0.12433027673245078,0.16486650855975515,0.033307207908373014,0.12294699957734234,0.12003192683598304,0.30784082787393435,0.16405442662516756,0.20483919961750563,0.04697941156169405,3.1999999999999957,3.4499999999999957,-0.2569947703144178,0.6448107169472856,0.7481813888208003,0.7108032147077941
1519,2012,AR,0.08624562492639719,0.06354123131067331,0.09780281397147392,0.23167962491218166,0.14303267813428272,0.15020082402100654,0.22749720272398466,0.019920564825832803,0.07856721398143754,0.08532393289444508,0.2693173729302992,0.1835923521633751,0.2861597301569595,0.07711883304765077,13.399999999999999,13.2,-0.4026203805232346,0.03618568148535018,0.6367214367953897,0.6223019732550088
1520,2012,MN,0.11383690855079699,0.0795664932319435,0.1159207708804467,0.24675337606842324,0.13551148862519669,0.13052346640661605,0.17788749623657685,0.03915427676362708,0.14051875188270319,0.13138955060021873,0.31316728765313373,0.15423439130191685,0.18152329633040387,0.04001244546799654,-2.200000000000003,-2.0500000000000043,-0.30533773010306353,1.3791190631868897,0.7784642582015996,0.6915890373568071
1521,2012,TN,0.07702585592517622,0.05775048774027755,0.09059983634171032,0.22328835590156731,0.14429965896150304,0.15718348929772896,0.2498523158320366,0.023341642214055967,0.09049286324596656,0.09553169148021354,0.28412100869623835,0.17981207805498145,0.2603493648099052,0.06635135149863891,12.299999999999997,11.749999999999996,-0.40954528495737175,0.39966951374008214,0.6732992836914559,0.5929641948702344
1522,2012,KS,0.09790438770710723,0.07054729753446072,0.10605511122675343,0.23965514892023793,0.14035723853070547,0.14158664034621415,0.20389417573452107,0.02459276574993592,0.09475062006619783,0.09901564749805934,0.2885011698193399,0.1780954332735183,0.2519310878756681,0.06311327571728065,12.5,11.7,-0.3770407507225223,0.7340756888927652,0.6849556364070513,0.6545191839192648
1523,2012,WI,0.1018848699559528,0.07285992287257628,0.10866680830994443,0.24180131300106333,0.13924811219619182,0.13873732585936482,0.1968016478049065,0.037288600129851204,0.1350238771409787,0.1279773412550793,0.3119600275064779,0.15733656174245092,0.1884051335937661,0.042008458631395906,-1.3000000000000043,-2.350000000000005,-0.2917517072467476,1.1383653419056854,0.769586407774838,0.6644610263357287
1524,2012,IN,0.10051303367724573,0.07206740792173161,0.10777812655649405,0.24109198966142203,0.1396395247826958,0.1397132861722571,0.19919663122815368,0.029351422956319765,0.11045681723371611,0.11115612811137618,0.30115111599501315,0.17068984392707598,0.22401386146814295,0.053180810308355864,6.899999999999999,5.049999999999997,-0.41400948094013323,0.6655324349038901,0.7228053282235012,0.6610900825995892
1525,2012,CT,0.1615474347827045,0.10296011598523208,0.1373080634559417,0.25081733999180705,0.11818467319992432,0.10310554030482799,0.12607683227956235,0.04966881477257267,0.16964092901482225,0.14741690919973682,0.3138475801394776,0.13783547462460033,0.1501159016425142,0.031474390606276104,-6.5,-7.0,-0.238154794290648,2.07624905365422,0.8184097077512097,0.7708176274156097
1526,2012,NJ,0.11779221235320983,0.08170867567823875,0.11813623368470369,0.24795434868686012,0.13417529625214586,0.12792482982219167,0.1723084035226501,0.048121980714363195,0.16554563787592164,0.1453685332609725,0.314263573148957,0.14011390345957886,0.15408199429931657,0.03250437724089028,-6.600000000000001,-5.300000000000001,-0.04189857952186224,1.9832034460870829,0.8134136284597931,0.6997667666551582
1527,2012,AL,0.08829615467834978,0.06479883957949845,0.0993215660293072,0.23328070211469176,0.14263627249091604,0.14866177466865504,0.22300469043858173,0.01841785734211564,0.0731944938266995,0.08050468225859514,0.2612811908824214,0.18463258153872836,0.2989632660871808,0.0830059280642591,13.299999999999997,13.949999999999996,-0.4103839212065021,0.09687171972224047,0.61803080584856,0.6283335348927632
1528,2012,OR,0.16971931426891643,0.10645284875782993,0.13993749319765386,0.24980704854791513,0.11518105702054737,0.09919888439499136,0.11970335381214592,0.05698586244626086,0.18818460625200983,0.15587036055983405,0.31023062803084317,0.12772299564897005,0.13366746589873424,0.027338081163347794,-5.100000000000001,-5.200000000000003,-0.24207789796592477,1.6276027588223398,0.838994452937918,0.7810977617928627
1529,2012,SD,0.09555232283861063,0.06916192328969238,0.1044637628582872,0.23825684545330778,0.1409717176084332,0.1432944995350578,0.20829892841661102,0.024387312870465475,0.09405517327914728,0.09845228545248991,0.2878157470661987,0.17838638759257786,0.2532793912516713,0.06362370248744942,10.699999999999996,9.099999999999998,-0.5116855023403896,0.8163313921406327,0.6830969062608793,0.6484065720483312
1530,2012,LA,0.08797644066783414,0.0646034749212997,0.0990867042413188,0.23303698537896433,0.14270044510272434,0.14890119740589525,0.22369475228196345,0.024817704818042994,0.09551035122448047,0.09962855366599908,0.2892368914239068,0.17777319376075829,0.25046979792686885,0.06256350717994352,10.599999999999994,11.749999999999996,-0.19656001601594103,0.3712027647006779,0.6869666948931876,0.6274040503121413
1531,2012,DC,0.3172414631006136,0.14722122228860013,0.15384594767750365,0.2008879917662939,0.071045323056526,0.05331274035374922,0.05644531175671352,0.15584344260898833,0.34222002832234444,0.17358753727559545,0.21106023503047877,0.0581860519891606,0.049986538341865616,0.009116166431566763,-39.900000000000006,-39.550000000000004,0.10500622946038472,2.460702797518993,0.9408972952265676,0.8902419478895373
1532,2012,CA,0.1458118095363724,0.0958214456038676,0.13145722608789936,0.25161222392909566,0.12402876771202764,0.11123667492574107,0.14003185220499625,0.05320158485735483,0.17876175403512234,0.15174203276614823,0.31240576068129866,0.13281637772660115,0.14173281693809858,0.02933967299537621,-10.100000000000001,-9.400000000000002,-0.11388999911534245,1.7532171092373596,0.8289275100665252,0.7487314728692627
1533,2012,CO,0.1263742937398495,0.08622716111434511,0.12264498617308045,0.24991252325650293,0.13116283072189272,0.12249574787155681,0.16118245712277246,0.05080607333174785,0.1726120037682675,0.14886159456983153,0.31345389921317646,0.13619168912373003,0.14731890291637995,0.030755837076866688,-1.1000000000000014,-1.0500000000000007,-0.3850070116135597,1.6474701511308325,0.8219252600067534,0.7163217950056707
1534,2012,NM,0.11715144444919287,0.08136421310912367,0.11778334303251362,0.24777326856407722,0.13439436790370674,0.12834168934726253,0.17319167359412335,0.032494546599991715,0.12042174041078255,0.11829199044572847,0.3067009666505293,0.1654294711146448,0.20852498084603543,0.04813630393228774,-4.400000000000006,-4.150000000000006,-0.28649099962806945,0.8990058621324144,0.7433387152216768,0.6984666370586141
1535,2012,IL,0.14902812057978293,0.09732548739418512,0.1327415461135475,0.25158784893067626,0.12283219661563971,0.10950635539920273,0.13697844496696576,0.04922621230307462,0.1684755423130157,0.14684075161233634,0.313981143829247,0.13848240283555702,0.15123123198951438,0.031762715117254925,-6.5,-7.700000000000003,-0.14207015646686802,1.5241588690599683,0.8170060528932307,0.7535151996338315
1536,2012,PA,0.12826938626942594,0.0872012948034126,0.12358744338941477,0.25023507461038236,0.13048166004387607,0.12133541266957681,0.15888972821391145,0.038326788039322,0.13809429352833708,0.12989949339909412,0.31268266885419854,0.1556050594416819,0.18451691549411375,0.04087478124325261,-0.6000000000000014,-1.0500000000000007,-0.25130891466504374,1.1063916256608226,0.7746083032626336,0.7197748591165117
1537,2012,TX,0.10440610646608553,0.07430414490181428,0.11026926359778977,0.24302496416505665,0.13850583306734698,0.1369608286778905,0.1925288591240163,0.02745375147039578,0.10428464782792013,0.10651721612665602,0.2967944184247547,0.17376347544583526,0.2344334646302264,0.05675302607421173,10.0,9.899999999999999,-0.42700332773993077,0.6595257274193399,0.7088135092955619,0.6705103121980932
1538,2012,SC,0.12051271415676615,0.08316012522791663,0.11960899655424673,0.24866734942634788,0.13323517834954512,0.12617278452996028,0.1686428517552172,0.02655029027845035,0.10130396133374825,0.10421609085187034,0.2944147913458626,0.17517961337179944,0.23971291008985962,0.05862234272840938,7.399999999999999,7.79999999999999,-0.42570826353441504,0.4972749646413706,0.701664747181731,0.7051843637148225
1539,2012,MS,0.11132760032670969,0.07818769491612107,0.1144686179091052,0.24588489238853706,0.13633726297909876,0.13220343627371478,0.18159049520671344,0.019180870671531968,0.07593296388520646,0.08297837951029634,0.2654917104378308,0.18416430173862836,0.2923409564400419,0.07991081731646421,8.099999999999994,9.299999999999997,-0.3979888816044487,0.005063723428407431,0.6277482262434939,0.6862060685195718
1540,2012,IA,0.11243266928424299,0.0787967995811369,0.11511264708839508,0.24627788141706047,0.13597588529635252,0.13146061626437722,0.17994350106843482,0.033017830750099765,0.12205016823217948,0.11941713847310975,0.30744770229107315,0.16454430587262026,0.20613769878069954,0.047385155600218054,-1.0,-1.1500000000000021,-0.44144107527790793,1.2494683310780539,0.7464771456190824,0.688595882667188
1541,2012,MD,0.13604133286980283,0.09110812943433316,0.12725996228618844,0.25118384819281236,0.12764732654691469,0.11672024514457102,0.1500391555253775,0.04553421562674719,0.15855207546613653,0.1417165713586085,0.31461513552840065,0.1440340262686175,0.16116966338264138,0.03437831236884825,-11.300000000000004,-10.250000000000004,0.0024423194595574976,1.728441460561003,0.8044520242485104,0.7332405993300515
1542,2012,WA,0.15827968273909537,0.10152278899231637,0.13618061048987534,0.2511150433097923,0.11939402149998635,0.10472639092937686,0.12878146203955743,0.05810018870671946,0.1908928254962698,0.156993488450892,0.309486407856739,0.12627793466785875,0.1314521868235522,0.026796967997968824,-5.900000000000006,-5.550000000000004,-0.19631240943101017,1.7067333911395577,0.841750845178479,0.7664921470310657
1543,2012,VA,0.12296479309466378,0.08445313332409367,0.1209015665895492,0.2492351686418588,0.13237529094377443,0.12461831830640013,0.16545172909966,0.04202893921391877,0.14878666651299588,0.13628868813113906,0.3142819940692826,0.1495509609771265,0.17179241146435498,0.0372703396311822,0.09999999999999432,0.3499999999999943,-0.1560246431106161,1.2225054431613385,0.7909372489044628,0.7099299525939399
1544,2012,FL,0.10659448356971264,0.07554483839327673,0.11162828321950402,0.24400610016716012,0.13783949751611568,0.1354374193915222,0.1889493777427086,0.032653158132418564,0.12091624012444277,0.1186348681197002,0.306932255711639,0.16516129172938843,0.2077959780132701,0.04790620816914093,1.8999999999999986,2.1999999999999993,-0.2584889347709275,1.4047957465247334,0.744297813817589,0.6756132028657692
1545,2012,ME,0.17043198429986975,0.10675062615380801,0.14015428869974372,0.24970213017963389,0.11492081155176215,0.09886782389332882,0.11917233522185366,0.05015587152913356,0.1709174634943496,0.14804187691128715,0.31368770328123746,0.1371282254893046,0.1489060640243296,0.031162795270358035,-6.200000000000003,-5.7500000000000036,-0.22201753147469866,1.8418814540693704,0.8199311407053124,0.7819598408848175
1546,2012,UT,0.11678208452490384,0.08116520200300519,0.11757887524433056,0.24766656075080362,0.13452021285301086,0.12858270697550223,0.17370435764844372,0.025830701217688188,0.09891016656381701,0.10233907811036153,0.29236621977214106,0.1762787114614981,0.24407613515549287,0.06019898771900123,25.599999999999994,21.249999999999996,-0.6635162348712151,0.22373249537472245,0.6957248771255059,0.697712935376054
1547,2012,OK,0.09161390003368404,0.06681057459686586,0.10171706396636396,0.2356849543511108,0.14192227109571215,0.14619078136047958,0.2160604545957836,0.02540664045697176,0.0974912186633994,0.10121420754524368,0.29109212654708677,0.17691247096794793,0.24671601718952618,0.061167318629824274,19.599999999999994,19.749999999999993,-0.49142460529061716,0.36295612549334894,0.6921166641806495,0.6377487640437368
1548,2012,AZ,0.09118640147641725,0.0665529522008426,0.10141263595561636,0.23538769084505695,0.1420189864368886,0.146507690110248,0.21693364297493023,0.031991606206087236,0.11884847623142572,0.11719409464274011,0.3059384418413857,0.16627888246742506,0.2108682596705237,0.04888023894041249,6.5,7.199999999999999,-0.32994777849492113,1.116939712858442,0.7402515013890638,0.6365586669148218
1549,2012,WV,0.08560976134891524,0.06314902736157516,0.09732583326631411,0.23116458835504985,0.1431480663868024,0.15067963407081475,0.2289230892105285,0.025726967433835537,0.09856363127773385,0.10206520574965997,0.2920592231517185,0.1764347558122601,0.24471712202595675,0.060433094548835276,15.099999999999994,12.549999999999997,-0.3904043855200383,-0.09542267243243435,0.694849783425208,0.6203972767186567
1550,2012,WY,0.10212762703625754,0.07299967225321564,0.10882283010536886,0.24192359537569902,0.13917790366218719,0.13856529989274124,0.1963830716745305,0.026588203869417446,0.101429598227242,0.10431389024233453,0.29451887927645015,0.1751209480958873,0.2394869832280434,0.05854149706062517,21.39999999999999,20.249999999999993,-0.7450168713639796,0.4890558054240042,0.7019715197113314,0.6650516284327282
1551,2012,DE,0.1500319775239608,0.09779015257792475,0.1331328464349716,0.2515647600440408,0.12245864199673273,0.10897367276875214,0.13604794865361713,0.05339272788794265,0.17924620094717691,0.15196267040127623,0.312310309958556,0.13255213404118227,0.14130397728682265,0.029231979477043257,-7.200000000000003,-8.000000000000004,-0.2046428519165026,1.2109100524145213,0.8294640432361341,0.7549783785776307
1552,2012,NH,0.1437653564956694,0.09485228428208098,0.13061539854359605,0.2515869544952216,0.12478940325970433,0.11235662705718519,0.14203397586654243,0.05741967358666005,0.18924246648605322,0.15631242272201198,0.3099460159704979,0.12715750729828923,0.1327969148151218,0.02712499912136579,-0.8000000000000043,-1.0000000000000036,-0.32862175657290976,1.989289309244039,0.8400780860635124,0.7456093970762724
1553,2012,HI,0.10982756495082183,0.07735609185925357,0.113582913841244,0.24532431716736613,0.13682167743431817,0.13321921156801297,0.18386822317898333,0.05859731960876538,0.19209146550809938,0.1574815840397586,0.309140854729725,0.12564114607943522,0.13048561571342554,0.02656201432079086,-19.400000000000002,-19.25,-0.2037380677756547,1.9383768089980096,0.8429523699657836,0.6829125652530037
1554,2012,NV,0.10029283952021051,0.07193975999236038,0.10763437212740193,0.24097520754755802,0.13970148314890574,0.13987053786161963,0.1995857998019438,0.037786563143294594,0.13650058790210134,0.12890670463547443,0.3123230385056784,0.15650452512834623,0.18652132535536814,0.041457255329736875,-1.5,-2.25,-0.3920415584670925,1.5530655112829717,0.772021419314895,0.6605436623364366
1555,2012,ND,0.06969609305269621,0.052985428251672156,0.0844154824861552,0.2150477884945237,0.14453707139328537,0.1627008740078486,0.2706172623138188,0.0214553072191341,0.08396916550381203,0.09003055486402502,0.27651211221187333,0.18209629440319558,0.27404165952729975,0.0718949062706602,11.099999999999994,9.349999999999994,-0.5322673800679879,0.48784735119619055,0.65406343420204,0.5666818636783326
1556,2012,RI,0.16302651338062493,0.10360301588643991,0.13780388588895465,0.2506618767232658,0.1176386452981304,0.10238309752378971,0.12488296529879461,0.04760060810123322,0.1641510462975846,0.14465583529876133,0.3143705970615473,0.14089287495564806,0.15546293242642062,0.032866105858804895,-12.0,-11.3,-0.07363600911119196,2.234439863032592,0.8116709617147745,0.7727339371774157
1557,2012,VT,0.25327912713495854,0.13439237052254688,0.15414414294223233,0.22603116804329315,0.0876639508992989,0.06874741062268075,0.07574182983498945,0.11840182233040444,0.30083371502879575,0.17885026877151716,0.2474741356347684,0.07495696878600233,0.06699461164997811,0.012488477798533792,-16.200000000000003,-15.750000000000004,0.10500622946038472,2.384986255439885,0.920516910551488,0.8555107595423298
1558,2012,MT,0.09473638376536679,0.06867804315683586,0.10390322322520296,0.23774818200275916,0.141177055044993,0.14389090957494655,0.2098662032298957,0.03752945019651681,0.1357390415263356,0.12842856534581537,0.31213944630140444,0.15693379486146486,0.18748959122861475,0.04174011053984816,8.199999999999996,5.9999999999999964,-0.575267008978168,0.8919851451739362,0.7707702982315371,0.6462428871951578
1559,2012,AK,0.10560783460503494,0.07498693585197432,0.11101919107815586,0.24357285388443867,0.1381423223606767,0.13612209567111355,0.19054876654860597,0.027322810855808913,0.10385434981065576,0.10618748281775994,0.29646233680412126,0.17397093708192513,0.23518534343186426,0.05701673919786476,7.599999999999994,10.649999999999995,-0.40913481380425765,0.46344432900399,0.707797917370271,0.6733291377802805
1560,2016,,,,,,,,,,,,,,,,,,,,,
1561,2016,NY,0.15820782993067714,0.10149092109687805,0.1361553185779833,0.2511208619750005,0.11942065429613269,0.10476241824073906,0.12884199588258927,0.05249499720797692,0.17696294985151267,0.15091478491840418,0.31274398688752925,0.1337996970963552,0.14333921212556777,0.029744371912654,-9.600000000000001,-10.8,0.03168490009369361,1.9919218385726352,0.8269164159617782,0.7663955858766717
1562,2016,OH,0.10277468305718516,0.0733714449069917,0.1092368903534863,0.24224484087183668,0.13898942243170287,0.13810778178620675,0.19527493659259054,0.032043000141367094,0.11900961085691569,0.11730703355329816,0.30601842216080405,0.1661921616901726,0.2106265703517728,0.048803201245669614,5.600000000000001,3.0500000000000007,-0.3519768406515598,0.9951800240490455,0.7405702284025576,0.6666172816212027
1563,2016,ID,0.12348189859072282,0.08472397308582245,0.12116998470364174,0.24934615059211523,0.13219258940849654,0.12429349353932984,0.16479191007987137,0.029430661782430426,0.1107119593341595,0.11134425620113375,0.3013153778034652,0.1705592542410087,0.22359736927968743,0.053041121358115007,13.199999999999996,15.249999999999996,-0.8127531432481978,0.7051850217947173,0.7233615093621976,0.7109145963807988
1564,2016,MI,0.12143996511986235,0.08365076792190212,0.1201016347010054,0.24889023489837941,0.13291131815368618,0.12558221140124537,0.16742386780391916,0.03732468602712417,0.13513113854000444,0.12804515282091716,0.3119873723010717,0.1572761774840018,0.18826743100003218,0.041968041826848546,1.3999999999999986,-0.5500000000000007,-0.24748687590734553,1.2383925709178654,0.7697645271731193,0.7069939207948355
1565,2016,GA,0.11634410230226291,0.08092878888309571,0.11733542148531195,0.24753780361098443,0.1346690154235589,0.12886919010061182,0.17431567819417426,0.028101332865020975,0.10640431581028931,0.10812942121127289,0.29837527564676164,0.1727277218385247,0.23077905956171874,0.05548287306641175,4.899999999999999,5.499999999999993,-0.2886044625561302,0.7593693273043732,0.7137380673718695,0.6968151317052139
1566,2016,NE,0.08108150802458088,0.06032536567798548,0.093845134542964,0.22723103337781633,0.14385627313119426,0.15410512030919354,0.2395555649362655,0.030632263278298478,0.11455595538102924,0.11414397871480172,0.3036453164719208,0.16856310190054546,0.21745263610656784,0.05100674814683648,12.600000000000001,12.599999999999998,-0.508980926129348,0.6321225959743421,0.7315406157465957,0.606339314754541
1567,2016,MA,0.16449825572077023,0.10423800155709043,0.138288411011388,0.2504948129106831,0.11709628302131125,0.10167106146715577,0.12371317431160123,0.07037991553356683,0.2188497755021771,0.16695295195267945,0.29909797969316765,0.11189057076830444,0.11088679700352821,0.021942009546576324,-13.300000000000004,-11.500000000000004,-0.07233713120201274,2.460702797518993,0.8671711934498955,0.774615764221243
1568,2016,KY,0.09196742085820754,0.06702326083521119,0.1019678731596586,0.23592804049047783,0.14184128947741448,0.14592906761113333,0.21534304756789702,0.03502137178008013,0.12820609081082152,0.12356787228004612,0.30989601152647583,0.16115274016017678,0.19744884988432532,0.0447070635580743,16.4,14.849999999999998,-0.34075438905394834,0.38491268380806015,0.7578440865576004,0.6387278848209696
1569,2016,MO,0.09591562174871544,0.0693768261093874,0.10471192955061545,0.2384793721306795,0.14087895789869298,0.14302958778214336,0.20760770477976587,0.02651349699373527,0.10118199039390578,0.10412107709759783,0.2943134169706806,0.17523647648024565,0.23993253483432997,0.05870100722950489,10.699999999999996,8.649999999999995,-0.5145966641499452,0.6444304890417939,0.7013664579361651,0.6493627074380908
1570,2016,NC,0.12342325830383982,0.08469329165129061,0.1211396182365361,0.24933371597154758,0.13221333054457995,0.12433027673245078,0.16486650855975515,0.033307207908373014,0.12294699957734234,0.12003192683598304,0.30784082787393435,0.16405442662516756,0.20483919961750563,0.04697941156169405,3.6999999999999957,3.4499999999999957,-0.2569947703144178,0.6448107169472856,0.7481813888208003,0.7108032147077941
1571,2016,AR,0.08535329227486282,0.0629905373550991,0.09713263548978662,0.23095432252244144,0.14319355769977377,0.15087294478544466,0.22950270987259158,0.019672796784267456,0.07768708471314792,0.08454395430705873,0.268063092564612,0.1837959206791313,0.2882046382353791,0.07803251271640343,14.5,13.95,-0.4026203805232346,0.03618568148535018,0.6337628490482174,0.6196243453419638
1572,2016,MN,0.11330244584131588,0.07927411062837594,0.11561454079055158,0.24657551425934965,0.13568890377813103,0.1308792562338631,0.17866522846841282,0.03893071902226338,0.1398657337445506,0.13099060823172193,0.3130440684725363,0.1546038061897842,0.1823231094680683,0.04024195487107529,-1.2000000000000028,-1.7000000000000028,-0.30533773010306353,1.3791190631868897,0.7774349356608564,0.6904555152977241
1573,2016,TN,0.07521249999490077,0.0565850580665095,0.0891086755386652,0.22138842422487812,0.14443116439912052,0.1585576958784004,0.2547164818975255,0.022690877831232126,0.08825652784718348,0.09366823983986039,0.2816391322899703,0.180646546576065,0.26493173448402263,0.0681669411316661,14.600000000000001,13.45,-0.40954528495737175,0.39966951374008214,0.6669013243843113,0.5867258222240741
1574,2016,KS,0.0981055221226452,0.07066511468635683,0.10618951995090667,0.23977013307235073,0.14030320745233515,0.14144140423349927,0.20352509848190614,0.024654098576167894,0.09495794499957137,0.09918316697973095,0.28870328941458556,0.17800794557153676,0.2515311114729054,0.06296244298550202,10.600000000000001,11.55,-0.3770407507225223,0.7340756888927652,0.6855064455415926,0.6550334972845946
1575,2016,WI,0.0988040625838348,0.07107349854761046,0.10665428990068132,0.24016396649205057,0.14011382092492197,0.14093801729250222,0.20225234425839866,0.03593760636738108,0.1309800531653115,0.1253855958892747,0.31081466647728623,0.1596059674129101,0.19369875416886606,0.04357735651897032,1.1000000000000014,-0.10000000000000142,-0.2917517072467476,1.1383653419056854,0.7627238893121636,0.6568096384490991
1576,2016,IN,0.0954204343737936,0.06908382389101397,0.10437345552201222,0.23817546086733465,0.14100519091663255,0.14339076897383474,0.20855086545537826,0.027563360465750218,0.10464440450886212,0.10679225835167483,0.2970691434153066,0.173589279631142,0.23380746447372902,0.056534089153535194,10.799999999999997,8.849999999999998,-0.41400948094013323,0.6655324349038901,0.7096584463727358,0.648058365570787
1577,2016,CT,0.15919860228151414,0.10192934405281082,0.13650215555104311,0.2510378326732222,0.11905356268112666,0.10426711850245174,0.12801138425783132,0.04875278077198441,0.16722330046314487,0.1462156792472989,0.314111286383677,0.13917884226394228,0.15244138888920156,0.032076721980750955,-5.200000000000003,-5.850000000000001,-0.238154794290648,2.07624905365422,0.8154818891300475,0.7677214972397169
1578,2016,NJ,0.1183450272103023,0.08200505927355639,0.11843883614876008,0.2481064952403253,0.13398554539260443,0.12756647382279773,0.17155256291165377,0.04839566101309891,0.166274803625809,0.14573809902551868,0.31420051658454723,0.13970721789538065,0.1533661907238253,0.03231751113182024,-4.700000000000003,-5.650000000000002,-0.04189857952186224,1.9832034460870829,0.8143162981443545,0.7008809632655485
1579,2016,AL,0.08744513760234382,0.06427822975123354,0.09869482993535358,0.23262717463465543,0.14280518513425516,0.14929953051812805,0.2248499124240304,0.018203640137169994,0.07242177121685563,0.07980011796562754,0.26004858014550464,0.18473945732718916,0.30086888663817446,0.08391754656947858,16.0,14.649999999999999,-0.4103839212065021,0.09687171972224047,0.615213566792347,0.6258505570578415
1580,2016,OR,0.17154390520051752,0.10721305388945282,0.1404886177964702,0.24953334531421661,0.11451538637380865,0.09835430785671961,0.11835138356881458,0.05776851828832378,0.19008985517633578,0.15666342795955168,0.30971238365326104,0.1267054804690445,0.13210442800355704,0.02695590644992618,-7.0,-6.050000000000001,-0.24207789796592477,1.6276027588223398,0.8409396655465168,0.7832943085744658
1581,2016,SD,0.09049827442880393,0.06613727930001836,0.10091999245631042,0.2349015194751659,0.14217182185037874,0.1470187666298498,0.21835234585947283,0.02283746868670061,0.08876158780018557,0.09409111656793161,0.28221089546214795,0.18046247553505018,0.26388689647963093,0.06774955946835315,15.399999999999999,13.049999999999997,-0.5116855023403896,0.8163313921406327,0.6683635440520159,0.6346288875106774
1582,2016,LA,0.08852566463507627,0.06493892064946055,0.09948972486110347,0.2334543273615889,0.1425896826911477,0.14849003422663853,0.2225116455749846,0.025003794693016168,0.09613754892773138,0.10013255171854896,0.2898340997116817,0.17750381394269266,0.24927250164404635,0.06211568936228273,12.0,11.299999999999997,-0.19656001601594103,0.3712027647006779,0.6886118089936709,0.6289983201983769
1583,2016,DC,0.3218588962056153,0.14788974125883625,0.1535589909780148,0.19901302994527426,0.0699791462748568,0.05237529699742116,0.05532489833998144,0.15900482490639625,0.3450172160497963,0.1728637030848741,0.20827073164069176,0.057052410061077974,0.04888774799148532,0.008903366265678336,-42.0,-40.95,0.10500622946038472,2.460702797518993,0.9422088857428363,0.8922998046625974
1584,2016,CA,0.1513764345644582,0.0984089365709,0.13364988332968286,0.2515226579887267,0.12195839727441571,0.1082656861954826,0.13481800407633393,0.05574406975171468,0.1851312968088651,0.15457025497209262,0.31100740928575543,0.1293624736620793,0.13621867148753708,0.0279658240319558,-14.5,-12.3,-0.11388999911534245,1.7532171092373596,0.8358155044805071,0.7569163097281835
1585,2016,CO,0.1278891931415484,0.08700654452556336,0.12339987292388324,0.25017336765318376,0.13061869051830421,0.12156708914383108,0.15934524209368595,0.05155009401767587,0.17453769861670182,0.1497794564108512,0.3131588862828916,0.13513070634632451,0.1455408078839715,0.03030235044158347,-2.8000000000000043,-1.9500000000000028,-0.3850070116135597,1.6474701511308325,0.824156841674445,0.719087668762483
1586,2016,NM,0.11888821578659677,0.08229556342585352,0.11873450737789548,0.24825235012420394,0.13379844254267292,0.12721551754611038,0.170815403196667,0.03308848833576639,0.12226939077412413,0.11956773705514773,0.30754497734696423,0.1644247099488485,0.20581923482031927,0.04728546171882975,-6.100000000000001,-5.2500000000000036,-0.28649099962806945,0.8990058621324144,0.746895303460851,0.7019690792572226
1587,2016,IL,0.14749574411824867,0.09661181280750852,0.13213549999140572,0.2516090273183987,0.12340238908879386,0.11032623104861061,0.13841929562703392,0.04859266391824739,0.16679845210674538,0.146002202806587,0.3141522566957873,0.1394154203132113,0.15285474575209868,0.032184258407322974,-7.300000000000004,-6.900000000000002,-0.14207015646686802,1.5241588690599683,0.8149609958405784,0.7512544733243555
1588,2016,PA,0.12491529219253585,0.08547139788035675,0.12190652359777435,0.2496382355493139,0.13168386547698696,0.12339852466982548,0.1629861606332067,0.03709133635365432,0.13443684376962078,0.12760536096121275,0.3118076350198301,0.15766688723697375,0.18916121030743682,0.04223072635127145,2.5,0.9499999999999993,-0.25130891466504374,1.1063916256608226,0.7686080633412917,0.7136153146969678
1589,2016,TX,0.1070593132799586,0.07580683970055765,0.1119131841598989,0.24420511040137238,0.13769551670052083,0.13511609888951004,0.1882039368681816,0.028307324267388675,0.10707564344968874,0.10863585270656126,0.298857186536744,0.17239513607999857,0.2296385190138157,0.05509033794580309,6.100000000000001,8.05,-0.42700332773993077,0.6595257274193399,0.7152711430403812,0.6766799642423084
1590,2016,SC,0.12003123588329255,0.08290454322950323,0.1193513304806155,0.24854763093840565,0.13340268317671178,0.1264807633063436,0.16928181298512768,0.02641860560405773,0.100867210886602,0.1038755581046264,0.2940503152922496,0.1753828125032456,0.24050066133191061,0.058904836277308026,8.799999999999997,8.09999999999999,-0.42570826353441504,0.4972749646413706,0.7005945023907814,0.7042374237085287
1591,2016,MS,0.11035589097695063,0.07764962111698474,0.11389638398723675,0.24552536464862673,0.13665189312998705,0.13286046971111198,0.1830603764291021,0.018973788571292463,0.07519187622183197,0.0823125115593083,0.2643761772531025,0.18430430889484556,0.2941130930187159,0.08072824448090332,11.799999999999997,9.949999999999996,-0.3979888816044487,0.005063723428407431,0.6251586625003808,0.6840791538597859
1592,2016,IA,0.10775211245581719,0.0761963421255221,0.11233538170340646,0.24449573674161051,0.13747940939267034,0.13463867971930443,0.18710233786166897,0.03134783700454607,0.11682295650157909,0.11576481428706009,0.30489581016040046,0.16736323114693152,0.21393982691666202,0.049865523982820736,5.0,2.0,-0.44144107527790793,1.2494683310780539,0.7361946491005172,0.6782589824190266
1593,2016,MD,0.13873777242469057,0.09243077556112139,0.1284638644404331,0.2513821030255385,0.1266528164920132,0.11517206980064243,0.14716059825556083,0.04665705188998465,0.1616087231752986,0.1433367047451827,0.3145189577757927,0.14231660081506015,0.15802138478925998,0.03354057680942124,-12.200000000000003,-11.750000000000004,0.0024423194595574976,1.728441460561003,0.8084380384013188,0.7376673319437967
1594,2016,WA,0.16112945866885817,0.10277757248400651,0.13716632163228865,0.25085897075577623,0.11833913991592282,0.10331095322319739,0.12641758331995023,0.05941835142306725,0.19405824942690694,0.15827054028841508,0.3085528074068631,0.12460002534553727,0.12891767857518743,0.02618234753402293,-8.0,-6.950000000000003,-0.19631240943101017,1.7067333911395577,0.8448999738907896,0.7702714634568524
1595,2016,VA,0.12485841558794057,0.08544183344259539,0.12187750715717105,0.24962707645447085,0.13170411308318797,0.12343388482549755,0.16305716944913662,0.04282432404304693,0.15103260949987596,0.1375712195869278,0.3144488041463968,0.14827926214785314,0.16926961211383884,0.03657416846206052,-1.7000000000000028,-0.8000000000000043,-0.1560246431106161,1.2225054431613385,0.7941562194241006,0.7135089457253658
1596,2016,FL,0.10630592226483981,0.07538192106465946,0.11145075894779277,0.24388092009561713,0.13792846021835758,0.13563729345665776,0.18941472395207548,0.03254577712410401,0.12058154744692709,0.11840291321452892,0.3067761471700536,0.1653428643243563,0.20828899929417577,0.04806175142585434,2.8999999999999986,2.3999999999999986,-0.2584889347709275,1.4047957465247334,0.7436492492799699,0.6749479825912668
1597,2016,ME,0.16608050044755235,0.10491542387285263,0.13879958411837828,0.25030178616013293,0.11651435266069976,0.10091307101022773,0.12247528173015632,0.04851905422571284,0.16660291193754426,0.14590370846121573,0.31417056767350854,0.1395243570312723,0.15304547501721144,0.03223392565353489,-1.2000000000000028,-3.700000000000003,-0.22201753147469866,1.8418814540693704,0.8147205993292537,0.776611647259616
1598,2016,UT,0.1311831647011064,0.08868255630352956,0.12500017657124055,0.25065931186939583,0.12942585998288036,0.11957826204521038,0.15547066852663693,0.02985611581706056,0.1120783779806898,0.11234690064639413,0.30217447842046946,0.1698556793918674,0.22138535794638303,0.052303089797135605,-0.6000000000000014,12.499999999999996,-0.6635162348712151,0.22373249537472245,0.7263115522564814,0.7249510694281527
1599,2016,OK,0.09205667654819533,0.06707690830877058,0.10203106258342023,0.23598902443559555,0.14182070167754912,0.14586304253116567,0.21516258391530352,0.025554601838459083,0.09798701025256051,0.10160828539133829,0.2915424456714888,0.1766926047064865,0.24578902173187167,0.060826030407795106,19.199999999999996,19.399999999999995,-0.49142460529061716,0.36295612549334894,0.6933849478603332,0.6389743735535308
1600,2016,AZ,0.09457274029900911,0.06858079238731982,0.10379027105886768,0.23764467239410375,0.14121772932216958,0.14401076109091604,0.21018303344761402,0.033418642206749165,0.1232916554969217,0.12026727438811965,0.30798852747893446,0.16386573896493084,0.2043432119691394,0.04682494949520477,2.6000000000000014,4.550000000000001,-0.32994777849492113,1.116939712858442,0.7488318385356558,0.6458062054614699
1601,2016,WV,0.07847416512676131,0.05867500857608504,0.09177288223860969,0.22474394472266856,0.14416400676437485,0.15608428458289247,0.24608570798860807,0.02319032673096993,0.08997420312450598,0.09510157811593702,0.28355679236261344,0.18001000787749416,0.26140205069014955,0.06676504109832992,22.499999999999993,18.799999999999994,-0.3904043855200383,-0.09542267243243435,0.6718329082115205,0.5978300074284995
1602,2016,WY,0.10006005916739014,0.07180468294311362,0.1074820648831746,0.24085085965515135,0.13976671532183937,0.1400369563889482,0.1999986616403827,0.02593520020016782,0.09925888697674023,0.10261412796905348,0.29267246047469975,0.17612087707202417,0.24343351638800492,0.059964930919309656,22.1,21.749999999999996,-0.7450168713639796,0.4890558054240042,0.6966015526926854,0.6599643819706691
1603,2016,DE,0.1456371342053126,0.09573909339245629,0.13138612600391958,0.25161132881844733,0.12409372178201017,0.11133168793765136,0.14020090786020267,0.05144791832793673,0.17427408503260267,0.14965466592951548,0.313201090144407,0.135275734449131,0.14578263083711962,0.030363875279287522,-4.200000000000003,-5.700000000000003,-0.2046428519165026,1.2109100524145213,0.8238534938835929,0.748467404202146
1604,2016,NH,0.14227804661338048,0.09414194790973332,0.1299913591227933,0.25154791554625183,0.12534159282125223,0.11317997672592872,0.1435191612606601,0.05668696137700016,0.18745308798948324,0.15556215207260712,0.3104228177254227,0.12811480177883483,0.1342734394271966,0.02748673962945536,0.3999999999999986,-0.20000000000000284,-0.32862175657290976,1.989289309244039,0.838239820943348,0.7433008620134112
1605,2016,HI,0.10762279730059846,0.07612372937033113,0.11225679613517517,0.2444420300885568,0.13751988249934277,0.1347276572315852,0.18730710737441048,0.057204374246496215,0.18871801925692597,0.15609380312212243,0.31008809913141494,0.12743769070060296,0.13322765464720643,0.027230358895231066,-16.1,-17.75,-0.2037380677756547,1.9383768089980096,0.8395419864575625,0.6779652353940043
1606,2016,NV,0.09866228534701119,0.07099071195693593,0.10656021396211274,0.24008472173022405,0.14015247502414618,0.14104005707174738,0.20250953490782253,0.03705073842652303,0.1343158846607146,0.12752853457330052,0.3117756572646236,0.15773491821417418,0.18931751586105217,0.04227675099961192,-0.6000000000000014,-1.0500000000000007,-0.3920415584670925,1.5530655112829717,0.7684057331393359,0.6564504080204301
1607,2016,ND,0.06525929697991222,0.05003042607456332,0.08046415699010369,0.20928606805760935,0.14424754146825647,0.16595008212193751,0.28476242830761744,0.01985470988388788,0.07833350154639465,0.08511717554588455,0.2689866170389402,0.1836475904396681,0.28670077251557546,0.0773596330296491,16.9,13.999999999999996,-0.5322673800679879,0.48784735119619055,0.6359395944547754,0.549287489570445
1608,2016,RI,0.15953847987635825,0.10207924535329685,0.13662018901570938,0.25100797082983617,0.1189277096111172,0.10409794125576244,0.1277284640579197,0.0463055711459031,0.16065557388951962,0.14283550783333657,0.31455871389338885,0.1428515151320432,0.1589945189482166,0.03379859915759209,-7.200000000000003,-9.600000000000001,-0.07363600911119196,2.234439863032592,0.8072068818941913,0.7681735946863179
1609,2016,VT,0.2539969987411745,0.13457506575279482,0.15418482722720905,0.22576520785507515,0.08745678132573109,0.06854433053805131,0.07547678855996409,0.11884681759483706,0.3014253594287107,0.17883630014577184,0.24700645626705953,0.07471282669982715,0.06673614283330476,0.01243609703048898,-15.8,-16.0,0.10500622946038472,2.384986255439885,0.9208277601362063,0.8559788809019846
1610,2016,MT,0.09071722427757191,0.06626967144303557,0.10107709401576526,0.23505724378808673,0.14212357738400228,0.14685602453182434,0.21789916455971392,0.03563967566597655,0.1300808557817159,0.12479993351128696,0.31052899244260956,0.16010838374751313,0.1949035397087675,0.043938619142130375,10.100000000000001,9.149999999999999,-0.575267008978168,0.8919851451739362,0.7611578411491021,0.6352448109084617
1611,2016,AK,0.11185361282809107,0.07847800180548385,0.11477606681741018,0.24607404413346168,0.13616570967948738,0.1318492705849592,0.18080329415110663,0.029312939037347968,0.11033282824267643,0.11106460162876278,0.3010708504167272,0.1707532136846548,0.22421665643740207,0.05324891055242875,5.199999999999996,6.399999999999995,-0.40913481380425765,0.46344432900399,0.7225344330101692,0.6873474352639342
1612,2020,,,,,,,,,,,,,,,,,,,,,
1613,2020,NY,0.1553006362490592,0.10019198476353247,0.13511365290583915,0.25132909672327686,0.12049944532611234,0.10623428688867331,0.13133089714350665,0.05128061533189818,0.17384186607098456,0.14944947164642644,0.31326904476910217,0.13551366867329862,0.14618020475286897,0.030465128755421067,-9.100000000000001,-9.350000000000001,0.03168490009369361,1.9919218385726352,0.82335466649171,0.76243481596782
1614,2020,OH,0.09872118541558249,0.0710251110680122,0.1065993126881542,0.24011768566601466,0.1401364297607246,0.14099765757418703,0.20240261782732483,0.030521351736331286,0.11420310312953079,0.11388968347814618,0.3034425690864271,0.1687484389214715,0.2180066825842849,0.05118817106380824,6.399999999999999,6.0,-0.3519768406515598,0.9951800240490455,0.7308051463519069,0.6565997245984881
1615,2020,ID,0.12381062400786236,0.08489581512201563,0.12133987057583465,0.24941514555648153,0.13207621356169374,0.12408754195227967,0.16437478922383242,0.029528078527776568,0.11102535138320614,0.11157494199893594,0.3015154758820917,0.1703985068642606,0.2230872870686903,0.05287035827503872,16.9,15.049999999999997,-0.8127531432481978,0.7051850217947173,0.724042354656271,0.7115376688238879
1616,2020,MI,0.11871549316302459,0.08220326633683299,0.11864066833415274,0.2482063606873655,0.13385800673957182,0.1273269896521183,0.17104921508693405,0.036298563825057535,0.13206586641883614,0.1260882593955859,0.31114440452863124,0.15899811066521086,0.19225753664654355,0.04314725852013479,0.8999999999999986,1.1499999999999986,-0.24748687590734553,1.2383925709178654,0.7645952048333217,0.7016237952609476
1617,2020,GA,0.11933996974819579,0.08253662542330877,0.11897915836801617,0.24837092824996093,0.13364235242083145,0.12692451327403986,0.17020645251564703,0.02899839908672796,0.10931761113599525,0.11031263331854946,0.30040272102444954,0.17126977521783715,0.22588694660650666,0.05381191360993398,2.3000000000000043,3.599999999999998,-0.2886044625561302,0.7593693273043732,0.7203011397835594,0.7028690342103131
1618,2020,NE,0.08181915609932477,0.06078901083754873,0.09442228333649713,0.22790448470657274,0.14375528757013606,0.15354569637673032,0.23776408107319025,0.03096257137118375,0.11560444443899676,0.11489640032112669,0.30423480757838206,0.16801007444643867,0.2158179549700343,0.050473746873837766,11.300000000000004,11.950000000000003,-0.508980926129348,0.6321225959743421,0.7337082981561279,0.6086902225500794
1619,2020,MA,0.16988355499063965,0.10652157049534436,0.13998763018941818,0.24978309730864917,0.11512105448263532,0.09912245451817947,0.11958063801513386,0.07327380899864341,0.22496156608950993,0.1687360302161514,0.2962441611087138,0.108876964092112,0.10687804702018933,0.021029422474680093,-14.799999999999997,-14.05,-0.07233713120201274,2.460702797518993,0.8720925305051306,0.7812969074666867
1620,2020,KY,0.09077109752634288,0.06630222796860877,0.10111569902363068,0.23509541200187023,0.14211165129295517,0.1468159993388437,0.21778791284774857,0.034478881119596565,0.1265515474905612,0.12246815278953344,0.30929458279567534,0.16207045082795934,0.1997334681759284,0.04540291680074571,15.200000000000003,15.8,-0.34075438905394834,0.38491268380806015,0.7548636150233259,0.6353960878134077
1621,2020,MO,0.09376713468503615,0.06810103581758155,0.10323161624214555,0.2371277496754946,0.1414154313068744,0.14460190998031408,0.21175512229255367,0.02579802041123412,0.09880103198975572,0.10225288605288962,0.29226982543051244,0.1763279413185178,0.24427774346607267,0.06027255133101761,9.899999999999999,10.299999999999997,-0.5145966641499452,0.6444304890417939,0.6954497052029097,0.6436429677271323
1622,2020,NC,0.12358746017181957,0.0847791837450117,0.12122460241724389,0.24936843792737778,0.13215523776255367,0.12422731179250213,0.16465776618349126,0.03336206753330643,0.12311672379050026,0.12014788630610854,0.3079137952619504,0.16396153709690287,0.20459474353952223,0.04690324647170929,3.0,3.349999999999998,-0.2569947703144178,0.6448107169472856,0.7485020099887685,0.7111149220240066
1623,2020,AR,0.08411808955798387,0.062224812255512754,0.09619558278209447,0.2299209899740879,0.14340396374698822,0.15180534544220026,0.2323312162411325,0.01933098821401837,0.07646920130717028,0.08345854371601479,0.2662880154966,0.1840571127920072,0.2910678250379847,0.07932831343620472,15.5,15.0,-0.4026203805232346,0.03618568148535018,0.6296038615258106,0.6158634383166672
1624,2020,MN,0.11284607821161274,0.07902389843947236,0.11535174760709713,0.24642061919670627,0.13583975486598776,0.13118393006095275,0.179333971618171,0.03874007334720723,0.13930769434992446,0.13064829015582588,0.3129345222188647,0.15491936589849797,0.18301037343533222,0.04043968059434755,-1.6000000000000014,-1.4000000000000021,-0.30533773010306353,1.3791190631868897,0.7765499459703202,0.6894820983208763
1625,2020,TN,0.07442502283692941,0.056076213891292345,0.08845326280934052,0.22053581515967866,0.14447428233509946,0.15915325357019117,0.25688214939746845,0.022409441032574525,0.08728473993650514,0.09285124035497812,0.2805202291589107,0.18099319416655585,0.2669586661544362,0.06898248919603944,13.800000000000004,14.200000000000003,-0.40954528495737175,0.39966951374008214,0.6640588446495244,0.5839645970323404
1626,2020,KS,0.10027396280651958,0.07192881135969169,0.10762203403943549,0.24096515803290214,0.1397067832671286,0.13988402631539387,0.19961922417892863,0.02531766083135401,0.0971927028911413,0.10097639442881222,0.2908183035839654,0.1770440163128716,0.24727656277552035,0.06137435917633516,9.300000000000004,9.950000000000003,-0.3770407507225223,0.7340756888927652,0.6913490780481445,0.6604967495056775
1627,2020,WI,0.09666399364411629,0.06981845312333476,0.105220401962827,0.23893016866864059,0.14068535838295115,0.14248515744856938,0.20619646676956083,0.035005697744699533,0.1281584134126113,0.12353634540172864,0.3098792471196628,0.16117923956707902,0.1975141766440991,0.044726880110119605,1.8999999999999986,1.5,-0.2917517072467476,1.1383653419056854,0.7577589432457813,0.6513183757818698
1628,2020,IN,0.09334606266057277,0.06784961710281648,0.1029378946897265,0.23685266058889548,0.14151705704182138,0.14491162375861966,0.21258508415754773,0.026842560586302605,0.10227122216292855,0.10496720199740159,0.2952074729447465,0.17472556048503607,0.23798131286003543,0.05800466896354928,10.100000000000001,10.45,-0.41400948094013323,0.6655324349038901,0.7040140181764153,0.6425032920838326
1629,2020,CT,0.160420607701165,0.10246712158298843,0.13692429177477572,0.25092721984252914,0.11860125750714023,0.10366058911640808,0.1269989124749934,0.04922869397907776,0.1684820909305318,0.14684400416124466,0.31398042666191944,0.13847876428679384,0.15122493547174665,0.031761084508685866,-7.699999999999996,-6.449999999999999,-0.238154794290648,2.07624905365422,0.8170139800195675,0.7693404984085985
1630,2020,NJ,0.11747732375515176,0.08153952266434962,0.11796310308944533,0.24786599906203277,0.1342830715650466,0.12812948479839392,0.17274149506558,0.047966252358029635,0.16512984513018647,0.14515685211874563,0.3142973560680944,0.1403459951479099,0.1544920729175212,0.03261162625951275,-5.5,-5.100000000000001,-0.04189857952186224,1.9832034460870829,0.812896300822966,0.6991290201360261
1631,2020,AL,0.08636187332368674,0.06361281995835853,0.0978897058301097,0.23177282288704393,0.14301118728262774,0.15011336257629415,0.22723822814187922,0.017931808197362224,0.07143875182641968,0.07889962069666384,0.2584514939326697,0.18485836809794404,0.303316969609434,0.08510298763950652,15.100000000000001,15.55,-0.4103839212065021,0.09687171972224047,0.6115800427510595,0.6226484092818266
1632,2020,OR,0.17305816042544872,0.10783856233015413,0.1409362959770517,0.24929369749943375,0.11396450902841393,0.09766083334504183,0.11724794139445593,0.05842062342927798,0.19166610356901861,0.15730900429535605,0.3092646027791191,0.12586692631486796,0.13082766034751447,0.026645079264845828,-6.5,-6.75,-0.24207789796592477,1.6276027588223398,0.8425272603876397,0.7850912252605022
1633,2020,SD,0.08791040981705342,0.06456309302329702,0.09903810914109706,0.23298638067889038,0.14271359222274804,0.14895067178759813,0.22383774332931594,0.022053094576997227,0.08605025458492425,0.09180703218615667,0.279062733843848,0.18141873023334215,0.2695653191137316,0.0700428354610001,14.899999999999999,15.149999999999999,-0.5116855023403896,0.8163313921406327,0.6603918454252683,0.6272115848830859
1634,2020,LA,0.08791560618529298,0.06456627133004236,0.09904193448826296,0.23299036642420673,0.14271255892470786,0.14894677802690703,0.22382648462058008,0.024797111667270836,0.09544087061068443,0.09957261048074229,0.28917016915220783,0.17780285068043522,0.2506029371055122,0.06261345030314724,11.600000000000001,11.8,-0.19656001601594103,0.3712027647006779,0.6867836125913406,0.6272267373525129
1635,2020,DC,0.32451321540488354,0.14825909292885775,0.15338022439054422,0.19793420640185333,0.06937369210120492,0.05184547334125733,0.054694095431398915,0.16083456653541617,0.3465919672367107,0.17243081325965182,0.20667639727581055,0.05641230656903129,0.048269965014903105,0.008783984108476361,-41.5,-41.75,0.10500622946038472,2.460702797518993,0.9429460508766205,0.8934604312273438
1636,2020,CA,0.15382828304688098,0.0995270028476117,0.13457229906933765,0.25141379814786285,0.12104655626638916,0.1069903926987209,0.13262166792319674,0.05687487633086631,0.18791323524301112,0.155756265026835,0.3103023675660201,0.127868270916217,0.1338918818825623,0.027393103034488164,-12.600000000000001,-13.55,-0.11388999911534245,1.7532171092373596,0.8387150150829495,0.7603879393780824
1637,2020,CO,0.131224668718594,0.08870351152187417,0.12501998524668512,0.25066474444126025,0.12941075481028919,0.11955346742941553,0.15542286783188175,0.05319762391225001,0.17875170543174618,0.1517374465397527,0.31240772110176773,0.1328218614098794,0.1417417290084334,0.029341912596170583,-5.0,-3.900000000000002,-0.3850070116135597,1.6474701511308325,0.828916358395396,0.7250236647387027
1638,2020,NM,0.11809602947600849,0.08187165413350382,0.11830275015674643,0.2480384306807909,0.13407109711425536,0.1277277364755337,0.1718923019631613,0.03281722606859581,0.12142691717600229,0.11898785706293705,0.30716695230841107,0.1648837679689925,0.20704685761715613,0.04767042179790515,-3.3999999999999986,-4.75,-0.28649099962806945,0.8990058621324144,0.7452827205849387,0.700379961561305
1639,2020,IL,0.14730511603133617,0.09652266152507097,0.13205936511873093,0.2516104546841423,0.12347331209402579,0.11042879688571672,0.13860029366097715,0.048514016494703195,0.16658952424918058,0.1458969594961938,0.3141718087176776,0.1395318165369408,0.15305854438018907,0.03223733012511498,-6.299999999999997,-6.800000000000001,-0.14207015646686802,1.5241588690599683,0.814704125494696,0.7509709094533061
1640,2020,PA,0.12285737368352276,0.08439679115350388,0.12084562657545683,0.2492117364788946,0.1324131869135824,0.12468592528845934,0.1655893599065802,0.036338717607738734,0.13218641123312064,0.12616596148816675,0.31117999382675915,0.15893055336915607,0.19209844459871683,0.04309991787634182,1.8999999999999986,2.1999999999999993,-0.25130891466504374,1.1063916256608226,0.7648016375249413,0.7097247148049605
1641,2020,TX,0.11058960085413753,0.07777924740888033,0.11403452312915624,0.24561304278955964,0.13657649596602706,0.1327021152663843,0.18270497458585488,0.02945312825602142,0.11078426204815639,0.11139751615426524,0.3013617051266008,0.17052220162584975,0.22347954194867192,0.05300164484043446,5.200000000000003,5.650000000000002,-0.42700332773993077,0.6595257274193399,0.7235188132108936,0.6845929101477608
1642,2020,SC,0.11939184977428327,0.08256427783610387,0.11900718192711998,0.24838438847204386,0.1336243993053785,0.12689114487176878,0.17013675781330173,0.026244014085466776,0.10028724812118714,0.10342203308104356,0.2935599620035926,0.17565083850743202,0.24155242456970016,0.05928347963157776,8.200000000000003,8.499999999999993,-0.42570826353441504,0.4972749646413706,0.6991640957987221,0.7029720973149295
1643,2020,MS,0.10843474580047927,0.07657896729787012,0.112748552931595,0.2447751675110692,0.1372647498583991,0.13417001800862327,0.18602779859196406,0.018566180870574243,0.07372852285468591,0.08098991815864999,0.26212146158628724,0.18455203209235804,0.2976558682475853,0.0823860161898593,10.700000000000003,11.25,-0.3979888816044487,0.005063723428407431,0.6199581155625554,0.6798021833994127
1644,2020,IA,0.10261348435211677,0.07327892467770901,0.10913398246766959,0.24216544554637914,0.13903655901748002,0.13822162398487292,0.19554997995377255,0.02953929637060722,0.11106141954768946,0.11160146376839006,0.3015383876173417,0.1703799824511555,0.2230286874945081,0.05285076275030798,6.200000000000003,5.600000000000001,-0.44144107527790793,1.2494683310780539,0.7241205497551839,0.6662283960613545
1645,2020,MD,0.1418477878350726,0.09393551637281952,0.129808896571932,0.25153330312763555,0.12550120952570032,0.11341964727730991,0.1439536392895301,0.04796142442738773,0.16511694432909516,0.14515027332251706,0.3142983788806859,0.14035319840103655,0.1545048186686767,0.032614961970600875,-14.699999999999996,-13.45,0.0024423194595574976,1.728441460561003,0.8128802193607224,0.74262671343316
1646,2020,WA,0.16339753712117927,0.10376353844029146,0.1379268614098858,0.25062091154682414,0.11750182353105276,0.10220295572106564,0.12458637222970093,0.06047365204331677,0.19656296453177186,0.15925385170341133,0.30776680700863895,0.12328097074121369,0.12695267835548096,0.02570907561616642,-8.100000000000001,-8.05,-0.19631240943101017,1.7067333911395577,0.8473382460283526,0.7732106720492334
1647,2020,VA,0.12736587793810228,0.08673792333168703,0.12314045967287043,0.2500859800402652,0.13080700497957998,0.12188688945367132,0.15997586458382373,0.043883408959747384,0.15399560389550193,0.13923190498584823,0.31458489922617067,0.14660366408865566,0.166015617430065,0.03568490141401115,-2.8999999999999986,-2.3000000000000007,-0.1560246431106161,1.2225054431613385,0.7982994811559239,0.7181372459625049
1648,2020,FL,0.1045889722188834,0.0744082766513565,0.11038395310650342,0.24310978440383701,0.138450906597559,0.13683286167344888,0.1922252453484118,0.03190862289122697,0.11858812287675302,0.11701137604891382,0.305808298220783,0.16641886355259228,0.21125959108528503,0.0490051253244459,4.300000000000004,3.6000000000000014,-0.2584889347709275,1.4047957465247334,0.7397352835902691,0.6709418929781393
1649,2020,ME,0.16264307848165682,0.10343680890243417,0.13767620797975227,0.2507033881471271,0.11778010769060687,0.10256971979600493,0.1251906890024178,0.047238565084509486,0.16317837555268663,0.1441541852882407,0.31443455606722936,0.14143703761372362,0.15643545472360354,0.033121825670006655,-2.8999999999999986,-2.0500000000000007,-0.22201753147469866,1.8418814540693704,0.8104427196063898,0.7722395912015773
1650,2020,UT,0.1441396666358946,0.09503026094504713,0.1307708234716786,0.251594012469816,0.12465034242878836,0.11215066525119788,0.14166422879757745,0.033618687255448684,0.12390940355849935,0.1206878283627848,0.30824860175847013,0.1635269746334439,0.20345839739975669,0.046550107031596455,11.200000000000003,5.300000000000001,-0.6635162348712151,0.22373249537472245,0.7499914955686469,0.7461851059512247
1651,2020,OK,0.09275635395143247,0.0674967432279433,0.10252453964909444,0.23646167577692134,0.141657362375038,0.1453462024799096,0.21375712253966084,0.025788809352713837,0.09877026591666727,0.1022285779369682,0.2922426031045222,0.1763418053205279,0.2443346215978014,0.06029331677079919,18.500000000000007,18.85,-0.49142460529061716,0.36295612549334894,0.6953720616313994,0.6408966749804296
1652,2020,AZ,0.09740245454387406,0.07025283634736618,0.10571854781636894,0.23936508591896027,0.14049107952669226,0.14194964417016798,0.2048203516765703,0.034621400875310605,0.12698709590326404,0.12275877562102949,0.3094568511689224,0.1618292586000437,0.19912852427498695,0.045218093556442795,2.200000000000003,2.400000000000002,-0.32994777849492113,1.116939712858442,0.7556533821685703,0.6532300041532617
1653,2020,WV,0.07492983476355063,0.056402599390119976,0.08887396497374672,0.22108432445115375,0.14444764297355311,0.15877157514393025,0.25549005830394556,0.021951188431240186,0.08569639059792655,0.09150639681898338,0.2786373896673602,0.18153754348482198,0.2703191481782855,0.07035194282138224,21.699999999999996,22.099999999999994,-0.3904043855200383,-0.09542267243243435,0.6593289090003323,0.5857383665521242
1654,2020,WY,0.09897263387764009,0.07117186459550416,0.10676597649619465,0.2402577335826463,0.14006772038889825,0.14081677917298763,0.20194729188612892,0.02559334143495859,0.09811669576330867,0.10171118107901708,0.2916593221341238,0.1766348115049594,0.24554736334146787,0.060737284742164555,23.000000000000007,22.550000000000004,-0.7450168713639796,0.4890558054240042,0.6937153519163676,0.6572359289408835
1655,2020,DE,0.1455427909518879,0.09569458570370554,0.13134766609309254,0.25161074840175723,0.1241288019146094,0.11138304998229598,0.1402923569526514,0.05140639289145058,0.17416687298243036,0.14960383563940632,0.3132180904723278,0.1353347370973963,0.14588112354125304,0.03038894737573561,-7.100000000000001,-5.650000000000002,-0.2046428519165026,1.2109100524145213,0.8237299290830113,0.7483245930650526
1656,2020,NH,0.14292715929417757,0.09445258276687252,0.13026498485733415,0.2515671287989867,0.12510067553850612,0.11281966060599191,0.14286780813813105,0.05700643538753631,0.18823487628893373,0.15589146502668008,0.3102172814620328,0.12769609363504553,0.1336259433102006,0.02732790488957093,-1.5,-0.5500000000000007,-0.32862175657290976,1.989289309244039,0.8390461518002285,0.744312531255877
1657,2020,HI,0.10276902119809996,0.07336819637767496,0.10923327862598683,0.24224205934866389,0.1389910800484374,0.1381117787677566,0.19528458563338036,0.05416140574620349,0.18118517141490653,0.15283662726906144,0.311910039488226,0.13149702798532825,0.13960339473419592,0.028806333362078385,-12.600000000000001,-14.350000000000001,-0.2037380677756547,1.9383768089980096,0.8315902719037257,0.666603635598863
1658,2020,NV,0.09712186636153465,0.07008794966940061,0.10552968970318011,0.23920098418517816,0.14056527162462007,0.1421529177015073,0.20534132075457912,0.03635851426596797,0.1322458244304845,0.12620423620166205,0.31119746040928,0.15889725099681518,0.19202009898698646,0.04307661470880386,0.8000000000000043,0.10000000000000142,-0.3920415584670925,1.5530655112829717,0.7649032863042097,0.6525057615439136
1659,2020,ND,0.062050422033858965,0.04785963394839407,0.07750489817981851,0.20471762768593582,0.14379142299858505,0.1682202548056918,0.2958557403477158,0.018712064254171715,0.07425296784298148,0.08146510443037873,0.26293752670883325,0.1844677364749669,0.2963795100391585,0.08178509024950942,18.199999999999996,17.549999999999997,-0.5322673800679879,0.48784735119619055,0.6218353997113321,0.5359240048465924
1660,2020,RI,0.15581164342619222,0.10042165567871078,0.1352993584933337,0.25129639263770215,0.12030966612112814,0.10597355380887385,0.13088772983405916,0.0449343801901393,0.15690510726240353,0.1408281069663612,0.3146286485794224,0.14496166149081946,0.16289972136480502,0.03484237414604907,-8.299999999999997,-7.75,-0.07363600911119196,2.234439863032592,0.8022579044891459,0.763138716357067
1661,2020,VT,0.2539969987411745,0.13457506575279482,0.15418482722720905,0.22576520785507515,0.08745678132573109,0.06854433053805131,0.07547678855996409,0.11884681759483706,0.3014253594287107,0.17883630014577184,0.24700645626705953,0.07471282669982715,0.06673614283330476,0.01243609703048898,-16.2,-16.0,0.10500622946038472,2.384986255439885,0.9208277601362063,0.8559788809019846
1662,2020,MT,0.08959740540553192,0.06559125020308347,0.10027013641050275,0.23425054485451025,0.14236646100409933,0.14768957507958957,0.2202346270426827,0.03511678716452724,0.12849616357401591,0.12375947633358891,0.30999728939313,0.16099144932850606,0.19705203954273598,0.04458679466349591,10.0,10.05,-0.575267008978168,0.8919851451739362,0.7583611657937681,0.6320757978777277
1663,2020,AK,0.11314088208675864,0.07918558843895616,0.11552164458985167,0.24652099779199094,0.13574237644673715,0.13098702545640062,0.17890148518930482,0.029727510284367965,0.11166596171057741,0.11204514533499912,0.3019188204646988,0.17006876511879587,0.22204972346058793,0.05252407362597289,5.899999999999999,5.549999999999997,-0.40913481380425765,0.46344432900399,0.7254262029134392,0.6901114893542946
1664,2024,,,,,,,,,,,,,,,,,,,,,
1665,2024,NY,0.1553006362490592,0.10019198476353247,0.13511365290583915,0.25132909672327686,0.12049944532611234,0.10623428688867331,0.13133089714350665,0.05128061533189818,0.17384186607098456,0.14944947164642644,0.31326904476910217,0.13551366867329862,0.14618020475286897,0.030465128755421067,-9.100000000000001,-9.350000000000001,0.03168490009369361,1.9919218385726352,0.82335466649171,0.76243481596782
1666,2024,OH,0.09872118541558249,0.0710251110680122,0.1065993126881542,0.24011768566601466,0.1401364297607246,0.14099765757418703,0.20240261782732483,0.030521351736331286,0.11420310312953079,0.11388968347814618,0.3034425690864271,0.1687484389214715,0.2180066825842849,0.05118817106380824,6.399999999999999,6.0,-0.3519768406515598,0.9951800240490455,0.7308051463519069,0.6565997245984881
1667,2024,ID,0.12381062400786236,0.08489581512201563,0.12133987057583465,0.24941514555648153,0.13207621356169374,0.12408754195227967,0.16437478922383242,0.029528078527776568,0.11102535138320614,0.11157494199893594,0.3015154758820917,0.1703985068642606,0.2230872870686903,0.05287035827503872,16.9,15.049999999999997,-0.8127531432481978,0.7051850217947173,0.724042354656271,0.7115376688238879
1668,2024,MI,0.11871549316302459,0.08220326633683299,0.11864066833415274,0.2482063606873655,0.13385800673957182,0.1273269896521183,0.17104921508693405,0.036298563825057535,0.13206586641883614,0.1260882593955859,0.31114440452863124,0.15899811066521086,0.19225753664654355,0.04314725852013479,0.8999999999999986,1.1499999999999986,-0.24748687590734553,1.2383925709178654,0.7645952048333217,0.7016237952609476
1669,2024,GA,0.11933996974819579,0.08253662542330877,0.11897915836801617,0.24837092824996093,0.13364235242083145,0.12692451327403986,0.17020645251564703,0.02899839908672796,0.10931761113599525,0.11031263331854946,0.30040272102444954,0.17126977521783715,0.22588694660650666,0.05381191360993398,2.3000000000000043,3.599999999999998,-0.2886044625561302,0.7593693273043732,0.7203011397835594,0.7028690342103131
1670,2024,NE,0.08181915609932477,0.06078901083754873,0.09442228333649713,0.22790448470657274,0.14375528757013606,0.15354569637673032,0.23776408107319025,0.03096257137118375,0.11560444443899676,0.11489640032112669,0.30423480757838206,0.16801007444643867,0.2158179549700343,0.050473746873837766,11.300000000000004,11.950000000000003,-0.508980926129348,0.6321225959743421,0.7337082981561279,0.6086902225500794
1671,2024,MA,0.16988355499063965,0.10652157049534436,0.13998763018941818,0.24978309730864917,0.11512105448263532,0.09912245451817947,0.11958063801513386,0.07327380899864341,0.22496156608950993,0.1687360302161514,0.2962441611087138,0.108876964092112,0.10687804702018933,0.021029422474680093,-14.799999999999997,-14.05,-0.07233713120201274,2.460702797518993,0.8720925305051306,0.7812969074666867
1672,2024,KY,0.09077109752634288,0.06630222796860877,0.10111569902363068,0.23509541200187023,0.14211165129295517,0.1468159993388437,0.21778791284774857,0.034478881119596565,0.1265515474905612,0.12246815278953344,0.30929458279567534,0.16207045082795934,0.1997334681759284,0.04540291680074571,15.200000000000003,15.8,-0.34075438905394834,0.38491268380806015,0.7548636150233259,0.6353960878134077
1673,2024,MO,0.09376713468503615,0.06810103581758155,0.10323161624214555,0.2371277496754946,0.1414154313068744,0.14460190998031408,0.21175512229255367,0.02579802041123412,0.09880103198975572,0.10225288605288962,0.29226982543051244,0.1763279413185178,0.24427774346607267,0.06027255133101761,9.899999999999999,10.299999999999997,-0.5145966641499452,0.6444304890417939,0.6954497052029097,0.6436429677271323
1674,2024,NC,0.12358746017181957,0.0847791837450117,0.12122460241724389,0.24936843792737778,0.13215523776255367,0.12422731179250213,0.16465776618349126,0.03336206753330643,0.12311672379050026,0.12014788630610854,0.3079137952619504,0.16396153709690287,0.20459474353952223,0.04690324647170929,3.0,3.349999999999998,-0.2569947703144178,0.6448107169472856,0.7485020099887685,0.7111149220240066
1675,2024,AR,0.08411808955798387,0.062224812255512754,0.09619558278209447,0.2299209899740879,0.14340396374698822,0.15180534544220026,0.2323312162411325,0.01933098821401837,0.07646920130717028,0.08345854371601479,0.2662880154966,0.1840571127920072,0.2910678250379847,0.07932831343620472,15.5,15.0,-0.4026203805232346,0.03618568148535018,0.6296038615258106,0.6158634383166672
1676,2024,MN,0.11284607821161274,0.07902389843947236,0.11535174760709713,0.24642061919670627,0.13583975486598776,0.13118393006095275,0.179333971618171,0.03874007334720723,0.13930769434992446,0.13064829015582588,0.3129345222188647,0.15491936589849797,0.18301037343533222,0.04043968059434755,-1.6000000000000014,-1.4000000000000021,-0.30533773010306353,1.3791190631868897,0.7765499459703202,0.6894820983208763
1677,2024,TN,0.07442502283692941,0.056076213891292345,0.08845326280934052,0.22053581515967866,0.14447428233509946,0.15915325357019117,0.25688214939746845,0.022409441032574525,0.08728473993650514,0.09285124035497812,0.2805202291589107,0.18099319416655585,0.2669586661544362,0.06898248919603944,13.800000000000004,14.200000000000003,-0.40954528495737175,0.39966951374008214,0.6640588446495244,0.5839645970323404
1678,2024,KS,0.10027396280651958,0.07192881135969169,0.10762203403943549,0.24096515803290214,0.1397067832671286,0.13988402631539387,0.19961922417892863,0.02531766083135401,0.0971927028911413,0.10097639442881222,0.2908183035839654,0.1770440163128716,0.24727656277552035,0.06137435917633516,9.300000000000004,9.950000000000003,-0.3770407507225223,0.7340756888927652,0.6913490780481445,0.6604967495056775
1679,2024,WI,0.09666399364411629,0.06981845312333476,0.105220401962827,0.23893016866864059,0.14068535838295115,0.14248515744856938,0.20619646676956083,0.035005697744699533,0.1281584134126113,0.12353634540172864,0.3098792471196628,0.16117923956707902,0.1975141766440991,0.044726880110119605,1.8999999999999986,1.5,-0.2917517072467476,1.1383653419056854,0.7577589432457813,0.6513183757818698
1680,2024,IN,0.09334606266057277,0.06784961710281648,0.1029378946897265,0.23685266058889548,0.14151705704182138,0.14491162375861966,0.21258508415754773,0.026842560586302605,0.10227122216292855,0.10496720199740159,0.2952074729447465,0.17472556048503607,0.23798131286003543,0.05800466896354928,10.100000000000001,10.45,-0.41400948094013323,0.6655324349038901,0.7040140181764153,0.6425032920838326
1681,2024,CT,0.160420607701165,0.10246712158298843,0.13692429177477572,0.25092721984252914,0.11860125750714023,0.10366058911640808,0.1269989124749934,0.04922869397907776,0.1684820909305318,0.14684400416124466,0.31398042666191944,0.13847876428679384,0.15122493547174665,0.031761084508685866,-7.699999999999996,-6.449999999999999,-0.238154794290648,2.07624905365422,0.8170139800195675,0.7693404984085985
1682,2024,NJ,0.11747732375515176,0.08153952266434962,0.11796310308944533,0.24786599906203277,0.1342830715650466,0.12812948479839392,0.17274149506558,0.047966252358029635,0.16512984513018647,0.14515685211874563,0.3142973560680944,0.1403459951479099,0.1544920729175212,0.03261162625951275,-5.5,-5.100000000000001,-0.04189857952186224,1.9832034460870829,0.812896300822966,0.6991290201360261
1683,2024,AL,0.08636187332368674,0.06361281995835853,0.0978897058301097,0.23177282288704393,0.14301118728262774,0.15011336257629415,0.22723822814187922,0.017931808197362224,0.07143875182641968,0.07889962069666384,0.2584514939326697,0.18485836809794404,0.303316969609434,0.08510298763950652,15.100000000000001,15.55,-0.4103839212065021,0.09687171972224047,0.6115800427510595,0.6226484092818266
1684,2024,OR,0.17305816042544872,0.10783856233015413,0.1409362959770517,0.24929369749943375,0.11396450902841393,0.09766083334504183,0.11724794139445593,0.05842062342927798,0.19166610356901861,0.15730900429535605,0.3092646027791191,0.12586692631486796,0.13082766034751447,0.026645079264845828,-6.5,-6.75,-0.24207789796592477,1.6276027588223398,0.8425272603876397,0.7850912252605022
1685,2024,SD,0.08791040981705342,0.06456309302329702,0.09903810914109706,0.23298638067889038,0.14271359222274804,0.14895067178759813,0.22383774332931594,0.022053094576997227,0.08605025458492425,0.09180703218615667,0.279062733843848,0.18141873023334215,0.2695653191137316,0.0700428354610001,14.899999999999999,15.149999999999999,-0.5116855023403896,0.8163313921406327,0.6603918454252683,0.6272115848830859
1686,2024,LA,0.08791560618529298,0.06456627133004236,0.09904193448826296,0.23299036642420673,0.14271255892470786,0.14894677802690703,0.22382648462058008,0.024797111667270836,0.09544087061068443,0.09957261048074229,0.28917016915220783,0.17780285068043522,0.2506029371055122,0.06261345030314724,11.600000000000001,11.8,-0.19656001601594103,0.3712027647006779,0.6867836125913406,0.6272267373525129
1687,2024,DC,0.32451321540488354,0.14825909292885775,0.15338022439054422,0.19793420640185333,0.06937369210120492,0.05184547334125733,0.054694095431398915,0.16083456653541617,0.3465919672367107,0.17243081325965182,0.20667639727581055,0.05641230656903129,0.048269965014903105,0.008783984108476361,-41.5,-41.75,0.10500622946038472,2.460702797518993,0.9429460508766205,0.8934604312273438
1688,2024,CA,0.15382828304688098,0.0995270028476117,0.13457229906933765,0.25141379814786285,0.12104655626638916,0.1069903926987209,0.13262166792319674,0.05687487633086631,0.18791323524301112,0.155756265026835,0.3103023675660201,0.127868270916217,0.1338918818825623,0.027393103034488164,-12.600000000000001,-13.55,-0.11388999911534245,1.7532171092373596,0.8387150150829495,0.7603879393780824
1689,2024,CO,0.131224668718594,0.08870351152187417,0.12501998524668512,0.25066474444126025,0.12941075481028919,0.11955346742941553,0.15542286783188175,0.05319762391225001,0.17875170543174618,0.1517374465397527,0.31240772110176773,0.1328218614098794,0.1417417290084334,0.029341912596170583,-5.0,-3.900000000000002,-0.3850070116135597,1.6474701511308325,0.828916358395396,0.7250236647387027
1690,2024,NM,0.11809602947600849,0.08187165413350382,0.11830275015674643,0.2480384306807909,0.13407109711425536,0.1277277364755337,0.1718923019631613,0.03281722606859581,0.12142691717600229,0.11898785706293705,0.30716695230841107,0.1648837679689925,0.20704685761715613,0.04767042179790515,-3.3999999999999986,-4.75,-0.28649099962806945,0.8990058621324144,0.7452827205849387,0.700379961561305
1691,2024,IL,0.14730511603133617,0.09652266152507097,0.13205936511873093,0.2516104546841423,0.12347331209402579,0.11042879688571672,0.13860029366097715,0.048514016494703195,0.16658952424918058,0.1458969594961938,0.3141718087176776,0.1395318165369408,0.15305854438018907,0.03223733012511498,-6.299999999999997,-6.800000000000001,-0.14207015646686802,1.5241588690599683,0.814704125494696,0.7509709094533061
1692,2024,PA,0.12285737368352276,0.08439679115350388,0.12084562657545683,0.2492117364788946,0.1324131869135824,0.12468592528845934,0.1655893599065802,0.036338717607738734,0.13218641123312064,0.12616596148816675,0.31117999382675915,0.15893055336915607,0.19209844459871683,0.04309991787634182,1.8999999999999986,2.1999999999999993,-0.25130891466504374,1.1063916256608226,0.7648016375249413,0.7097247148049605
1693,2024,TX,0.11058960085413753,0.07777924740888033,0.11403452312915624,0.24561304278955964,0.13657649596602706,0.1327021152663843,0.18270497458585488,0.02945312825602142,0.11078426204815639,0.11139751615426524,0.3013617051266008,0.17052220162584975,0.22347954194867192,0.05300164484043446,5.200000000000003,5.650000000000002,-0.42700332773993077,0.6595257274193399,0.7235188132108936,0.6845929101477608
1694,2024,SC,0.11939184977428327,0.08256427783610387,0.11900718192711998,0.24838438847204386,0.1336243993053785,0.12689114487176878,0.17013675781330173,0.026244014085466776,0.10028724812118714,0.10342203308104356,0.2935599620035926,0.17565083850743202,0.24155242456970016,0.05928347963157776,8.200000000000003,8.499999999999993,-0.42570826353441504,0.4972749646413706,0.6991640957987221,0.7029720973149295
1695,2024,MS,0.10843474580047927,0.07657896729787012,0.112748552931595,0.2447751675110692,0.1372647498583991,0.13417001800862327,0.18602779859196406,0.018566180870574243,0.07372852285468591,0.08098991815864999,0.26212146158628724,0.18455203209235804,0.2976558682475853,0.0823860161898593,10.700000000000003,11.25,-0.3979888816044487,0.005063723428407431,0.6199581155625554,0.6798021833994127
1696,2024,IA,0.10261348435211677,0.07327892467770901,0.10913398246766959,0.24216544554637914,0.13903655901748002,0.13822162398487292,0.19554997995377255,0.02953929637060722,0.11106141954768946,0.11160146376839006,0.3015383876173417,0.1703799824511555,0.2230286874945081,0.05285076275030798,6.200000000000003,5.600000000000001,-0.44144107527790793,1.2494683310780539,0.7241205497551839,0.6662283960613545
1697,2024,MD,0.1418477878350726,0.09393551637281952,0.129808896571932,0.25153330312763555,0.12550120952570032,0.11341964727730991,0.1439536392895301,0.04796142442738773,0.16511694432909516,0.14515027332251706,0.3142983788806859,0.14035319840103655,0.1545048186686767,0.032614961970600875,-14.699999999999996,-13.45,0.0024423194595574976,1.728441460561003,0.8128802193607224,0.74262671343316
1698,2024,WA,0.16339753712117927,0.10376353844029146,0.1379268614098858,0.25062091154682414,0.11750182353105276,0.10220295572106564,0.12458637222970093,0.06047365204331677,0.19656296453177186,0.15925385170341133,0.30776680700863895,0.12328097074121369,0.12695267835548096,0.02570907561616642,-8.100000000000001,-8.05,-0.19631240943101017,1.7067333911395577,0.8473382460283526,0.7732106720492334
1699,2024,VA,0.12736587793810228,0.08673792333168703,0.12314045967287043,0.2500859800402652,0.13080700497957998,0.12188688945367132,0.15997586458382373,0.043883408959747384,0.15399560389550193,0.13923190498584823,0.31458489922617067,0.14660366408865566,0.166015617430065,0.03568490141401115,-2.8999999999999986,-2.3000000000000007,-0.1560246431106161,1.2225054431613385,0.7982994811559239,0.7181372459625049
1700,2024,FL,0.1045889722188834,0.0744082766513565,0.11038395310650342,0.24310978440383701,0.138450906597559,0.13683286167344888,0.1922252453484118,0.03190862289122697,0.11858812287675302,0.11701137604891382,0.305808298220783,0.16641886355259228,0.21125959108528503,0.0490051253244459,4.300000000000004,3.6000000000000014,-0.2584889347709275,1.4047957465247334,0.7397352835902691,0.6709418929781393
1701,2024,ME,0.16264307848165682,0.10343680890243417,0.13767620797975227,0.2507033881471271,0.11778010769060687,0.10256971979600493,0.1251906890024178,0.047238565084509486,0.16317837555268663,0.1441541852882407,0.31443455606722936,0.14143703761372362,0.15643545472360354,0.033121825670006655,-2.8999999999999986,-2.0500000000000007,-0.22201753147469866,1.8418814540693704,0.8104427196063898,0.7722395912015773
1702,2024,UT,0.1441396666358946,0.09503026094504713,0.1307708234716786,0.251594012469816,0.12465034242878836,0.11215066525119788,0.14166422879757745,0.033618687255448684,0.12390940355849935,0.1206878283627848,0.30824860175847013,0.1635269746334439,0.20345839739975669,0.046550107031596455,11.200000000000003,5.300000000000001,-0.6635162348712151,0.22373249537472245,0.7499914955686469,0.7461851059512247
1703,2024,OK,0.09275635395143247,0.0674967432279433,0.10252453964909444,0.23646167577692134,0.141657362375038,0.1453462024799096,0.21375712253966084,0.025788809352713837,0.09877026591666727,0.1022285779369682,0.2922426031045222,0.1763418053205279,0.2443346215978014,0.06029331677079919,18.500000000000007,18.85,-0.49142460529061716,0.36295612549334894,0.6953720616313994,0.6408966749804296
1704,2024,AZ,0.09740245454387406,0.07025283634736618,0.10571854781636894,0.23936508591896027,0.14049107952669226,0.14194964417016798,0.2048203516765703,0.034621400875310605,0.12698709590326404,0.12275877562102949,0.3094568511689224,0.1618292586000437,0.19912852427498695,0.045218093556442795,2.200000000000003,2.400000000000002,-0.32994777849492113,1.116939712858442,0.7556533821685703,0.6532300041532617
1705,2024,WV,0.07492983476355063,0.056402599390119976,0.08887396497374672,0.22108432445115375,0.14444764297355311,0.15877157514393025,0.25549005830394556,0.021951188431240186,0.08569639059792655,0.09150639681898338,0.2786373896673602,0.18153754348482198,0.2703191481782855,0.07035194282138224,21.699999999999996,22.099999999999994,-0.3904043855200383,-0.09542267243243435,0.6593289090003323,0.5857383665521242
1706,2024,WY,0.09897263387764009,0.07117186459550416,0.10676597649619465,0.2402577335826463,0.14006772038889825,0.14081677917298763,0.20194729188612892,0.02559334143495859,0.09811669576330867,0.10171118107901708,0.2916593221341238,0.1766348115049594,0.24554736334146787,0.060737284742164555,23.000000000000007,22.550000000000004,-0.7450168713639796,0.4890558054240042,0.6937153519163676,0.6572359289408835
1707,2024,DE,0.1455427909518879,0.09569458570370554,0.13134766609309254,0.25161074840175723,0.1241288019146094,0.11138304998229598,0.1402923569526514,0.05140639289145058,0.17416687298243036,0.14960383563940632,0.3132180904723278,0.1353347370973963,0.14588112354125304,0.03038894737573561,-7.100000000000001,-5.650000000000002,-0.2046428519165026,1.2109100524145213,0.8237299290830113,0.7483245930650526
1708,2024,NH,0.14292715929417757,0.09445258276687252,0.13026498485733415,0.2515671287989867,0.12510067553850612,0.11281966060599191,0.14286780813813105,0.05700643538753631,0.18823487628893373,0.15589146502668008,0.3102172814620328,0.12769609363504553,0.1336259433102006,0.02732790488957093,-1.5,-0.5500000000000007,-0.32862175657290976,1.989289309244039,0.8390461518002285,0.744312531255877
1709,2024,HI,0.10276902119809996,0.07336819637767496,0.10923327862598683,0.24224205934866389,0.1389910800484374,0.1381117787677566,0.19528458563338036,0.05416140574620349,0.18118517141490653,0.15283662726906144,0.311910039488226,0.13149702798532825,0.13960339473419592,0.028806333362078385,-12.600000000000001,-14.350000000000001,-0.2037380677756547,1.9383768089980096,0.8315902719037257,0.666603635598863
1710,2024,NV,0.09712186636153465,0.07008794966940061,0.10552968970318011,0.23920098418517816,0.14056527162462007,0.1421529177015073,0.20534132075457912,0.03635851426596797,0.1322458244304845,0.12620423620166205,0.31119746040928,0.15889725099681518,0.19202009898698646,0.04307661470880386,0.8000000000000043,0.10000000000000142,-0.3920415584670925,1.5530655112829717,0.7649032863042097,0.6525057615439136
1711,2024,ND,0.062050422033858965,0.04785963394839407,0.07750489817981851,0.20471762768593582,0.14379142299858505,0.1682202548056918,0.2958557403477158,0.018712064254171715,0.07425296784298148,0.08146510443037873,0.26293752670883325,0.1844677364749669,0.2963795100391585,0.08178509024950942,18.199999999999996,17.549999999999997,-0.5322673800679879,0.48784735119619055,0.6218353997113321,0.5359240048465924
1712,2024,RI,0.15581164342619222,0.10042165567871078,0.1352993584933337,0.25129639263770215,0.12030966612112814,0.10597355380887385,0.13088772983405916,0.0449343801901393,0.15690510726240353,0.1408281069663612,0.3146286485794224,0.14496166149081946,0.16289972136480502,0.03484237414604907,-8.299999999999997,-7.75,-0.07363600911119196,2.234439863032592,0.8022579044891459,0.763138716357067
1713,2024,VT,0.2539969987411745,0.13457506575279482,0.15418482722720905,0.22576520785507515,0.08745678132573109,0.06854433053805131,0.07547678855996409,0.11884681759483706,0.3014253594287107,0.17883630014577184,0.24700645626705953,0.07471282669982715,0.06673614283330476,0.01243609703048898,-16.2,-16.0,0.10500622946038472,2.384986255439885,0.9208277601362063,0.8559788809019846
1714,2024,MT,0.08959740540553192,0.06559125020308347,0.10027013641050275,0.23425054485451025,0.14236646100409933,0.14768957507958957,0.2202346270426827,0.03511678716452724,0.12849616357401591,0.12375947633358891,0.30999728939313,0.16099144932850606,0.19705203954273598,0.04458679466349591,10.0,10.05,-0.575267008978168,0.8919851451739362,0.7583611657937681,0.6320757978777277
1715,2024,AK,0.11314088208675864,0.07918558843895616,0.11552164458985167,0.24652099779199094,0.13574237644673715,0.13098702545640062,0.17890148518930482,0.029727510284367965,0.11166596171057741,0.11204514533499912,0.3019188204646988,0.17006876511879587,0.22204972346058793,0.05252407362597289,5.899999999999999,5.549999999999997,-0.40913481380425765,0.46344432900399,0.7254262029134392,0.6901114893542946
